
-- phpMyAdmin SQL Dump
-- version 3.5.2.2
-- http://www.phpmyadmin.net
--
-- Host: localhost
-- Generation Time: Oct 25, 2014 at 02:15 PM
-- Server version: 5.1.66
-- PHP Version: 5.2.17

SET SQL_MODE="NO_AUTO_VALUE_ON_ZERO";
SET time_zone = "+00:00";


/*!40101 SET @OLD_CHARACTER_SET_CLIENT=@@CHARACTER_SET_CLIENT */;
/*!40101 SET @OLD_CHARACTER_SET_RESULTS=@@CHARACTER_SET_RESULTS */;
/*!40101 SET @OLD_COLLATION_CONNECTION=@@COLLATION_CONNECTION */;
/*!40101 SET NAMES utf8 */;

--
-- Database: `u411577503_db`
--

-- --------------------------------------------------------

--
-- Table structure for table `Category`
--

CREATE TABLE IF NOT EXISTS `Category` (
  `id` int(11) NOT NULL AUTO_INCREMENT,
  `type` enum('+','-') NOT NULL DEFAULT '-',
  `name` varchar(128) NOT NULL,
  PRIMARY KEY (`id`)
) ENGINE=MyISAM  DEFAULT CHARSET=utf8 AUTO_INCREMENT=13 ;

--
-- Dumping data for table `Category`
--

INSERT INTO `Category` (`id`, `type`, `name`) VALUES
(1, '-', 'Развлечения'),
(2, '-', 'Еда/дом'),
(3, '-', 'Транспорт/Бензин'),
(4, '-', 'Платежи'),
(5, '-', 'Одежда'),
(6, '+', 'Зарплата'),
(7, '+', 'Подработка'),
(8, '-', 'Разное'),
(9, '-', 'Красота/здоровье'),
(10, '-', 'Подарки'),
(11, '-', 'Вещи'),
(12, '-', 'Обед');

-- --------------------------------------------------------

--
-- Table structure for table `Entry`
--

CREATE TABLE IF NOT EXISTS `Entry` (
  `id` int(11) NOT NULL AUTO_INCREMENT,
  `name` varchar(128) DEFAULT NULL,
  `user_id` int(11) DEFAULT '1',
  `category_id` int(11) DEFAULT NULL,
  `date` date DEFAULT NULL,
  `sum` float(12,2) NOT NULL,
  PRIMARY KEY (`id`),
  KEY `id` (`id`),
  KEY `id_2` (`id`),
  KEY `user_id` (`user_id`),
  KEY `category_id` (`category_id`)
) ENGINE=MyISAM  DEFAULT CHARSET=utf8 AUTO_INCREMENT=6126 ;

--
-- Dumping data for table `Entry`
--

INSERT INTO `Entry` (`id`, `name`, `user_id`, `category_id`, `date`, `sum`) VALUES
(1, 'Debt', 1, 7, '2011-04-17', 100.00),
(2, 'Buy Shoes', 1, 7, '2011-04-17', 100.00),
(3, 'Shoes', 1, 5, '2011-04-17', 190.00),
(4, 'Ticket', 1, 1, '2011-04-17', 100.00),
(5, 'Marlboro', 1, 7, '2011-04-17', 10.00),
(6, 'Soup', 1, 8, '2011-04-17', 1.75),
(7, 'Buy Shoes', 1, 5, '2011-04-17', 100.00),
(8, 'Inteh', 1, 8, '2011-04-18', 75.00),
(9, 'Sold headphones', 1, 7, '2011-04-18', 90.00),
(10, 'Transit', 1, 3, '2011-04-18', 2.00),
(11, 'Panel', 1, 8, '2011-04-20', 168.00),
(12, 'Shop', 1, 8, '2011-04-20', 46.00),
(13, 'To grandma', 1, 8, '2011-04-20', 20.00),
(14, 'Tsybenko', 1, 7, '2011-04-20', 210.00),
(15, 'Granny Luba', 1, 7, '2011-04-20', 100.00),
(16, 'Courier arrival', 1, 6, '2011-04-21', 45.00),
(17, 'Bread', 1, 7, '2011-04-21', 3.00),
(18, 'Bread', 1, 2, '2011-04-21', 4.25),
(19, 'To Vika', 1, 8, '2011-04-21', 10.00),
(20, 'Cigarettes', 1, 1, '2011-04-21', 10.00),
(21, 'Vika', 1, 7, '2011-04-21', 6.00),
(22, 'Some Shit', 1, 8, '2011-04-21', 35.00),
(23, 'To buy some shit', 1, 7, '2011-04-21', 35.00),
(24, 'Grandma', 1, 7, '2011-04-22', 50.00),
(25, 'Transit', 1, 3, '2011-04-22', 4.00),
(26, 'Cigarettes', 1, 1, '2011-04-22', 10.00),
(27, 'Salary', 1, 6, '2011-04-22', 590.00),
(28, 'Fuel', 1, 3, '2011-04-24', 30.00),
(29, 'Grandma', 1, 7, '2011-04-24', 100.00),
(30, 'Transit', 1, 3, '2011-04-26', 18.00),
(31, 'Courier arrival', 1, 6, '2011-04-26', 60.00),
(32, 'Cigarettes', 1, 1, '2011-04-26', 10.00),
(33, 'Tickets', 1, 1, '2011-04-26', 123.50),
(34, 'Bread', 1, 2, '2011-04-26', 4.00),
(35, 'Transit', 1, 3, '2011-04-27', 26.00),
(36, 'Shop', 1, 8, '2011-04-27', 26.00),
(37, 'Transit ticket', 1, 8, '2011-04-27', 26.00),
(38, 'Courier arrival', 1, 6, '2011-04-27', 60.00),
(39, 'Transit', 1, 3, '2011-04-28', 2.00),
(40, 'Courier arrival', 1, 6, '2011-04-28', 15.00),
(41, 'Some shit', 1, 1, '2011-04-28', 111.00),
(42, 'Dad', 1, 7, '2011-04-28', 70.00),
(43, 'Vika', 1, 7, '2011-04-29', 5.00),
(44, 'Courier arrival', 1, 6, '2011-04-29', 20.00),
(45, 'Transit', 1, 3, '2011-04-29', 8.50),
(46, 'Some Shit', 1, 1, '2011-04-29', 24.00),
(47, 'Transit', 1, 3, '2011-04-30', 1.00),
(48, 'Shop', 1, 8, '2011-05-01', 23.00),
(49, 'Fish', 1, 7, '2011-05-01', 5.00),
(50, 'Courier arrival', 1, 6, '2011-05-04', 55.00),
(51, 'Transit', 1, 3, '2011-05-04', 5.00),
(52, 'Courier arrival', 1, 6, '2011-05-05', 90.00),
(53, 'Transit', 1, 3, '2011-05-05', 15.00),
(54, 'Cigarettes', 1, 1, '2011-05-05', 12.00),
(55, 'Courier arrival', 1, 6, '2011-05-05', 159.00),
(56, 'Transit', 1, 3, '2011-05-05', 10.00),
(57, 'Grandma', 1, 7, '2011-05-08', 10.00),
(58, 'Sunflower seeds', 1, 2, '2011-05-08', 1.20),
(59, 'Shop', 1, 2, '2011-05-09', 23.00),
(60, 'Courier arrival', 1, 6, '2011-05-10', 80.00),
(61, 'Transit', 1, 3, '2011-05-10', 12.50),
(62, 'Transit', 1, 3, '2011-05-11', 12.00),
(63, 'Courier arrival', 1, 6, '2011-05-11', 160.00),
(64, 'Cigarettes', 1, 1, '2011-05-11', 7.00),
(65, 'Transit', 1, 3, '2011-05-12', 7.50),
(66, 'Courier arrival', 1, 6, '2011-05-12', 110.00),
(67, 'Courier arrival', 1, 6, '2011-05-13', 64.00),
(68, 'Pension', 1, 6, '2011-05-13', 410.00),
(69, 'Cigarettes', 1, 1, '2011-05-14', 10.00),
(70, 'Crayfish', 1, 2, '2011-05-15', 25.00),
(71, 'Transit', 1, 3, '2011-05-16', 5.00),
(72, 'Holding', 1, 7, '2011-05-16', 70.00),
(73, 'Fuel', 1, 3, '2011-05-16', 30.00),
(74, 'Cigarettes', 1, 1, '2011-05-16', 10.00),
(75, 'За рачки', 1, 7, '2011-05-17', 25.00),
(76, 'Transit', 1, 3, '2011-05-17', 5.00),
(77, 'Courier arrival', 1, 6, '2011-05-17', 110.00),
(78, 'Chips', 1, 2, '2011-05-17', 16.00),
(79, 'Cigarettes', 1, 1, '2011-05-18', 7.00),
(80, 'Courier arrival', 1, 7, '2011-05-18', 80.00),
(81, 'Transit', 1, 3, '2011-05-18', 7.50),
(82, 'Chips', 1, 2, '2011-05-18', 9.00),
(83, 'Transit', 1, 3, '2011-05-19', 7.50),
(84, 'Pizza', 1, 2, '2011-05-19', 40.00),
(85, 'Cigarettes', 1, 1, '2011-05-20', 10.00),
(86, 'Transit', 1, 3, '2011-05-20', 5.00),
(87, 'Courier arrival', 1, 6, '2011-05-20', 45.00),
(88, 'Icecream', 1, 2, '2011-05-20', 6.00),
(89, 'Courier arrival', 1, 6, '2011-05-20', 19.00),
(90, 'Sunflower seeds', 1, 1, '2011-05-21', 1.15),
(91, 'Cigarettes', 1, 1, '2011-05-21', 10.00),
(92, 'Penalty', 1, 4, '2011-05-23', 270.00),
(93, 'Courier arrival', 1, 6, '2011-05-23', 65.00),
(94, 'Water', 1, 8, '2011-05-23', 5.50),
(95, 'Cigarettes', 1, 1, '2011-05-24', 10.00),
(96, 'Yoghurt', 1, 2, '2011-05-24', 7.00),
(97, 'Transit', 1, 3, '2011-05-24', 5.00),
(98, 'Courier arrival', 1, 6, '2011-05-24', 60.00),
(99, 'Transit', 1, 3, '2011-05-25', 15.00),
(100, 'Courier arrival', 1, 6, '2011-05-25', 85.00),
(101, 'Transit', 1, 3, '2011-05-26', 8.00),
(102, 'Holding', 1, 7, '2011-05-26', 78.00),
(103, 'Courier arrival', 1, 6, '2011-05-26', 45.00),
(104, 'Sunflower seeds', 1, 2, '2011-05-26', 1.50),
(105, 'Haircut', 1, 8, '2011-05-27', 45.00),
(106, 'Food', 1, 2, '2011-05-28', 96.00),
(107, 'Bar', 1, 1, '2011-05-28', 85.00),
(108, 'Cigarettes', 1, 1, '2011-05-28', 20.00),
(109, 'Cigarettes', 1, 1, '2011-05-30', 10.00),
(110, 'Cigarettes', 1, 1, '2011-06-01', 10.00),
(111, 'Cigarettes', 1, 1, '2011-06-03', 10.00),
(112, 'Transit', 1, 3, '2011-06-03', 2.50),
(113, 'Inteh', 1, 7, '2011-06-03', 25.00),
(114, 'Transit', 1, 3, '2011-06-06', 20.00),
(115, 'Cigarettes', 1, 1, '2011-06-06', 10.00),
(116, 'Courier arrival', 1, 7, '2011-06-06', 80.00),
(117, 'Beer', 1, 1, '2011-06-06', 16.00),
(118, 'Ticket (OE)', 1, 1, '2011-06-06', 140.00),
(119, 'Transit', 1, 3, '2011-06-07', 13.00),
(120, 'Courier arrival', 1, 6, '2011-06-07', 85.00),
(121, 'Cigarettes', 1, 1, '2011-06-07', 12.00),
(122, 'Icecream', 1, 2, '2011-06-07', 5.50),
(123, 'Courier arrival', 1, 6, '2011-06-08', 80.00),
(124, 'Inteh', 1, 7, '2011-06-08', 14.00),
(125, 'Life', 1, 4, '2011-06-08', 20.00),
(126, 'Transit', 1, 3, '2011-06-08', 16.00),
(127, 'Cigarettes', 1, 1, '2011-06-08', 10.00),
(128, 'Courier arrival', 1, 6, '2011-06-08', 85.00),
(129, 'Transit', 1, 3, '2011-06-10', 18.50),
(130, 'Drawings', 1, 8, '2011-06-10', 48.00),
(131, 'Broach', 1, 8, '2011-06-10', 50.00),
(132, 'Bun', 1, 8, '2011-06-10', 4.00),
(133, 'Water', 1, 2, '2011-06-10', 4.50),
(134, 'Courier arrival', 1, 6, '2011-06-10', 55.00),
(135, 'Cigarettes', 1, 1, '2011-06-11', 9.50),
(136, 'Beer', 1, 1, '2011-06-11', 14.00),
(137, 'Pension', 1, 6, '2011-06-12', 400.00),
(138, 'Cigarettes', 1, 1, '2011-06-13', 10.00),
(139, 'Transit', 1, 3, '2011-06-14', 26.00),
(140, 'Courier arrival', 1, 6, '2011-06-14', 100.00),
(141, 'Transit', 1, 3, '2011-06-15', 5.00),
(142, 'Cigarettes', 1, 1, '2011-06-15', 10.00),
(143, 'Yeast', 1, 8, '2011-06-15', 3.50),
(144, 'Transit', 1, 3, '2011-06-16', 18.00),
(145, 'Courier arrival', 1, 6, '2011-06-16', 130.00),
(146, 'Cigarettes', 1, 1, '2011-06-16', 10.00),
(147, 'Water', 1, 2, '2011-06-16', 4.00),
(148, 'Freebie', 1, 7, '2011-06-16', 20.00),
(149, 'TID Keyboards', 1, 8, '2011-06-17', 329.00),
(150, 'Help', 1, 8, '2011-06-17', 20.00),
(151, 'Kirill', 1, 7, '2011-06-17', 72.00),
(152, 'Cigarettes', 1, 1, '2011-06-17', 10.00),
(153, 'Cigarettes', 1, 1, '2011-06-20', 10.00),
(154, 'Pizza', 1, 2, '2011-06-20', 25.00),
(155, 'Transit', 1, 3, '2011-06-20', 5.00),
(156, 'Cigarettes', 1, 1, '2011-06-21', 15.00),
(157, 'Shop', 1, 8, '2011-06-21', 4.50),
(158, 'Buy Sunflower seeds', 1, 7, '2011-06-21', 1.00),
(159, 'Transit', 1, 3, '2011-06-22', 2.50),
(160, 'Bank', 1, 8, '2011-06-22', 15.00),
(161, 'Courier arrival', 1, 6, '2011-06-22', 10.00),
(162, 'Shop', 1, 8, '2011-06-22', 18.00),
(163, 'Cigarettes', 1, 1, '2011-06-23', 10.00),
(164, 'Transit', 1, 3, '2011-06-23', 5.00),
(165, 'Transit', 1, 3, '2011-06-24', 7.50),
(166, 'Whiskey', 1, 1, '2011-06-24', 150.00),
(167, 'Inteh', 1, 7, '2011-06-24', 90.00),
(168, 'Beer', 1, 1, '2011-06-24', 23.00),
(169, 'Dad', 1, 7, '2011-06-25', 20.00),
(170, 'Transit', 1, 3, '2011-06-25', 3.50),
(171, 'Cigarettes', 1, 1, '2011-06-25', 10.00),
(172, 'Water', 1, 2, '2011-06-25', 7.00),
(173, 'Sunflower seeds', 1, 1, '2011-06-28', 1.50),
(174, 'Cigarettes', 1, 1, '2011-06-28', 10.00),
(175, 'Hookah tobacco', 1, 1, '2011-06-28', 25.00),
(176, 'Transit', 1, 3, '2011-06-29', 3.50),
(177, 'Transit', 1, 3, '2011-06-30', 3.50),
(178, 'Cigarettes', 1, 1, '2011-06-30', 10.00),
(179, 'Lunch', 1, 12, '2011-06-30', 8.00),
(180, 'Transit', 1, 3, '2011-07-01', 2.50),
(181, 'Lunch', 1, 12, '2011-07-01', 3.50),
(182, 'Sunflower seeds', 1, 2, '2011-07-01', 1.00),
(183, 'Cigarettes', 1, 1, '2011-07-03', 10.00),
(184, 'Lighter', 1, 8, '2011-07-03', 3.00),
(185, 'Chips', 1, 1, '2011-07-03', 4.00),
(186, 'Inteh', 1, 7, '2011-07-04', 68.00),
(187, 'Lunch', 1, 12, '2011-07-04', 10.00),
(188, 'Chips', 1, 2, '2011-07-04', 10.00),
(189, 'Transit', 1, 3, '2011-07-05', 5.00),
(190, 'Lunch', 1, 12, '2011-07-05', 4.00),
(191, 'Transit', 1, 3, '2011-07-06', 5.00),
(192, 'Cigarettes', 1, 1, '2011-07-06', 10.00),
(193, 'Tenet', 1, 4, '2011-07-06', 10.00),
(194, 'Life', 1, 4, '2011-07-06', 20.00),
(195, 'Transit', 1, 3, '2011-07-07', 3.50),
(196, 'Shirts', 1, 5, '2011-07-07', 118.00),
(197, 'Lunch', 1, 12, '2011-07-07', 3.00),
(198, 'Transit', 1, 3, '2011-07-08', 5.00),
(199, 'Lunch', 1, 12, '2011-07-08', 2.00),
(200, 'Debt', 1, 7, '2011-07-08', 100.00),
(201, 'Cigarettes', 1, 1, '2011-07-08', 10.00),
(202, 'Cigarettes', 1, 1, '2011-07-09', 10.00),
(203, 'Transit', 1, 3, '2011-07-11', 5.00),
(204, 'Cigarettes', 1, 1, '2011-07-11', 9.50),
(205, 'Lunch', 1, 12, '2011-07-11', 10.00),
(206, 'Lunch', 1, 12, '2011-07-12', 3.00),
(207, 'Water', 1, 2, '2011-07-12', 6.00),
(208, 'Transit', 1, 3, '2011-07-12', 5.00),
(209, 'Transit', 1, 3, '2011-07-13', 5.00),
(210, 'Cigarettes', 1, 1, '2011-07-13', 9.50),
(211, 'Lunch', 1, 12, '2011-07-13', 3.00),
(212, 'Beer', 1, 1, '2011-07-13', 12.50),
(213, 'Debt', 1, 7, '2011-07-14', 200.00),
(214, 'Transit', 1, 3, '2011-07-14', 5.00),
(215, 'Cigarettes', 1, 1, '2011-07-14', 10.00),
(216, 'Cinema', 1, 1, '2011-07-14', 83.00),
(217, 'Pension', 1, 6, '2011-07-14', 17.00),
(218, 'Lunch', 1, 12, '2011-07-14', 10.00),
(219, 'Water', 1, 2, '2011-07-14', 10.00),
(220, 'Shop', 1, 2, '2011-07-14', 33.00),
(221, 'Bike.od.ua birthday', 1, 1, '2011-07-15', 70.00),
(222, 'Lunch', 1, 12, '2011-07-15', 2.00),
(223, 'Inteh', 1, 7, '2011-07-18', 20.00),
(224, 'Cigarettes', 1, 1, '2011-07-18', 10.00),
(225, 'Transit', 1, 3, '2011-07-20', 2.50),
(226, 'Cigarettes', 1, 1, '2011-07-20', 10.00),
(227, 'Debt', 1, 7, '2011-07-20', 110.00),
(228, 'Shurik birthday', 1, 8, '2011-07-21', 30.00),
(229, 'Lunch', 1, 12, '2011-07-21', 10.00),
(230, 'Water', 1, 2, '2011-07-21', 6.00),
(231, 'Sunflower seeds', 1, 2, '2011-07-21', 1.00),
(232, 'Transit', 1, 3, '2011-07-21', 5.00),
(233, 'Transit', 1, 3, '2011-07-23', 2.50),
(234, 'Cigarettes', 1, 1, '2011-07-23', 10.00),
(235, 'Beer', 1, 1, '2011-07-23', 10.00),
(236, 'Cigarettes', 1, 1, '2011-07-25', 7.50),
(237, 'Cigarettes', 1, 1, '2011-07-28', 10.00),
(238, 'Shawarma', 1, 2, '2011-07-28', 18.00),
(239, 'Salary', 1, 6, '2011-07-29', 620.00),
(240, 'Transit', 1, 3, '2011-07-29', 240.00),
(241, 'Life', 1, 4, '2011-07-29', 20.00),
(242, 'Cigarettes', 1, 1, '2011-07-29', 10.00),
(243, 'Car repairs', 1, 8, '2011-07-29', 460.00),
(244, 'Chips', 1, 2, '2011-07-30', 2.50),
(245, 'Petro', 1, 7, '2011-08-01', 15.00),
(246, 'Cigarettes', 1, 1, '2011-08-04', 30.00),
(247, 'Granny Vera', 1, 7, '2011-08-11', 200.00),
(248, 'Granny Luba', 1, 7, '2011-08-11', 100.00),
(249, 'Cigarettes', 1, 1, '2011-08-11', 6.50),
(250, 'Inteh', 1, 7, '2011-08-12', 40.00),
(251, 'Lunch', 1, 12, '2011-08-12', 20.00),
(252, 'Cigarettes', 1, 1, '2011-08-13', 10.00),
(253, 'Cigarettes', 1, 1, '2011-08-15', 10.00),
(254, 'Transit', 1, 3, '2011-08-15', 5.00),
(255, 'Bar', 1, 1, '2011-08-15', 45.00),
(256, 'Transit', 1, 3, '2011-08-16', 5.00),
(257, 'Cigarettes', 1, 1, '2011-08-17', 10.00),
(258, 'Lunch', 1, 12, '2011-08-17', 10.00),
(259, 'Transit', 1, 3, '2011-08-17', 5.00),
(260, 'Yarchuk birthday', 1, 8, '2011-08-18', 30.00),
(261, 'Lunch', 1, 12, '2011-08-18', 6.00),
(262, 'Cigarettes', 1, 1, '2011-08-18', 10.00),
(263, 'Inteh', 1, 7, '2011-08-19', 52.00),
(264, 'Lunch', 1, 12, '2011-08-19', 7.00),
(265, 'Fuel', 1, 3, '2011-08-19', 100.00),
(266, 'Transit', 1, 3, '2011-08-19', 2.50),
(267, 'Cigarettes', 1, 1, '2011-08-19', 10.00),
(268, 'Beer', 1, 1, '2011-08-20', 35.00),
(269, 'Haircut', 1, 8, '2011-08-21', 45.00),
(270, 'Cigarettes', 1, 1, '2011-08-21', 10.00),
(271, 'Inteh', 1, 7, '2011-08-22', 20.00),
(272, 'Lunch', 1, 12, '2011-08-22', 3.00),
(273, 'Inteh', 1, 7, '2011-08-23', 18.00),
(274, 'Lunch', 1, 12, '2011-08-23', 21.00),
(275, 'Birthday by Yesgroup', 1, 7, '2011-08-23', 350.00),
(276, 'Birthday', 1, 7, '2011-08-23', 300.00),
(277, 'Inteh', 1, 7, '2011-08-25', 153.00),
(278, 'Lunch', 1, 12, '2011-08-25', 20.00),
(279, 'Cigarettes', 1, 1, '2011-08-25', 15.00),
(280, 'Fuel', 1, 3, '2011-08-26', 50.00),
(281, 'Lunch', 1, 12, '2011-08-26', 12.00),
(282, 'Cigarettes', 1, 1, '2011-08-26', 12.00),
(283, 'Inteh', 1, 7, '2011-08-29', 88.00),
(284, 'Cigarettes', 1, 1, '2011-08-29', 15.00),
(285, 'Birthday', 1, 8, '2011-08-29', 323.00),
(286, 'Taxi', 1, 3, '2011-08-29', 57.00),
(287, 'Transit', 1, 3, '2011-08-30', 5.00),
(288, 'Lunch', 1, 12, '2011-08-30', 13.00),
(289, 'Cigarettes', 1, 1, '2011-08-31', 10.00),
(290, 'Inteh', 1, 7, '2011-08-31', 36.00),
(291, 'Lunch', 1, 12, '2011-08-31', 27.00),
(292, 'Cigarettes', 1, 1, '2011-09-01', 10.00),
(293, 'Lunch', 1, 12, '2011-09-01', 13.00),
(294, 'Cigarettes', 1, 1, '2011-09-02', 10.00),
(295, 'Transit', 1, 3, '2011-09-02', 5.00),
(296, 'Arrival', 1, 6, '2011-09-03', 50.00),
(297, 'Cigarettes', 1, 1, '2011-09-03', 20.00),
(298, 'Tenet', 1, 4, '2011-09-03', 10.00),
(299, 'Transit', 1, 3, '2011-09-04', 3.50),
(300, 'Beer', 1, 1, '2011-09-04', 22.00),
(301, 'Socks', 1, 8, '2011-09-04', 7.00),
(302, 'Transit', 1, 3, '2011-09-05', 5.00),
(303, 'Lunch', 1, 12, '2011-09-05', 9.00),
(304, 'Cigarettes', 1, 1, '2011-09-06', 10.00),
(305, 'Transit', 1, 3, '2011-09-06', 5.00),
(306, 'Lunch', 1, 12, '2011-09-06', 20.00),
(307, 'Transit', 1, 3, '2011-09-07', 5.00),
(308, 'Cigarettes', 1, 1, '2011-09-07', 10.00),
(309, 'Salary', 1, 6, '2011-09-07', 140.00),
(310, 'Transit', 1, 3, '2011-09-08', 5.00),
(311, 'Lunch', 1, 12, '2011-09-08', 9.00),
(312, 'Transit', 1, 3, '2011-09-09', 2.50),
(313, 'Lunch', 1, 12, '2011-09-09', 12.00),
(314, 'Salary', 1, 1, '2011-09-09', 324.00),
(315, 'Corporate party', 1, 1, '2011-09-09', 20.00),
(316, 'Taxi', 1, 3, '2011-09-09', 25.00),
(317, 'Transit', 1, 3, '2011-09-10', 2.50),
(318, 'Cigarettes', 1, 1, '2011-09-10', 10.00),
(319, 'Pizza', 1, 2, '2011-09-10', 60.00),
(320, 'Cigarettes', 1, 1, '2011-09-12', 10.00),
(321, 'Transit', 1, 3, '2011-09-12', 3.50),
(322, 'Inteh', 1, 7, '2011-09-12', 167.00),
(323, 'Lunch', 1, 12, '2011-09-12', 27.00),
(324, 'Cigarettes', 1, 1, '2011-09-13', 10.00),
(325, 'Life', 1, 4, '2011-09-13', 20.00),
(326, 'Transit', 1, 3, '2011-09-13', 7.50),
(327, 'Transit', 1, 3, '2011-09-14', 10.00),
(328, 'Accumulator', 1, 7, '2011-09-14', 80.00),
(329, 'Transit', 1, 3, '2011-09-15', 5.00),
(330, 'Lunch', 1, 12, '2011-09-15', 10.00),
(331, 'Cigarettes', 1, 1, '2011-09-16', 10.00),
(332, 'Transit', 1, 3, '2011-09-16', 5.00),
(333, 'Lunch', 1, 12, '2011-09-16', 17.00),
(334, 'McDonalds', 1, 2, '2011-09-18', 10.00),
(335, 'Inteh', 1, 7, '2011-09-19', 178.00),
(336, 'Lunch', 1, 12, '2011-09-19', 12.00),
(337, 'Tenet', 1, 4, '2011-09-19', 20.00),
(338, 'Cigarettes', 1, 1, '2011-09-20', 10.00),
(339, 'Lunch', 1, 12, '2011-09-20', 9.00),
(340, 'Inteh', 1, 7, '2011-09-20', 40.00),
(341, 'Transit', 1, 3, '2011-09-20', 1.00),
(342, 'Kolya', 1, 8, '2011-09-20', 50.00),
(343, 'Transit', 1, 3, '2011-09-21', 3.50),
(344, 'Salary', 1, 6, '2011-09-21', 540.00),
(345, 'Lunch', 1, 12, '2011-09-21', 6.50),
(346, 'Courier arrival', 1, 6, '2011-09-21', 10.00),
(347, 'Cigarettes', 1, 1, '2011-09-22', 9.50),
(348, 'Transit', 1, 3, '2011-09-22', 5.00),
(349, 'Lunch', 1, 12, '2011-09-22', 10.00),
(350, 'Transit', 1, 3, '2011-09-23', 2.50),
(351, 'Lunch', 1, 12, '2011-09-23', 10.00),
(352, 'Inteh', 1, 7, '2011-09-23', 18.00),
(353, 'Chips', 1, 2, '2011-09-23', 8.00),
(354, 'Cigarettes', 1, 1, '2011-09-23', 10.00),
(355, 'Samsung Focus', 1, 8, '2011-09-26', 1970.00),
(356, 'Transit', 1, 3, '2011-09-26', 5.00),
(357, 'Cigarettes', 1, 1, '2011-09-26', 10.00),
(358, 'Lunch', 1, 12, '2011-09-26', 12.00),
(359, 'Transit', 1, 3, '2011-09-27', 5.00),
(360, 'Lunch', 1, 12, '2011-09-27', 8.00),
(361, 'Transit', 1, 3, '2011-09-28', 5.00),
(362, 'Cigarettes', 1, 1, '2011-09-28', 9.50),
(363, 'Lunch', 1, 12, '2011-09-29', 16.50),
(364, 'Courier arrival', 1, 7, '2011-09-29', 15.00),
(365, 'Transit', 1, 3, '2011-09-30', 5.00),
(366, 'Cigarettes', 1, 1, '2011-09-30', 9.50),
(367, 'Lunch', 1, 12, '2011-09-30', 6.50),
(368, 'Tenet', 1, 4, '2011-10-02', 25.00),
(369, 'Haircut', 1, 8, '2011-10-02', 40.00),
(370, 'Cigarettes', 1, 1, '2011-10-02', 10.00),
(371, 'Lighter', 1, 8, '2011-10-02', 4.00),
(372, 'Transit', 1, 3, '2011-10-03', 2.50),
(373, 'Lunch', 1, 12, '2011-10-03', 10.00),
(374, 'Cigarettes', 1, 1, '2011-10-03', 10.00),
(375, 'Inteh', 1, 7, '2011-10-03', 42.00),
(376, 'Transit', 1, 3, '2011-10-04', 10.00),
(377, 'Lunch', 1, 12, '2011-10-04', 10.00),
(378, 'Sunflower seeds', 1, 2, '2011-10-04', 1.50),
(379, 'Cigarettes', 1, 1, '2011-10-05', 10.00),
(380, 'Lunch', 1, 12, '2011-10-05', 10.00),
(381, 'Life', 1, 4, '2011-10-05', 20.00),
(382, 'Inteh', 1, 7, '2011-10-05', 80.00),
(383, 'Transit', 1, 3, '2011-10-06', 5.00),
(384, 'Cigarettes', 1, 1, '2011-10-06', 10.00),
(385, 'Life', 1, 4, '2011-10-06', 30.00),
(386, 'Lunch', 1, 12, '2011-10-06', 27.00),
(387, 'Transit', 1, 3, '2011-10-07', 5.00),
(388, 'Inteh', 1, 7, '2011-10-07', 30.00),
(389, 'Lunch', 1, 12, '2011-10-07', 10.00),
(390, 'Pivdenniy VISA Card', 1, 8, '2011-10-07', 25.00),
(391, 'Transit', 1, 3, '2011-10-10', 5.00),
(392, 'Cigarettes', 1, 1, '2011-10-10', 10.00),
(393, 'Lunch', 1, 12, '2011-10-10', 15.00),
(394, 'Transit', 1, 3, '2011-10-11', 5.00),
(395, 'Cigarettes', 1, 1, '2011-10-11', 10.00),
(396, 'Lunch', 1, 12, '2011-10-11', 10.00),
(397, 'AC Adapter to Focus', 1, 8, '2011-10-11', 10.00),
(398, 'Salary', 1, 6, '2011-10-11', 620.00),
(399, 'Transit', 1, 3, '2011-10-12', 5.00),
(400, 'Lunch', 1, 12, '2011-10-12', 10.00),
(401, 'Cigarettes', 1, 1, '2011-10-12', 10.00),
(402, 'Salary', 1, 6, '2011-10-12', 395.00),
(403, 'Headphones', 1, 8, '2011-10-12', 180.00),
(404, 'Accumulator', 1, 7, '2011-10-13', 43.00),
(405, 'Transit', 1, 3, '2011-10-13', 5.00),
(406, 'Lunch', 1, 12, '2011-10-13', 10.00),
(407, 'Card debet', 1, 8, '2011-10-13', 30.00),
(408, 'Vika-s some ebay shit', 1, 7, '2011-10-13', 65.00),
(409, 'Transit', 1, 3, '2011-10-14', 10.00),
(410, 'Cigarettes', 1, 1, '2011-10-14', 10.00),
(411, 'Screwdrivers', 1, 8, '2011-10-14', 18.60),
(412, 'Guitar strings', 1, 8, '2011-10-14', 39.60),
(413, 'Guitar picks', 1, 8, '2011-10-14', 9.00),
(414, 'Vika-s some ebay shit', 1, 8, '2011-10-14', 8.20),
(415, 'Lunch', 1, 12, '2011-10-14', 17.00),
(416, 'Transit', 1, 3, '2011-10-17', 5.00),
(417, 'Cigarettes', 1, 1, '2011-10-17', 10.00),
(418, 'Vadim Birthday', 1, 8, '2011-10-17', 30.00),
(419, 'Lunch', 1, 12, '2011-10-17', 10.00),
(420, 'Transit', 1, 3, '2011-10-18', 5.00),
(421, 'Olya Birthday', 1, 8, '2011-10-18', 30.00),
(422, 'Cigarettes', 1, 1, '2011-10-18', 10.00),
(423, 'Lunch', 1, 12, '2011-10-18', 16.00),
(424, 'Transit', 1, 3, '2011-10-19', 5.00),
(425, 'Lunch', 1, 12, '2011-10-19', 7.50),
(426, 'Transit', 1, 3, '2011-10-20', 5.00),
(427, 'Cigarettes', 1, 1, '2011-10-20', 10.00),
(428, 'Lunch', 1, 12, '2011-10-20', 10.00),
(429, 'Transit', 1, 3, '2011-10-21', 2.50),
(430, 'Cigarettes', 1, 1, '2011-10-21', 10.00),
(431, 'Lunch', 1, 12, '2011-10-21', 10.00),
(432, 'Такси', 1, 3, '2011-10-21', 34.00),
(433, 'Shoes', 1, 5, '2011-10-21', 88.00),
(434, 'Transit', 1, 3, '2011-10-24', 5.00),
(435, 'Cigarettes', 1, 1, '2011-10-24', 10.00),
(436, 'Lunch', 1, 12, '2011-10-24', 10.00),
(437, 'Socks', 1, 8, '2011-10-24', 6.00),
(438, 'Life', 1, 4, '2011-10-24', 35.00),
(439, 'Screen protect film', 1, 8, '2011-10-24', 11.50),
(440, 'Transit', 1, 3, '2011-10-25', 5.00),
(441, 'Lunch', 1, 12, '2011-10-25', 10.00),
(442, 'Cigarettes', 1, 1, '2011-10-25', 10.00),
(443, 'Debt', 1, 7, '2011-10-25', 152.00),
(444, 'Fuel', 1, 3, '2011-10-26', 50.00),
(445, 'Chips', 1, 2, '2011-10-26', 36.00),
(446, 'Inteh', 1, 7, '2011-10-26', 200.00),
(447, 'Buy Headphones', 1, 7, '2011-10-26', 30.00),
(448, 'Transit', 1, 3, '2011-10-27', 5.00),
(449, 'Lunch', 1, 12, '2011-10-27', 24.00),
(450, 'Tenet', 1, 4, '2011-10-27', 25.00),
(451, 'Salary', 1, 6, '2011-10-27', 405.00),
(452, 'Inteh', 1, 7, '2011-10-28', 50.00),
(453, 'Transit', 1, 3, '2011-10-28', 3.50),
(454, 'Lunch', 1, 12, '2011-10-28', 10.00),
(455, 'Cigarettes', 1, 1, '2011-10-28', 10.00),
(456, 'Cigarettes', 1, 1, '2011-10-29', 10.00),
(457, 'Transit', 1, 3, '2011-10-31', 5.00),
(458, 'Cigarettes', 1, 1, '2011-10-31', 10.00),
(459, 'Lunch', 1, 12, '2011-10-31', 10.00),
(460, 'Transit', 1, 3, '2011-11-01', 5.00),
(461, 'Lunch', 1, 12, '2011-11-01', 10.00),
(462, 'Transit', 1, 3, '2011-11-02', 5.00),
(463, 'Cigarettes', 1, 1, '2011-11-02', 10.00),
(464, 'Lunch', 1, 12, '2011-11-02', 16.00),
(465, 'Transit', 1, 3, '2011-11-03', 5.00),
(466, 'Cigarettes', 1, 1, '2011-11-03', 10.00),
(467, 'Lunch', 1, 12, '2011-11-03', 10.00),
(468, 'Transit', 1, 3, '2011-11-04', 5.00),
(469, 'Lunch', 1, 12, '2011-11-04', 9.00),
(470, 'Cigarettes', 1, 1, '2011-11-04', 10.00),
(471, 'Salary', 1, 6, '2011-11-04', 650.00),
(472, 'To College', 1, 8, '2011-11-05', 110.00),
(473, 'Transit', 1, 3, '2011-11-06', 5.00),
(474, 'Pizza', 1, 2, '2011-11-06', 50.00),
(475, 'Cigarettes', 1, 1, '2011-11-06', 10.00),
(476, 'Transit', 1, 3, '2011-11-07', 5.00),
(477, 'Lunch', 1, 12, '2011-11-07', 10.00),
(478, 'Cigarettes', 1, 1, '2011-11-07', 10.00),
(479, 'Salary', 1, 6, '2011-11-07', 720.00),
(480, 'Transit', 1, 3, '2011-11-08', 5.00),
(481, 'Cigarettes', 1, 1, '2011-11-08', 10.00),
(482, 'Lunch', 1, 12, '2011-11-08', 7.00),
(483, 'Life', 1, 4, '2011-11-09', 10.00),
(484, 'Lunch', 1, 12, '2011-11-09', 20.00),
(485, 'Cigarettes', 1, 1, '2011-11-10', 10.00),
(486, 'Transit', 1, 3, '2011-11-10', 5.00),
(487, 'Lunch', 1, 12, '2011-11-10', 4.00),
(488, 'Transit', 1, 3, '2011-11-11', 5.00),
(489, 'Cigarettes', 1, 1, '2011-11-11', 12.00),
(490, 'Lighter', 1, 8, '2011-11-11', 2.00),
(491, 'Lunch', 1, 12, '2011-11-11', 10.00),
(492, 'Wallet', 1, 8, '2011-11-11', 73.00),
(493, 'Transit', 1, 3, '2011-11-13', 5.00),
(494, 'Cigarettes', 1, 1, '2011-11-13', 10.00),
(495, 'Transit', 1, 3, '2011-11-14', 5.00),
(496, 'Cigarettes', 1, 1, '2011-11-14', 10.00),
(497, 'Lunch', 1, 12, '2011-11-14', 10.00),
(498, 'Transit', 1, 3, '2011-11-15', 4.00),
(499, 'Cigarettes', 1, 1, '2011-11-15', 10.00),
(500, 'Salary', 1, 2, '2011-11-15', 80.00),
(501, 'Transit', 1, 3, '2011-11-16', 5.00),
(502, 'Tennis', 1, 1, '2011-11-16', 50.00),
(503, 'Transit', 1, 3, '2011-11-17', 5.00),
(504, 'Cigarettes', 1, 1, '2011-11-17', 10.00),
(505, 'Transit', 1, 3, '2011-11-18', 2.50),
(506, 'Cigarettes', 1, 1, '2011-11-18', 10.00),
(507, 'Lunch', 1, 12, '2011-11-18', 7.50),
(508, 'Pizza', 1, 2, '2011-11-19', 20.00),
(509, 'Cigarettes', 1, 1, '2011-11-19', 10.00),
(510, 'Transit', 1, 3, '2011-11-19', 2.50),
(511, 'Windows', 1, 7, '2011-11-19', 30.00),
(512, 'Life', 1, 4, '2011-11-19', 35.00),
(513, 'Transit', 1, 3, '2011-11-21', 5.00),
(514, 'Cigarettes', 1, 1, '2011-11-21', 10.00),
(515, 'Lunch', 1, 12, '2011-11-21', 10.00),
(516, 'Transit', 1, 3, '2011-11-22', 10.00),
(517, 'Cigarettes', 1, 1, '2011-11-22', 10.50),
(518, 'Lunch', 1, 12, '2011-11-22', 10.00),
(519, 'Fuel', 1, 3, '2011-11-23', 100.00),
(520, 'Inteh', 1, 7, '2011-11-23', 121.00),
(521, 'Tenet', 1, 4, '2011-11-23', 40.00),
(522, 'Cigarettes', 1, 1, '2011-11-23', 10.50),
(523, 'Lunch', 1, 12, '2011-11-23', 9.00),
(524, 'Arrival', 1, 6, '2011-11-23', 200.00),
(525, 'Transit', 1, 3, '2011-11-24', 5.00),
(526, 'Ticket', 1, 1, '2011-11-24', 40.00),
(527, 'Lunch', 1, 12, '2011-11-24', 10.00),
(528, 'Transit', 1, 3, '2011-11-25', 5.00),
(529, 'Cigarettes', 1, 1, '2011-11-25', 10.50),
(530, 'Lunch', 1, 12, '2011-11-25', 8.00),
(531, 'Koval birthday', 1, 8, '2011-11-25', 50.00),
(532, 'Vika Debt', 1, 7, '2011-11-25', 50.00),
(533, 'Cigarettes', 1, 1, '2011-11-28', 10.50),
(534, 'Lunch', 1, 12, '2011-11-28', 10.00),
(535, 'Возврат', 1, 7, '2011-11-28', 49.50),
(536, 'Inteh', 1, 7, '2011-11-29', 10.00),
(537, 'Lunch', 1, 12, '2011-11-29', 9.00),
(538, 'Cigarettes', 1, 1, '2011-11-29', 10.50),
(539, 'Transit', 1, 3, '2011-11-30', 5.00),
(540, 'Lunch', 1, 12, '2011-11-30', 11.50),
(541, 'Cigarettes', 1, 1, '2011-11-30', 10.50),
(542, 'Sunflower seeds', 1, 2, '2011-11-30', 1.50),
(543, 'Transit', 1, 3, '2011-12-01', 5.00),
(544, 'Lunch', 1, 12, '2011-12-01', 9.50),
(545, 'Transit', 1, 3, '2011-12-02', 2.50),
(546, 'Cigarettes', 1, 1, '2011-12-02', 10.50),
(547, 'Lunch', 1, 12, '2011-12-02', 32.00),
(548, 'Transit', 1, 3, '2011-12-03', 4.00),
(549, 'Inteh', 1, 7, '2011-12-03', 150.00),
(550, 'Cigarettes', 1, 1, '2011-12-03', 10.50),
(551, 'Sunflower seeds', 1, 2, '2011-12-03', 1.00),
(552, 'Chocolate', 1, 1, '2011-12-03', 10.00),
(553, 'Pizza', 1, 2, '2011-12-03', 20.00),
(554, 'Transit', 1, 3, '2011-12-05', 5.00),
(555, 'Cigarettes', 1, 1, '2011-12-05', 10.50),
(556, 'Lunch', 1, 12, '2011-12-05', 10.00),
(557, 'Transit', 1, 3, '2011-12-06', 5.00),
(558, 'Salary', 1, 6, '2011-12-06', 650.00),
(559, 'Inteh', 1, 7, '2011-12-06', 37.00),
(560, 'Salary', 1, 6, '2011-12-06', 1375.00),
(561, 'Lunch', 1, 12, '2011-12-06', 10.50),
(562, 'Cigarettes', 1, 1, '2011-12-06', 10.50),
(563, 'Transit', 1, 3, '2011-12-07', 5.00),
(564, 'Cigarettes', 1, 1, '2011-12-07', 10.50),
(565, 'Lunch', 1, 12, '2011-12-07', 10.00),
(566, 'Arrival', 1, 6, '2011-12-07', 20.00),
(567, 'Lunch', 1, 12, '2011-12-08', 12.50),
(568, 'Transit', 1, 3, '2011-12-08', 5.00),
(569, 'Transit', 1, 3, '2011-12-09', 7.50),
(570, 'Cigarettes', 1, 1, '2011-12-09', 10.50),
(571, 'Lunch', 1, 12, '2011-12-09', 10.00),
(572, 'Transit', 1, 3, '2011-12-10', 5.00),
(573, 'Transit', 1, 3, '2011-12-12', 5.00),
(574, 'Cigarettes', 1, 1, '2011-12-12', 10.00),
(575, 'Tenet', 1, 4, '2011-12-12', 20.00),
(576, 'Life', 1, 4, '2011-12-12', 40.00),
(577, 'Zakon ta Pravo', 1, 7, '2011-12-12', 160.00),
(578, 'Lunch', 1, 12, '2011-12-12', 10.00),
(579, 'Transit', 1, 3, '2011-12-13', 7.50),
(580, 'Yulia birthday', 1, 8, '2011-12-13', 30.00),
(581, 'Lunch', 1, 12, '2011-12-13', 10.00),
(582, 'Cigarettes', 1, 1, '2011-12-13', 10.00),
(583, 'Earpads', 1, 8, '2011-12-14', 8.00),
(584, 'Transit', 1, 3, '2011-12-14', 5.00),
(585, 'Lunch', 1, 12, '2011-12-14', 10.00),
(586, 'Cigarettes', 1, 1, '2011-12-14', 10.50),
(587, 'НГ Vika', 1, 8, '2011-12-14', 40.00),
(588, 'Sunflower seeds', 1, 2, '2011-12-14', 1.50),
(589, 'Bulb', 1, 8, '2011-12-14', 8.00),
(590, 'Transit', 1, 3, '2011-12-15', 9.00),
(591, 'Phone sell %', 1, 7, '2011-12-15', 20.00),
(592, 'Lunch', 1, 12, '2011-12-15', 10.00),
(593, 'Cigarettes', 1, 1, '2011-12-16', 10.50),
(594, 'Transit', 1, 3, '2011-12-16', 2.50),
(595, 'Haircut', 1, 8, '2011-12-18', 60.00),
(596, 'Cigarettes', 1, 1, '2011-12-18', 10.50),
(597, 'Sunflower seeds', 1, 2, '2011-12-18', 1.50),
(598, 'Fuel', 1, 3, '2011-12-19', 50.00),
(599, 'Proger birthday', 1, 8, '2011-12-19', 30.00),
(600, 'Lunch', 1, 12, '2011-12-19', 12.00),
(601, 'Transit', 1, 3, '2011-12-20', 5.00),
(602, 'Cigarettes', 1, 1, '2011-12-20', 10.50),
(603, 'Sunflower seeds', 1, 2, '2011-12-20', 1.50),
(604, 'Transit', 1, 3, '2011-12-21', 5.00),
(605, 'Cigarettes', 1, 1, '2011-12-21', 10.00),
(606, 'Lunch', 1, 12, '2011-12-21', 10.00),
(607, 'Anton birthday', 1, 8, '2011-12-21', 50.00),
(608, 'Lunch', 1, 12, '2011-12-22', 10.00),
(609, 'Sunflower seeds', 1, 2, '2011-12-22', 4.00),
(610, 'Transit', 1, 3, '2011-12-23', 2.50),
(611, 'Sunflower seeds', 1, 2, '2011-12-23', 1.50),
(612, 'Lunch', 1, 12, '2011-12-23', 10.00),
(613, 'Cigarettes', 1, 1, '2011-12-25', 10.50),
(614, 'Dad НГ', 1, 8, '2011-12-25', 50.00),
(615, 'Freshener', 1, 8, '2011-12-25', 5.00),
(616, 'Transit', 1, 3, '2011-12-26', 5.00),
(617, 'Lunch', 1, 12, '2011-12-26', 10.00),
(618, 'Cigarettes', 1, 1, '2011-12-26', 10.00),
(619, 'Taxi', 1, 3, '2011-12-26', 20.00),
(620, 'Transit', 1, 3, '2011-12-27', 5.00),
(621, 'Cigarettes', 1, 1, '2011-12-27', 10.50),
(622, 'Lunch', 1, 12, '2011-12-27', 7.50),
(623, 'Transit', 1, 3, '2011-12-28', 5.00),
(624, 'Lunch', 1, 12, '2011-12-28', 9.00),
(625, 'Cigarettes', 1, 1, '2011-12-28', 10.50),
(626, 'Transit', 1, 3, '2011-12-29', 5.00),
(627, 'Lunch', 1, 12, '2011-12-29', 10.00),
(628, 'Cigarettes', 1, 1, '2011-12-29', 10.50),
(629, 'Fuel', 1, 3, '2011-12-30', 40.00),
(630, 'Inteh', 1, 7, '2011-12-30', 220.00),
(631, 'Lunch', 1, 12, '2011-12-30', 10.00),
(632, 'Salary', 1, 6, '2011-12-30', 650.00),
(633, 'Cigarettes', 1, 1, '2011-12-31', 10.50),
(634, 'New Year', 1, 7, '2011-12-31', 50.00),
(635, 'Cinema', 1, 1, '2012-01-02', 100.00),
(636, 'Cigarettes', 1, 1, '2012-01-02', 10.50),
(637, 'Transit', 1, 3, '2012-01-03', 5.00),
(638, 'Cigarettes', 1, 1, '2012-01-03', 10.50),
(639, 'Lunch', 1, 12, '2012-01-03', 10.00),
(640, 'Tenet', 1, 4, '2012-01-03', 30.00),
(641, 'Transit', 1, 3, '2012-01-03', 5.00),
(642, 'Lunch', 1, 12, '2012-01-03', 17.00),
(643, 'Inteh', 1, 7, '2012-01-03', 30.00),
(644, 'Transit', 1, 3, '2012-01-05', 4.00),
(645, 'Inteh', 1, 7, '2012-01-05', 20.00),
(646, 'Arrival', 1, 6, '2012-01-05', 2417.00),
(647, 'Cigarettes', 1, 1, '2012-01-05', 10.50),
(648, 'Sunflower seeds', 1, 2, '2012-01-05', 2.00),
(649, 'Transit', 1, 3, '2012-01-06', 4.00),
(650, 'Lunch', 1, 12, '2012-01-06', 2.00),
(651, 'Cigarettes', 1, 1, '2012-01-06', 10.50),
(652, 'Cigarettes', 1, 1, '2012-01-08', 10.50),
(653, 'Beer', 1, 1, '2012-01-08', 30.00),
(654, 'Cigarettes', 1, 1, '2012-01-10', 10.50),
(655, 'Transit', 1, 3, '2012-01-10', 4.00),
(656, 'Transit', 1, 3, '2012-01-11', 4.00),
(657, 'Lunch', 1, 12, '2012-01-11', 9.00),
(658, 'Cigarettes', 1, 1, '2012-01-11', 10.50),
(659, 'Transit', 1, 3, '2012-01-12', 5.00),
(660, 'Lunch', 1, 12, '2012-01-12', 7.50),
(661, 'Sunflower seeds', 1, 2, '2012-01-12', 2.00),
(662, 'Cigarettes', 1, 1, '2012-01-12', 10.50),
(663, 'Lunch', 1, 12, '2012-01-13', 23.50),
(664, 'Transit', 1, 3, '2012-01-14', 3.00),
(665, 'Chips', 1, 2, '2012-01-14', 11.00),
(666, 'Cigarettes', 1, 1, '2012-01-14', 10.00),
(667, 'Life', 1, 4, '2012-01-15', 20.00),
(668, 'Coffe', 1, 2, '2012-01-15', 5.00),
(669, 'Transit', 1, 3, '2012-01-16', 5.00),
(670, 'Cigarettes', 1, 1, '2012-01-16', 10.50),
(671, 'Lunch', 1, 12, '2012-01-16', 9.00),
(672, 'Lunch', 1, 12, '2012-01-17', 9.00),
(673, 'Transit', 1, 3, '2012-01-17', 4.00),
(674, 'Cigarettes', 1, 1, '2012-01-18', 10.50),
(675, 'Lunch', 1, 12, '2012-01-18', 9.00),
(676, 'Transit', 1, 3, '2012-01-19', 2.50),
(677, 'Lunch', 1, 12, '2012-01-19', 31.00),
(678, 'Cigarettes', 1, 1, '2012-01-19', 10.50),
(679, 'Transit', 1, 3, '2012-01-20', 4.00),
(680, 'Lunch', 1, 12, '2012-01-20', 7.50),
(681, 'Transit', 1, 3, '2012-01-21', 7.50),
(682, 'Cigarettes', 1, 1, '2012-01-21', 10.50),
(683, 'Beer', 1, 1, '2012-01-21', 31.00),
(684, 'Sunflower seeds', 1, 2, '2012-01-21', 2.00),
(685, 'Cigarettes', 1, 1, '2012-01-22', 10.50),
(686, 'Beer', 1, 1, '2012-01-22', 18.00),
(687, 'Transit', 1, 3, '2012-01-23', 8.00),
(688, 'Life', 1, 4, '2012-01-23', 30.00),
(689, 'Lunch', 1, 12, '2012-01-23', 8.00),
(690, 'Cigarettes', 1, 1, '2012-01-23', 10.50),
(691, 'Inteh', 1, 7, '2012-01-23', 72.00),
(692, 'Transit', 1, 3, '2012-01-24', 4.00),
(693, 'Lunch', 1, 12, '2012-01-24', 12.00),
(694, 'Transit', 1, 3, '2012-01-25', 4.00),
(695, 'Cigarettes', 1, 1, '2012-01-25', 10.50),
(696, 'Lunch', 1, 12, '2012-01-25', 17.00),
(697, 'Transit', 1, 3, '2012-01-26', 5.50),
(698, 'Cigarettes', 1, 1, '2012-01-26', 10.50),
(699, 'Lunch', 1, 12, '2012-01-26', 10.00),
(700, 'Inteh', 1, 7, '2012-01-26', 90.00),
(701, 'Transit', 1, 3, '2012-01-27', 4.00),
(702, 'Lunch', 1, 12, '2012-01-27', 13.00),
(703, 'Cigarettes', 1, 1, '2012-01-27', 10.50),
(704, 'Cigarettes', 1, 1, '2012-01-29', 10.50),
(705, 'Sunflower seeds', 1, 2, '2012-01-29', 2.00),
(706, 'Transit', 1, 3, '2012-01-30', 1.50),
(707, 'Cigarettes', 1, 1, '2012-01-30', 10.50),
(708, 'Lunch', 1, 12, '2012-01-30', 7.50),
(709, 'Inteh', 1, 7, '2012-01-31', 45.00),
(710, 'Tenet', 1, 4, '2012-01-31', 25.00),
(711, 'Lunch', 1, 12, '2012-01-31', 18.00),
(712, 'Transit', 1, 3, '2012-02-01', 11.00),
(713, 'Cigarettes', 1, 1, '2012-02-01', 10.50),
(714, 'Lunch', 1, 12, '2012-02-01', 9.00),
(715, 'Transit', 1, 3, '2012-02-02', 4.00),
(716, 'Life', 1, 4, '2012-02-02', 35.00),
(717, 'Selling d900', 1, 7, '2012-02-02', 20.00),
(718, 'Lunch', 1, 12, '2012-02-02', 16.00),
(719, 'Cigarettes', 1, 1, '2012-02-02', 10.50),
(720, 'Transit', 1, 3, '2012-02-03', 4.00),
(721, 'Lunch', 1, 12, '2012-02-03', 16.00),
(722, 'Inteh', 1, 7, '2012-02-03', 40.00),
(723, 'Cigarettes', 1, 1, '2012-02-03', 10.50),
(724, 'Arrival', 1, 6, '2012-02-03', 650.00),
(725, 'Food', 1, 2, '2012-02-03', 12.50),
(726, 'Bar', 1, 2, '2012-02-04', 170.00),
(727, 'Bowling', 1, 1, '2012-02-04', 100.00),
(728, 'Transit', 1, 3, '2012-02-04', 2.50),
(729, 'Cigarettes', 1, 1, '2012-02-06', 10.50),
(730, 'Cigarettes', 1, 1, '2012-02-06', 10.50),
(731, 'Transit', 1, 3, '2012-02-06', 4.00),
(732, 'Lunch', 1, 12, '2012-02-06', 30.00),
(733, 'Fuel', 1, 3, '2012-02-06', 52.00),
(734, 'Lunch', 1, 12, '2012-02-07', 8.00),
(735, 'Cigarettes', 1, 1, '2012-02-07', 10.50),
(736, 'Transit', 1, 3, '2012-02-08', 4.00),
(737, 'Lunch', 1, 12, '2012-02-08', 10.00),
(738, 'Transit', 1, 3, '2012-02-09', 4.00),
(739, 'Cigarettes', 1, 1, '2012-02-09', 10.50),
(740, 'Lunch', 1, 12, '2012-02-09', 22.00),
(741, 'Arrival', 1, 6, '2012-02-09', 2207.00),
(742, 'Transit', 1, 3, '2012-02-10', 5.00),
(743, 'Lunch', 1, 12, '2012-02-10', 20.00),
(744, 'Sunflower seeds', 1, 2, '2012-02-10', 2.00),
(745, 'Vaz2105 hood', 1, 8, '2012-02-11', 100.00),
(746, 'Cigarettes', 1, 1, '2012-02-11', 12.50),
(747, 'Transit', 1, 3, '2012-02-11', 1.50),
(748, 'Chips', 1, 2, '2012-02-11', 7.50),
(749, 'Inteh', 1, 7, '2012-02-11', 20.00),
(750, 'Vika birthday', 1, 8, '2012-02-12', 30.00),
(751, 'Cigarettes', 1, 1, '2012-02-12', 10.50),
(752, 'Lunch', 1, 12, '2012-02-12', 25.00),
(753, 'Coffe', 1, 2, '2012-02-12', 3.50),
(754, 'Inteh', 1, 7, '2012-02-14', 160.00),
(755, 'Lunch', 1, 12, '2012-02-14', 10.00),
(756, 'Cigarettes', 1, 1, '2012-02-14', 10.50),
(757, 'Transit', 1, 3, '2012-02-15', 2.50),
(758, 'Lunch', 1, 12, '2012-02-15', 21.00),
(759, 'Cigarettes', 1, 1, '2012-02-15', 10.50),
(760, 'Transit', 1, 3, '2012-02-16', 4.00),
(761, 'Lunch', 1, 12, '2012-02-16', 10.00),
(762, 'Transit', 1, 3, '2012-02-17', 6.50),
(763, 'Lera birthday', 1, 8, '2012-02-17', 30.00),
(764, 'Cigarettes', 1, 1, '2012-02-17', 10.50),
(765, 'Lunch', 1, 12, '2012-02-17', 3.50),
(766, 'Car repair', 1, 8, '2012-02-17', 650.00),
(767, 'Fuel', 1, 3, '2012-02-17', 50.00),
(768, 'Cigarettes', 1, 1, '2012-02-18', 11.00),
(769, 'Coockies', 1, 2, '2012-02-18', 4.50),
(770, 'Chips', 1, 2, '2012-02-19', 7.00),
(771, 'Transit', 1, 3, '2012-02-20', 4.00),
(772, 'Cigarettes', 1, 1, '2012-02-20', 11.00),
(773, 'Lunch', 1, 12, '2012-02-20', 8.00),
(774, 'Proger birthday', 1, 8, '2012-02-20', 30.00),
(775, 'Transit', 1, 3, '2012-02-21', 1.50),
(776, 'Cigarettes', 1, 1, '2012-02-21', 11.00),
(777, 'Lunch', 1, 12, '2012-02-21', 9.00),
(778, 'Fuel', 1, 3, '2012-02-21', 50.00),
(779, 'Transit', 1, 3, '2012-02-22', 4.00),
(780, 'Lunch', 1, 12, '2012-02-22', 10.00),
(781, 'Pension', 1, 6, '2012-02-22', 576.00),
(782, '23"" february', 1, 8, '2012-02-22', 14.00),
(783, 'Transit', 1, 3, '2012-02-23', 4.00),
(784, 'Cigarettes', 1, 1, '2012-02-23', 12.50),
(785, 'Lunch', 1, 12, '2012-02-23', 11.00),
(786, 'Transit', 1, 3, '2012-02-24', 4.00),
(787, 'Lunch', 1, 12, '2012-02-24', 15.50),
(788, 'Cigarettes', 1, 1, '2012-02-24', 11.00),
(789, 'Tenet', 1, 4, '2012-02-24', 18.00),
(790, 'Life', 1, 4, '2012-02-24', 35.00),
(791, 'Transit', 1, 3, '2012-02-26', 35.50),
(792, 'Trueman', 1, 2, '2012-02-26', 60.00),
(793, 'Transit', 1, 3, '2012-02-27', 4.00),
(794, 'Cigarettes', 1, 1, '2012-02-27', 10.50),
(795, 'Lunch', 1, 12, '2012-02-27', 6.50),
(796, 'Transit', 1, 3, '2012-02-28', 4.00),
(797, 'Lunch', 1, 12, '2012-02-28', 9.00),
(798, 'Cigarettes', 1, 1, '2012-02-28', 11.00),
(799, 'Transit', 1, 3, '2012-02-29', 1.50),
(800, 'Kolya birthday', 1, 8, '2012-02-29', 30.00),
(801, 'Cigarettes', 1, 1, '2012-02-29', 10.50),
(802, 'Lunch', 1, 12, '2012-02-29', 10.00),
(803, 'Transit', 1, 3, '2012-03-01', 4.00),
(804, 'Lunch', 1, 12, '2012-03-01', 22.00),
(805, 'Cigarettes', 1, 1, '2012-03-01', 11.00),
(806, 'Inteh', 1, 7, '2012-03-01', 145.00),
(807, 'Transit', 1, 3, '2012-03-02', 4.00),
(808, 'Cigarettes', 1, 1, '2012-03-02', 10.50),
(809, 'Lunch', 1, 12, '2012-03-02', 5.00),
(810, 'Transit', 1, 3, '2012-03-03', 1.50),
(811, 'Lunch', 1, 12, '2012-03-03', 5.00),
(812, 'Arrival', 1, 6, '2012-03-03', 650.00),
(813, 'Transit', 1, 3, '2012-03-05', 5.00),
(814, 'Lighter', 1, 8, '2012-03-05', 4.50),
(815, 'Water', 1, 2, '2012-03-05', 4.50),
(816, 'Lyosha bd, 8 march', 1, 8, '2012-03-05', 70.00),
(817, 'Lunch', 1, 12, '2012-03-05', 16.00),
(818, 'Cigarettes', 1, 1, '2012-03-05', 11.00),
(819, 'Transit', 1, 3, '2012-03-06', 4.00),
(820, 'Lunch', 1, 12, '2012-03-06', 15.00),
(821, 'Cigarettes', 1, 1, '2012-03-07', 12.50),
(822, 'Lunch', 1, 12, '2012-03-07', 22.00),
(823, 'Transit', 1, 3, '2012-03-07', 15.00),
(824, '8" March', 1, 8, '2012-03-08', 40.00),
(825, 'Dad birthday', 1, 8, '2012-03-08', 48.00),
(826, 'Transit', 1, 3, '2012-03-10', 3.00),
(827, 'Jacket', 1, 5, '2012-03-10', 40.00),
(828, 'Cigarettes', 1, 1, '2012-03-10', 80.00),
(829, 'Shoes', 1, 5, '2012-03-10', 200.00),
(830, 'Jeans', 1, 5, '2012-03-10', 400.00),
(831, 'Shoe insoles', 1, 5, '2012-03-10', 5.00),
(832, 'Transit', 1, 3, '2012-03-12', 1.50),
(833, 'Arrival', 1, 6, '2012-03-12', 2118.00),
(834, 'Vanya birthday', 1, 8, '2012-03-12', 30.00),
(835, 'Inteh', 1, 7, '2012-03-12', 7.00),
(836, 'Transit', 1, 3, '2012-03-13', 6.50),
(837, 'Inteh', 1, 7, '2012-03-13', 13.00),
(838, 'Lunch', 1, 12, '2012-03-13', 11.00),
(839, 'Transit', 1, 3, '2012-03-14', 11.50),
(840, 'Lunch', 1, 12, '2012-03-14', 3.50),
(841, 'Dvd-rom change', 1, 7, '2012-03-14', 160.00),
(842, 'Transit', 1, 3, '2012-03-15', 4.00),
(843, 'Lunch', 1, 12, '2012-03-15', 11.00),
(844, 'Inteh', 1, 7, '2012-03-15', 125.00),
(845, 'Lunch', 1, 12, '2012-03-16', 7.00),
(846, 'Transit', 1, 3, '2012-03-16', 1.50),
(847, 'Transit', 1, 3, '2012-03-17', 6.50),
(848, 'Transit', 1, 3, '2012-03-19', 4.00),
(849, 'Life', 1, 4, '2012-03-19', 35.00),
(850, 'Lunch', 1, 12, '2012-03-19', 29.00),
(851, 'Transit', 1, 3, '2012-03-20', 4.00),
(852, 'Lunch', 1, 12, '2012-03-20', 5.50),
(853, 'Inteh', 1, 8, '2012-03-20', 3.00),
(854, 'Transit', 1, 3, '2012-03-21', 4.00),
(855, 'Lunch', 1, 12, '2012-03-21', 11.00),
(856, 'Tenet', 1, 4, '2012-03-21', 25.00),
(857, 'Transit', 1, 3, '2012-03-22', 3.50),
(858, 'Lunch', 1, 12, '2012-03-22', 11.00),
(859, 'Delivery', 1, 7, '2012-03-22', 20.00),
(860, 'Transit', 1, 3, '2012-03-23', 4.00),
(861, 'Lunch', 1, 12, '2012-03-23', 11.00),
(862, 'Cigarettes', 1, 1, '2012-03-24', 11.00),
(863, 'Cigarettes', 1, 1, '2012-03-25', 11.00),
(864, 'Haircut', 1, 8, '2012-03-25', 45.00),
(865, 'Transit', 1, 3, '2012-03-26', 1.50),
(866, 'Cigarettes', 1, 1, '2012-03-26', 11.00),
(867, 'Lunch', 1, 12, '2012-03-26', 8.50),
(868, 'Transit', 1, 3, '2012-03-27', 4.00),
(869, 'Lunch', 1, 12, '2012-03-27', 8.00),
(870, 'Transit', 1, 3, '2012-03-28', 4.00),
(871, 'Lighter', 1, 8, '2012-03-28', 5.00),
(872, 'Cigarettes', 1, 1, '2012-03-28', 11.00),
(873, 'Lunch', 1, 12, '2012-03-28', 7.00),
(874, 'Transit', 1, 3, '2012-03-29', 3.00),
(875, 'Lunch', 1, 12, '2012-03-29', 7.00),
(876, 'Cigarettes', 1, 1, '2012-03-29', 11.00),
(877, 'Transit', 1, 3, '2012-03-30', 4.00),
(878, 'Lunch', 1, 12, '2012-03-30', 7.00),
(879, 'Cigarettes', 1, 1, '2012-03-30', 11.00),
(880, 'Transmitter', 1, 7, '2012-04-01', 30.00),
(881, 'Cigarettes', 1, 1, '2012-04-01', 11.00),
(882, 'A.Shura', 1, 7, '2012-04-01', 100.00),
(883, 'Transit', 1, 3, '2012-04-02', 4.00),
(884, 'Lunch', 1, 12, '2012-04-02', 10.00),
(885, 'Transit', 1, 3, '2012-04-03', 3.00),
(886, 'Cigarettes', 1, 1, '2012-04-03', 11.00),
(887, 'Lunch', 1, 12, '2012-04-03', 6.00),
(888, 'Transit', 1, 3, '2012-04-04', 3.00),
(889, 'Lunch', 1, 12, '2012-04-04', 8.00),
(890, 'Cigarettes', 1, 1, '2012-04-04', 11.00),
(891, 'Arrival', 1, 6, '2012-04-04', 650.00),
(892, 'Transit', 1, 3, '2012-04-05', 8.00),
(893, 'Lunch', 1, 12, '2012-04-05', 11.00),
(894, 'Cigarettes', 1, 1, '2012-04-05', 11.00),
(895, 'Arrival', 1, 6, '2012-04-05', 1689.00),
(896, 'Transit', 1, 3, '2012-04-06', 4.00),
(897, 'Lunch', 1, 12, '2012-04-06', 12.00),
(898, 'Delivery', 1, 7, '2012-04-06', 15.00),
(899, 'Cigarettes', 1, 1, '2012-04-07', 11.00),
(900, 'Tenet', 1, 4, '2012-04-08', 50.00),
(901, 'Cigarettes', 1, 1, '2012-04-08', 11.00),
(902, 'Transit', 1, 3, '2012-04-09', 3.00),
(903, 'Cigarettes', 1, 1, '2012-04-09', 11.00),
(904, 'Lunch', 1, 12, '2012-04-09', 14.50),
(905, 'Transit', 1, 3, '2012-04-10', 4.00),
(906, 'Lunch', 1, 12, '2012-04-10', 10.00),
(907, 'Cigarettes', 1, 1, '2012-04-10', 11.00),
(908, 'Transit', 1, 3, '2012-04-11', 4.00),
(909, 'Lunch', 1, 12, '2012-04-11', 12.00),
(910, 'Cigarettes', 1, 1, '2012-04-12', 11.00),
(911, 'Lunch', 1, 12, '2012-04-12', 8.50),
(912, 'Inteh', 1, 7, '2012-04-12', 10.00),
(913, 'Cigarettes', 1, 1, '2012-04-13', 11.00),
(914, 'Lunch', 1, 12, '2012-04-13', 8.00),
(915, 'Cigarettes', 1, 1, '2012-04-14', 11.00),
(916, 'Life', 1, 4, '2012-04-15', 35.00),
(917, 'Cigarettes', 1, 1, '2012-04-16', 11.00),
(918, 'Food', 1, 2, '2012-04-16', 17.00),
(919, 'Lunch', 1, 12, '2012-04-17', 10.50),
(920, 'Cigarettes', 1, 1, '2012-04-18', 11.00),
(921, 'Transit', 1, 3, '2012-04-18', 4.00),
(922, 'Lunch', 1, 12, '2012-04-18', 8.00),
(923, 'Transit', 1, 3, '2012-04-19', 4.00),
(924, 'Cigarettes', 1, 1, '2012-04-19', 11.00),
(925, 'Lunch', 1, 12, '2012-04-19', 8.50),
(926, 'Transit', 1, 3, '2012-04-20', 7.50),
(927, 'Lunch', 1, 12, '2012-04-20', 9.00),
(928, 'Cigarettes', 1, 1, '2012-04-20', 11.00),
(929, 'Transit', 1, 3, '2012-04-21', 1.50),
(930, 'Inteh', 1, 7, '2012-04-21', 15.00),
(931, 'Cigarettes', 1, 1, '2012-04-21', 75.00),
(932, 'Transit', 1, 3, '2012-04-23', 4.00),
(933, 'Lunch', 1, 12, '2012-04-23', 12.50),
(934, 'Transit', 1, 3, '2012-04-24', 4.00),
(935, 'Lunch', 1, 12, '2012-04-24', 13.00),
(936, 'Transit', 1, 3, '2012-04-25', 4.00),
(937, 'Lunch', 1, 12, '2012-04-25', 9.00),
(938, 'Transit', 1, 3, '2012-04-26', 4.00),
(939, 'Lunch', 1, 12, '2012-04-26', 12.50),
(940, 'Transit', 1, 3, '2012-04-27', 4.00),
(941, 'Nastya birthday', 1, 8, '2012-04-27', 30.00),
(942, 'Vika birthday', 1, 8, '2012-04-27', 40.00),
(943, 'Transit', 1, 3, '2012-04-28', 3.00),
(944, 'Lunch', 1, 12, '2012-04-28', 6.00),
(945, 'Arrival', 1, 6, '2012-04-28', 650.00),
(946, 'Vika birthday', 1, 8, '2012-04-28', 11.00),
(947, 'Inteh', 1, 7, '2012-04-28', 2.00),
(948, 'Drugs', 1, 8, '2012-04-29', 29.00),
(949, 'Transit', 1, 3, '2012-05-03', 4.00),
(950, 'Picnic', 1, 2, '2012-05-03', 75.00),
(951, 'Lunch', 1, 12, '2012-05-03', 12.00),
(952, 'Transit', 1, 3, '2012-05-04', 4.00),
(953, 'Lunch', 1, 12, '2012-05-04', 14.00),
(954, 'Transit', 1, 3, '2012-05-07', 4.00),
(955, 'Lunch', 1, 12, '2012-05-07', 25.00),
(956, 'Arrival', 1, 6, '2012-05-07', 650.00),
(957, 'Tickets', 1, 1, '2012-05-07', 99.00),
(958, 'Transit', 1, 3, '2012-05-08', 1.50),
(959, 'Skolota birthday', 1, 8, '2012-05-08', 30.00),
(960, 'Lunch', 1, 12, '2012-05-08', 12.00),
(961, 'Arrival', 1, 6, '2012-05-08', 711.00),
(962, 'Inteh', 1, 7, '2012-05-08', 32.00),
(963, 'Transit', 1, 3, '2012-05-10', 1.50),
(964, 'Life', 1, 4, '2012-05-10', 35.00),
(965, 'Lunch', 1, 12, '2012-05-10', 11.00),
(966, 'Transit', 1, 3, '2012-05-11', 1.50),
(967, 'Lunch', 1, 12, '2012-05-11', 10.00),
(968, 'Transit', 1, 3, '2012-05-14', 4.00),
(969, 'Lunch', 1, 12, '2012-05-14', 10.00),
(970, 'Transit', 1, 3, '2012-05-15', 4.00),
(971, 'Lunch', 1, 12, '2012-05-15', 16.00),
(972, 'Nuts', 1, 2, '2012-05-15', 4.50),
(973, 'Transit', 1, 3, '2012-05-16', 4.00),
(974, 'Lunch', 1, 12, '2012-05-16', 12.00),
(975, 'Transit', 1, 3, '2012-05-17', 4.00),
(976, 'Lunch', 1, 12, '2012-05-17', 13.50),
(977, 'Transit', 1, 3, '2012-05-18', 4.00),
(978, 'Lunch', 1, 12, '2012-05-18', 8.00),
(979, 'Transit', 1, 3, '2012-05-21', 4.00),
(980, 'Lunch', 1, 12, '2012-05-21', 8.50),
(981, 'Transit', 1, 3, '2012-05-22', 4.00),
(982, 'Lunch', 1, 12, '2012-05-22', 10.50),
(983, 'Transit', 1, 3, '2012-05-23', 1.50),
(984, 'Lunch', 1, 12, '2012-05-23', 10.00),
(985, 'Food', 1, 2, '2012-05-23', 4.50),
(986, 'Transit', 1, 3, '2012-05-24', 2.50),
(987, 'Lunch', 1, 12, '2012-05-24', 13.00),
(988, 'Transit', 1, 3, '2012-05-25', 4.00),
(989, 'Lunch', 1, 12, '2012-05-25', 7.00),
(990, 'Food', 1, 2, '2012-05-26', 45.00),
(991, 'Tenet', 1, 4, '2012-05-27', 25.00),
(992, 'Beer', 1, 1, '2012-05-27', 10.50),
(993, 'Transit', 1, 3, '2012-05-28', 1.50),
(994, 'Lunch', 1, 12, '2012-05-28', 12.00),
(995, 'Transit', 1, 3, '2012-05-29', 4.00),
(996, 'Lunch', 1, 12, '2012-05-29', 14.00),
(997, 'Transit', 1, 3, '2012-05-30', 1.50),
(998, 'Lunch', 1, 12, '2012-05-30', 16.50),
(999, 'Transit', 1, 3, '2012-05-31', 1.50),
(1000, 'Inteh', 1, 7, '2012-05-31', 15.00),
(1001, 'Lunch', 1, 12, '2012-05-31', 9.50),
(1002, 'Food', 1, 2, '2012-05-31', 4.50),
(1003, 'Transit', 1, 3, '2012-06-01', 9.00),
(1004, 'Lunch', 1, 12, '2012-06-01', 14.50),
(1005, 'Life', 1, 4, '2012-06-03', 35.00),
(1006, 'Beer', 1, 1, '2012-06-03', 50.00),
(1007, 'Transit', 1, 3, '2012-06-05', 3.00),
(1008, 'Lunch', 1, 12, '2012-06-05', 10.00),
(1009, 'Transit', 1, 3, '2012-06-06', 4.00),
(1010, 'Lunch', 1, 12, '2012-06-06', 11.00),
(1011, 'Arrival', 1, 6, '2012-06-06', 650.00),
(1012, 'Transit', 1, 3, '2012-06-07', 4.00),
(1013, 'Lunch', 1, 12, '2012-06-07', 16.00),
(1014, 'Transit', 1, 3, '2012-06-08', 5.00),
(1015, 'Lunch', 1, 12, '2012-06-08', 10.00),
(1016, 'Arrival', 1, 6, '2012-06-08', 1030.00),
(1017, 'Beer', 1, 1, '2012-06-08', 6.00),
(1018, 'Sunflower seeds', 1, 2, '2012-06-09', 1.50),
(1019, 'Fuel', 1, 3, '2012-06-11', 60.00),
(1020, 'Transit', 1, 3, '2012-06-11', 5.00),
(1021, 'Lunch', 1, 12, '2012-06-11', 10.50),
(1022, 'Beer', 1, 1, '2012-06-11', 14.00),
(1023, 'Transit', 1, 3, '2012-06-12', 1.50),
(1024, 'Lunch', 1, 12, '2012-06-12', 14.00),
(1025, 'Beer', 1, 1, '2012-06-12', 15.00),
(1026, 'Taxi', 1, 3, '2012-06-12', 10.00),
(1027, 'Transit', 1, 3, '2012-06-13', 6.50),
(1028, 'Inteh', 1, 7, '2012-06-13', 20.00),
(1029, 'Lunch', 1, 12, '2012-06-13', 11.00),
(1030, 'Transit', 1, 3, '2012-06-14', 4.00),
(1031, 'Lunch', 1, 12, '2012-06-14', 23.50),
(1032, 'Transit', 1, 3, '2012-06-15', 1.50),
(1033, 'Lunch', 1, 12, '2012-06-15', 5.50),
(1034, 'Food', 1, 2, '2012-06-15', 21.00),
(1035, 'Tenet', 1, 4, '2012-06-17', 25.00),
(1036, 'Transit', 1, 3, '2012-06-18', 2.50),
(1037, 'Water', 1, 2, '2012-06-18', 6.50),
(1038, 'Lunch', 1, 12, '2012-06-18', 10.00),
(1039, 'Insurance', 1, 8, '2012-06-18', 558.00),
(1040, 'Fuel', 1, 3, '2012-06-18', 100.00),
(1041, 'Lunch', 1, 12, '2012-06-19', 6.50),
(1042, 'Vulcanization', 1, 8, '2012-06-20', 50.00),
(1043, 'Lunch', 1, 12, '2012-06-20', 8.00),
(1044, 'Fuel', 1, 3, '2012-06-20', 100.00),
(1045, 'Lunch', 1, 12, '2012-06-21', 7.50),
(1046, 'Lunch', 1, 12, '2012-06-22', 7.00),
(1047, 'Sunflower seeds', 1, 2, '2012-06-23', 2.00),
(1048, 'Cigarettes', 1, 1, '2012-06-25', 8.50),
(1049, 'Lunch', 1, 12, '2012-06-25', 2.00),
(1050, 'Food', 1, 2, '2012-06-25', 27.50),
(1051, 'Cigarettes', 1, 1, '2012-06-26', 8.50),
(1052, 'Lunch', 1, 12, '2012-06-26', 7.00),
(1053, 'Webmoney', 1, 7, '2012-06-26', 95.00),
(1054, 'Fuel', 1, 3, '2012-06-26', 80.00),
(1055, 'Transit', 1, 3, '2012-06-27', 4.00),
(1056, 'Disks rolling', 1, 8, '2012-06-27', 300.00),
(1057, 'Arrival', 1, 6, '2012-06-27', 403.00),
(1058, 'Lunch', 1, 12, '2012-06-27', 7.00),
(1059, 'Car diagnostic', 1, 8, '2012-06-28', 20.00),
(1060, 'Cigarettes', 1, 1, '2012-06-28', 9.00),
(1061, 'Carburator', 1, 8, '2012-06-29', 250.00),
(1062, 'Transit', 1, 3, '2012-06-29', 3.00),
(1063, 'Tennis', 1, 1, '2012-06-29', 25.00),
(1064, 'Car air freshener', 1, 8, '2012-07-01', 53.00),
(1065, 'Cigarettes', 1, 1, '2012-07-01', 11.00),
(1066, 'Life', 1, 4, '2012-07-01', 35.00),
(1067, 'Lunch', 1, 12, '2012-07-03', 10.00),
(1068, 'Seat sewing', 1, 8, '2012-07-03', 10.00),
(1069, 'Food', 1, 2, '2012-07-03', 5.00),
(1070, 'Lunch', 1, 12, '2012-07-04', 8.00),
(1071, 'Cigarettes', 1, 1, '2012-07-05', 8.50),
(1072, 'Lunch', 1, 12, '2012-07-05', 2.00),
(1073, 'Lunch', 1, 12, '2012-07-06', 5.00),
(1074, 'Arrival', 1, 6, '2012-07-06', 250.00),
(1075, 'Cigarettes', 1, 1, '2012-07-06', 10.50),
(1076, 'CD disks', 1, 8, '2012-07-06', 4.50),
(1077, 'Arrival', 1, 6, '2012-07-07', 1753.00),
(1078, 'Tennis', 1, 1, '2012-07-07', 22.00),
(1079, 'Food', 1, 2, '2012-07-07', 35.00),
(1080, 'Haircut', 1, 8, '2012-07-08', 40.00),
(1081, 'Food', 1, 2, '2012-07-08', 23.00),
(1082, 'Tennis', 1, 1, '2012-07-08', 18.00),
(1083, 'Cigarettes', 1, 1, '2012-07-08', 9.00),
(1084, 'Lunch', 1, 12, '2012-07-09', 13.00),
(1085, 'Food', 1, 2, '2012-07-09', 6.00),
(1086, 'Cigarettes', 1, 1, '2012-07-10', 11.00),
(1087, 'Lunch', 1, 12, '2012-07-10', 7.00),
(1088, 'Tenet', 1, 4, '2012-07-10', 25.00),
(1089, 'Fuel', 1, 3, '2012-07-11', 200.00),
(1090, 'Cigarettes', 1, 1, '2012-07-11', 11.00),
(1091, 'Lunch', 1, 12, '2012-07-11', 7.00),
(1092, 'Cigarettes', 1, 1, '2012-07-12', 12.50),
(1093, 'Lunch', 1, 12, '2012-07-12', 7.00),
(1094, 'Lunch', 1, 12, '2012-07-13', 6.00),
(1095, 'Beer', 1, 1, '2012-07-13', 10.50),
(1096, 'Drove someone', 1, 7, '2012-07-16', 15.00),
(1097, 'Cigarettes', 1, 1, '2012-07-16', 10.50),
(1098, 'Lunch', 1, 12, '2012-07-16', 6.00),
(1099, 'Cigarettes', 1, 1, '2012-07-16', 8.50),
(1100, 'Food', 1, 2, '2012-07-16', 4.50),
(1101, 'Lunch', 1, 12, '2012-07-17', 6.50),
(1102, 'Clothes', 1, 5, '2012-07-17', 30.00),
(1103, 'Cigarettes', 1, 1, '2012-07-18', 8.50),
(1104, 'Lunch', 1, 12, '2012-07-18', 7.00),
(1105, 'Cigarettes', 1, 1, '2012-07-19', 17.00),
(1106, 'Lunch', 1, 12, '2012-07-19', 7.00),
(1107, 'Tsybenko birthday', 1, 8, '2012-07-19', 70.00),
(1108, 'Lunch', 1, 12, '2012-07-20', 7.00),
(1109, 'Number frame', 1, 8, '2012-07-21', 20.00),
(1110, 'Lunch', 1, 12, '2012-07-23', 7.00),
(1111, 'Cigarettes', 1, 1, '2012-07-23', 8.50),
(1112, 'Sunflower seeds', 1, 2, '2012-07-23', 2.00),
(1113, 'Lunch', 1, 12, '2012-07-24', 10.50),
(1114, 'Lunch', 1, 12, '2012-07-25', 6.00),
(1115, 'Cigarettes', 1, 1, '2012-07-25', 8.50),
(1116, 'Lunch', 1, 12, '2012-07-26', 6.50),
(1117, 'Cigarettes', 1, 1, '2012-07-27', 8.50),
(1118, 'Lunch', 1, 12, '2012-07-27', 6.50),
(1119, 'Inteh', 1, 7, '2012-07-27', 50.00),
(1120, 'Food', 1, 2, '2012-07-28', 4.50),
(1121, 'McDonalds', 1, 2, '2012-07-28', 38.00),
(1122, 'Cigarettes', 1, 1, '2012-07-29', 8.50),
(1123, 'Food', 1, 2, '2012-07-29', 16.50),
(1124, 'Lunch', 1, 12, '2012-07-30', 5.00),
(1125, 'Fuel', 1, 3, '2012-07-30', 100.00),
(1126, 'Lunch', 1, 12, '2012-07-31', 3.00),
(1127, 'Lunch', 1, 12, '2012-08-01', 3.00),
(1128, 'Food', 1, 2, '2012-08-01', 4.50),
(1129, 'Jeans', 1, 5, '2012-08-01', 22.00),
(1130, 'Cigarettes', 1, 1, '2012-08-02', 8.50),
(1131, 'Lunch', 1, 12, '2012-08-02', 4.00),
(1132, 'Food', 1, 2, '2012-08-02', 16.50),
(1133, 'Tenet', 1, 4, '2012-08-02', 15.00),
(1134, 'Life', 1, 4, '2012-08-02', 35.00),
(1135, 'Inteh', 1, 7, '2012-08-02', 185.00),
(1136, 'Lunch', 1, 12, '2012-08-03', 6.00),
(1137, 'Cigarettes', 1, 1, '2012-08-03', 8.50),
(1138, 'Food', 1, 2, '2012-08-04', 17.00),
(1139, 'Sunflower seeds', 1, 2, '2012-08-04', 3.50),
(1140, 'Lunch', 1, 12, '2012-08-06', 6.00),
(1141, 'Cigarettes', 1, 1, '2012-08-06', 8.50),
(1142, 'Fuel', 1, 3, '2012-08-07', 100.00),
(1143, 'Arrival', 1, 6, '2012-08-07', 1600.00),
(1144, 'Lunch', 1, 12, '2012-08-07', 6.00),
(1145, 'Cigarettes', 1, 1, '2012-08-07', 8.50),
(1146, 'Melon', 1, 2, '2012-08-07', 3.00),
(1147, 'Transit', 1, 3, '2012-08-08', 2.50),
(1148, 'Lunch', 1, 12, '2012-08-08', 6.00),
(1149, 'Cigarettes', 1, 1, '2012-08-08', 8.50);
INSERT INTO `Entry` (`id`, `name`, `user_id`, `category_id`, `date`, `sum`) VALUES
(1150, 'Car repairs', 1, 8, '2012-08-08', 1490.00),
(1151, 'Lunch', 1, 12, '2012-08-09', 4.00),
(1152, 'Lunch', 1, 12, '2012-08-10', 4.00),
(1153, 'Cigarettes', 1, 1, '2012-08-10', 8.50),
(1154, 'Fish hooks', 1, 8, '2012-08-11', 10.00),
(1155, 'Cigarettes', 1, 1, '2012-08-12', 8.50),
(1156, 'Beer', 1, 1, '2012-08-12', 7.00),
(1157, 'Lunch', 1, 12, '2012-08-13', 5.50),
(1158, 'Food', 1, 2, '2012-08-13', 21.00),
(1159, 'Cigarettes', 1, 1, '2012-08-13', 8.50),
(1160, 'Lunch', 1, 12, '2012-08-14', 6.00),
(1161, 'Fuel', 1, 3, '2012-08-15', 100.00),
(1162, 'Cigarettes', 1, 1, '2012-08-15', 8.50),
(1163, 'Lunch', 1, 12, '2012-08-15', 5.00),
(1164, 'Cigarettes', 1, 1, '2012-08-16', 8.50),
(1165, 'Lunch', 1, 12, '2012-08-16', 5.50),
(1166, 'Tenet', 1, 4, '2012-08-16', 20.00),
(1167, 'Sunflower seeds', 1, 2, '2012-08-16', 5.00),
(1168, 'Lunch', 1, 12, '2012-08-17', 5.50),
(1169, 'Cigarettes', 1, 1, '2012-08-17', 8.50),
(1170, 'Pizza', 1, 2, '2012-08-17', 50.00),
(1171, 'Coca-cola', 1, 2, '2012-08-18', 10.00),
(1172, 'From Korytne', 1, 7, '2012-08-20', 200.00),
(1173, 'Cigarettes', 1, 1, '2012-08-20', 8.50),
(1174, 'Lunch', 1, 12, '2012-08-20', 7.00),
(1175, 'Fuel', 1, 3, '2012-08-21', 100.00),
(1176, 'Lunch', 1, 12, '2012-08-21', 7.00),
(1177, 'Cigarettes', 1, 1, '2012-08-21', 8.50),
(1178, 'Lamps for car', 1, 8, '2012-08-21', 9.00),
(1179, 'Lunch', 1, 12, '2012-08-22', 5.50),
(1180, 'Cigarettes', 1, 1, '2012-08-22', 8.50),
(1181, 'Lunch', 1, 12, '2012-08-23', 5.00),
(1182, 'Cigarettes', 1, 1, '2012-08-23', 8.50),
(1183, 'Birthday', 1, 7, '2012-08-23', 400.00),
(1184, 'Car Tires', 1, 8, '2012-08-24', 1520.00),
(1185, 'Tenet', 1, 4, '2012-08-25', 15.00),
(1186, 'Cigarettes', 1, 1, '2012-08-25', 8.00),
(1187, 'Cigarettes', 1, 1, '2012-08-27', 8.50),
(1188, 'Lunch', 1, 12, '2012-08-27', 5.00),
(1189, 'Cigarettes', 1, 1, '2012-08-28', 8.50),
(1190, 'Lunch', 1, 12, '2012-08-28', 5.50),
(1191, 'Sunflower seeds', 1, 2, '2012-08-28', 2.00),
(1192, 'Lunch', 1, 12, '2012-08-29', 5.50),
(1193, 'Fuel', 1, 3, '2012-08-30', 100.00),
(1194, 'Lunch', 1, 12, '2012-08-30', 5.50),
(1195, 'Cigarettes', 1, 1, '2012-08-30', 8.50),
(1196, 'Lunch', 1, 12, '2012-08-31', 6.00),
(1197, 'Cigarettes', 1, 1, '2012-09-01', 9.00),
(1198, 'Transit', 1, 3, '2012-09-01', 4.00),
(1199, 'Inteh', 1, 7, '2012-09-01', 30.00),
(1200, 'Sunflower seeds', 1, 2, '2012-09-01', 2.00),
(1201, 'Lunch', 1, 12, '2012-09-03', 10.50),
(1202, 'Lunch', 1, 12, '2012-09-04', 4.50),
(1203, 'Transit', 1, 3, '2012-09-04', 2.50),
(1204, 'Cigarettes', 1, 1, '2012-09-05', 9.00),
(1205, 'Lunch', 1, 12, '2012-09-05', 5.50),
(1206, 'Lunch', 1, 12, '2012-09-06', 4.50),
(1207, 'Arrival', 1, 6, '2012-09-06', 1600.00),
(1208, 'Tenet', 1, 4, '2012-09-06', 25.00),
(1209, 'Cigarettes', 1, 1, '2012-09-07', 9.00),
(1210, 'Lunch', 1, 12, '2012-09-07', 5.00),
(1211, 'Fuel', 1, 3, '2012-09-08', 100.00),
(1212, 'Break pads', 1, 8, '2012-09-08', 110.00),
(1213, 'Wrench', 1, 8, '2012-09-08', 20.00),
(1214, 'Beer', 1, 1, '2012-09-08', 7.00),
(1215, 'Transit', 1, 3, '2012-09-09', 2.50),
(1216, 'Bike Camera', 1, 8, '2012-09-09', 35.00),
(1217, 'Cigarettes', 1, 1, '2012-09-09', 11.00),
(1218, 'Lunch', 1, 12, '2012-09-10', 5.50),
(1219, 'Cigarettes', 1, 1, '2012-09-11', 9.00),
(1220, 'Lunch', 1, 12, '2012-09-11', 4.50),
(1221, 'Lunch', 1, 12, '2012-09-12', 4.50),
(1222, 'Car repair', 1, 8, '2012-09-12', 80.00),
(1223, 'Cigarettes', 1, 1, '2012-09-12', 10.00),
(1224, 'Lunch', 1, 12, '2012-09-13', 5.50),
(1225, 'Transit', 1, 3, '2012-09-13', 5.00),
(1226, 'Transit', 1, 3, '2012-09-14', 7.50),
(1227, 'Lunch', 1, 12, '2012-09-14', 4.50),
(1228, 'Cigarettes', 1, 1, '2012-09-14', 9.00),
(1229, 'Cigarettes', 1, 1, '2012-09-15', 9.00),
(1230, 'Transit', 1, 3, '2012-09-15', 5.00),
(1231, 'Transit', 1, 3, '2012-09-16', 2.50),
(1232, 'Transit', 1, 3, '2012-09-17', 5.00),
(1233, 'Cigarettes', 1, 1, '2012-09-17', 9.00),
(1234, 'Lunch', 1, 12, '2012-09-17', 5.50),
(1235, 'Transit', 1, 3, '2012-09-18', 5.00),
(1236, 'Cigarettes', 1, 1, '2012-09-18', 9.00),
(1237, 'Lunch', 1, 12, '2012-09-18', 4.00),
(1238, 'Life', 1, 4, '2012-09-18', 35.00),
(1239, 'Transit', 1, 3, '2012-09-19', 5.00),
(1240, 'Lunch', 1, 12, '2012-09-19', 7.00),
(1241, 'Cigarettes', 1, 1, '2012-09-19', 9.00),
(1242, 'Lunch', 1, 12, '2012-09-20', 5.00),
(1243, 'Beer', 1, 1, '2012-09-20', 12.50),
(1244, 'Cigarettes', 1, 1, '2012-09-20', 9.00),
(1245, 'Break pads', 1, 8, '2012-09-20', 130.00),
(1246, 'Transit', 1, 3, '2012-09-21', 2.50),
(1247, 'Lunch', 1, 12, '2012-09-21', 6.00),
(1248, 'Cigarettes', 1, 1, '2012-09-21', 9.00),
(1249, 'Cake', 1, 2, '2012-09-21', 5.00),
(1250, 'Jamper', 1, 5, '2012-09-21', 30.00),
(1251, 'Transit', 1, 3, '2012-09-22', 5.00),
(1252, 'Break Cylinders', 1, 8, '2012-09-22', 180.00),
(1253, 'Car repair', 1, 8, '2012-09-22', 200.00),
(1254, 'Transit', 1, 3, '2012-09-24', 2.50),
(1255, 'Cigarettes', 1, 1, '2012-09-24', 9.00),
(1256, 'Lunch', 1, 12, '2012-09-24', 4.00),
(1257, 'Tenet', 1, 4, '2012-09-25', 10.00),
(1258, 'Transit', 1, 3, '2012-09-26', 4.50),
(1259, 'Lunch', 1, 12, '2012-09-26', 2.00),
(1260, 'Transit', 1, 3, '2012-09-27', 5.00),
(1261, 'Lunch', 1, 12, '2012-09-27', 5.50),
(1262, 'Lunch', 1, 12, '2012-09-28', 5.00),
(1263, 'Pop-corn', 1, 2, '2012-09-28', 2.50),
(1264, 'Transit', 1, 3, '2012-10-01', 3.00),
(1265, 'Lunch', 1, 12, '2012-10-01', 5.00),
(1266, 'Lunch', 1, 12, '2012-10-03', 9.50),
(1267, 'Cigarettes', 1, 1, '2012-10-03', 10.50),
(1268, 'Tenet', 1, 4, '2012-10-03', 25.00),
(1269, 'Sunflower seeds', 1, 2, '2012-10-04', 1.50),
(1270, 'Arrival by Tsybenko', 1, 7, '2012-10-04', 100.00),
(1271, 'Arrival by Taxi', 1, 7, '2012-10-05', 25.00),
(1272, 'Lunch', 1, 12, '2012-10-05', 10.50),
(1273, 'Food', 1, 2, '2012-10-08', 12.00),
(1274, 'Cigarettes', 1, 1, '2012-10-08', 9.00),
(1275, 'Transit', 1, 3, '2012-10-08', 5.00),
(1276, 'Life', 1, 4, '2012-10-08', 10.00),
(1277, 'Arrival', 1, 6, '2012-10-08', 1600.00),
(1278, 'Car parts', 1, 8, '2012-10-09', 422.00),
(1279, 'Cigarettes', 1, 1, '2012-10-09', 9.00),
(1280, 'Transit', 1, 3, '2012-10-09', 7.50),
(1281, 'Sunflower seeds', 1, 2, '2012-10-09', 2.00),
(1282, 'Food', 1, 2, '2012-10-10', 8.50),
(1283, 'Car parts', 1, 8, '2012-10-11', 45.00),
(1284, 'Transit', 1, 3, '2012-10-12', 5.00),
(1285, 'Car parts', 1, 8, '2012-10-12', 80.00),
(1286, 'by Tsarenko', 1, 7, '2012-10-12', 200.00),
(1287, 'Life', 1, 4, '2012-10-13', 15.00),
(1288, 'Cigarettes', 1, 1, '2012-10-13', 9.00),
(1289, 'Fuel', 1, 3, '2012-10-13', 100.00),
(1290, 'Water for car', 1, 8, '2012-10-13', 15.00),
(1291, 'Cup', 1, 8, '2012-10-15', 8.00),
(1292, 'Cigarettes', 1, 1, '2012-10-15', 9.00),
(1293, 'Car parts', 1, 8, '2012-10-15', 30.00),
(1294, 'Transit', 1, 3, '2012-10-16', 3.00),
(1295, 'Transit', 1, 3, '2012-10-17', 3.00),
(1296, 'Lunch', 1, 12, '2012-10-17', 4.50),
(1297, 'Arrival', 1, 7, '2012-10-17', 20.00),
(1298, 'Cigarettes', 1, 1, '2012-10-17', 9.00),
(1299, 'Transit', 1, 3, '2012-10-18', 6.50),
(1300, 'Sunflower seeds', 1, 2, '2012-10-18', 2.00),
(1301, 'Cigarettes', 1, 1, '2012-10-18', 11.00),
(1302, 'Arrival', 1, 7, '2012-10-19', 160.00),
(1303, 'Transit', 1, 3, '2012-10-19', 2.50),
(1304, 'Transit', 1, 3, '2012-10-21', 5.00),
(1305, 'Cigarettes', 1, 1, '2012-10-21', 9.00),
(1306, 'Haircut', 1, 8, '2012-10-21', 40.00),
(1307, 'Transit', 1, 3, '2012-10-22', 4.00),
(1308, 'Inteh', 1, 7, '2012-10-22', 20.00),
(1309, 'Chocolate', 1, 2, '2012-10-22', 7.00),
(1310, 'Transit', 1, 3, '2012-10-23', 5.00),
(1311, 'Phone repair', 1, 8, '2012-10-23', 200.00),
(1312, 'Chocolate', 1, 2, '2012-10-23', 3.50),
(1313, 'Shoes', 1, 5, '2012-10-24', 32.00),
(1314, 'Bootlace', 1, 5, '2012-10-24', 5.00),
(1315, 'Chocolate', 1, 2, '2012-10-24', 7.00),
(1316, 'Cigarettes', 1, 1, '2012-10-24', 11.00),
(1317, 'Tenet', 1, 4, '2012-10-24', 25.00),
(1318, 'Club Card', 1, 8, '2012-10-24', 20.00),
(1319, 'Chocolate', 1, 2, '2012-10-25', 9.00),
(1320, 'White Spirit', 1, 8, '2012-10-25', 15.00),
(1321, 'Cigarettes', 1, 1, '2012-10-25', 11.00),
(1322, 'Pizza', 1, 1, '2012-10-25', 10.00),
(1323, 'Inteh', 1, 7, '2012-10-27', 90.00),
(1324, 'Bun', 1, 2, '2012-10-27', 2.00),
(1325, 'Shirt', 1, 5, '2012-10-29', 24.00),
(1326, 'Chocolate', 1, 2, '2012-10-29', 7.00),
(1327, 'Food', 1, 2, '2012-10-29', 8.00),
(1328, 'Cigarettes', 1, 1, '2012-10-29', 9.00),
(1329, 'Life', 1, 4, '2012-10-31', 35.00),
(1330, 'Food', 1, 2, '2012-10-31', 8.00),
(1331, 'Cigarettes', 1, 1, '2012-10-31', 7.00),
(1332, 'Cat food', 1, 2, '2012-10-31', 10.00),
(1333, 'Oil', 1, 2, '2012-10-31', 15.00),
(1334, 'Bread', 1, 2, '2012-10-31', 10.00),
(1335, 'Food', 1, 2, '2012-11-01', 4.50),
(1336, 'Chocolate', 1, 2, '2012-11-01', 3.50),
(1337, 'Wedding', 1, 1, '2012-11-02', 460.00),
(1338, 'Cigarretes', 1, 1, '2012-11-02', 10.00),
(1339, 'Beer', 1, 1, '2012-11-05', 28.00),
(1340, 'Cigarretes', 1, 1, '2012-11-05', 11.00),
(1341, 'Transit', 1, 3, '2012-11-06', 2.50),
(1342, 'Pants', 1, 5, '2012-11-06', 68.00),
(1343, 'Cigarretes', 1, 1, '2012-11-06', 11.50),
(1344, 'Snickers', 1, 2, '2012-11-06', 4.50),
(1345, 'Sunflower Seeds', 1, 2, '2012-11-06', 1.50),
(1346, 'Transit', 1, 3, '2012-11-07', 2.50),
(1347, 'Food', 1, 2, '2012-11-07', 1.50),
(1348, 'Transit', 1, 3, '2012-11-09', 2.50),
(1349, 'Cigarretes', 1, 1, '2012-11-09', 9.00),
(1350, 'Samsung Focus', 1, 7, '2012-11-09', 1350.00),
(1351, 'Work', 1, 7, '2012-11-09', 65.00),
(1352, 'Food', 1, 2, '2012-11-09', 20.00),
(1353, 'Transit', 1, 3, '2012-11-10', 5.00),
(1354, 'Cigarretes', 1, 1, '2012-11-10', 9.00),
(1355, 'Work', 1, 7, '2012-11-10', 90.00),
(1356, 'Cigarretes', 1, 1, '2012-11-12', 9.00),
(1357, 'Transit', 1, 3, '2012-11-12', 4.00),
(1358, 'Cigarretes', 1, 1, '2012-11-13', 7.00),
(1359, 'Food', 1, 2, '2012-11-13', 13.00),
(1360, 'Tenet', 1, 4, '2012-11-13', 25.00),
(1361, 'Sunflower Seeds', 1, 2, '2012-11-14', 2.00),
(1362, 'Food', 1, 2, '2012-11-15', 17.00),
(1363, 'Food', 1, 2, '2012-11-16', 15.00),
(1364, 'Wafle cakes', 1, 2, '2012-11-18', 10.00),
(1365, 'Work', 1, 7, '2012-11-19', 75.00),
(1366, 'Transit', 1, 3, '2012-11-19', 2.00),
(1367, 'Transit', 1, 3, '2012-11-21', 7.50),
(1368, 'Inteh', 1, 7, '2012-11-21', 50.00),
(1369, 'Cigarretes', 1, 1, '2012-11-22', 11.50),
(1370, 'Apples', 1, 2, '2012-11-22', 3.00),
(1371, 'Transit', 1, 3, '2012-11-24', 2.50),
(1372, 'Work', 1, 7, '2012-11-24', 100.00),
(1373, 'Transit', 1, 3, '2012-11-25', 2.50),
(1374, 'Sunflower Seeds', 1, 2, '2012-11-25', 7.00),
(1375, 'Cigarretes', 1, 1, '2012-11-25', 22.00),
(1376, 'Life', 1, 4, '2012-11-25', 35.00),
(1377, 'Work', 1, 7, '2012-11-27', 90.00),
(1378, 'Cigarretes', 1, 1, '2012-11-27', 11.00),
(1379, 'Work', 1, 7, '2012-11-28', 90.00),
(1380, 'Transit', 1, 3, '2012-11-28', 5.00),
(1381, 'Cigarretes', 1, 1, '2012-11-28', 9.00),
(1382, 'Beer', 1, 1, '2012-11-28', 6.00),
(1383, 'Transit', 1, 3, '2012-11-29', 5.00),
(1384, 'Transit', 1, 3, '2012-11-30', 5.00),
(1385, 'Lunch', 1, 12, '2012-11-30', 10.50),
(1386, 'Cigarretes', 1, 1, '2012-11-30', 9.00),
(1387, 'VGA Cable', 1, 7, '2012-12-01', 30.00),
(1388, 'Lunch', 1, 12, '2012-12-01', 6.50),
(1389, 'Food', 1, 2, '2012-12-02', 4.00),
(1390, 'Cigarettes', 1, 1, '2012-12-02', 9.00),
(1391, 'Transit', 1, 3, '2012-12-03', 5.00),
(1392, 'Cigarettes', 1, 1, '2012-12-03', 13.00),
(1393, 'Food', 1, 2, '2012-12-03', 16.00),
(1394, 'Inteh', 1, 7, '2012-12-03', 300.00),
(1395, 'Tenet', 1, 4, '2012-12-03', 15.00),
(1396, 'Transit', 1, 3, '2012-12-04', 5.00),
(1397, 'Coffe', 1, 2, '2012-12-04', 3.00),
(1398, 'Food', 1, 2, '2012-12-04', 12.50),
(1399, 'Cigarettes', 1, 1, '2012-12-04', 9.00),
(1400, 'Work', 1, 7, '2012-12-04', 90.00),
(1401, 'Transit', 1, 3, '2012-12-05', 3.00),
(1402, 'Lunch', 1, 12, '2012-12-05', 12.00),
(1403, 'Multilock+Alarm', 1, 8, '2012-12-05', 325.00),
(1404, 'Food', 1, 2, '2012-12-05', 4.00),
(1405, 'Transit', 1, 3, '2012-12-06', 3.00),
(1406, 'Cigarettes', 1, 1, '2012-12-06', 9.00),
(1407, 'Lunch', 1, 12, '2012-12-06', 12.00),
(1408, 'Transit', 1, 3, '2012-12-07', 1.50),
(1409, 'Inteh', 1, 7, '2012-12-07', 30.00),
(1410, 'Beer', 1, 1, '2012-12-07', 40.00),
(1411, 'Cigarettes', 1, 1, '2012-12-07', 10.00),
(1412, 'Transit', 1, 3, '2012-12-10', 5.00),
(1413, 'Lunch', 1, 12, '2012-12-10', 7.00),
(1414, 'Transit', 1, 3, '2012-12-11', 4.00),
(1415, 'Lunch', 1, 12, '2012-12-11', 9.50),
(1416, 'Cigarettes', 1, 1, '2012-12-11', 9.00),
(1417, 'Transit', 1, 3, '2012-12-12', 4.00),
(1418, 'Cigarettes', 1, 1, '2012-12-12', 9.00),
(1419, 'Lunch', 1, 12, '2012-12-12', 12.00),
(1420, 'Transit', 1, 3, '2012-12-13', 1.50),
(1421, 'Lunch', 1, 12, '2012-12-13', 6.50),
(1422, 'Eyedrops', 1, 8, '2012-12-13', 35.00),
(1423, 'Work', 1, 7, '2012-12-13', 30.00),
(1424, 'Transit', 1, 3, '2012-12-14', 4.00),
(1425, 'Cigarettes', 1, 1, '2012-12-14', 9.00),
(1426, 'Lunch', 1, 12, '2012-12-14', 9.50),
(1427, 'Cigarettes', 1, 1, '2012-12-15', 11.00),
(1428, 'Car ceiling', 1, 8, '2012-12-16', 105.00),
(1429, 'Tenet', 1, 4, '2012-12-16', 20.00),
(1430, 'Transit', 1, 3, '2012-12-17', 1.50),
(1431, 'Fuel', 1, 3, '2012-12-17', 100.00),
(1432, 'Car repairs', 1, 8, '2012-12-17', 1030.00),
(1433, 'Lunch', 1, 12, '2012-12-17', 9.00),
(1434, 'Cigarettes', 1, 1, '2012-12-17', 9.00),
(1435, 'Sunflower seeds', 1, 2, '2012-12-17', 2.00),
(1436, 'Transit', 1, 3, '2012-12-18', 1.50),
(1437, 'Cigarettes', 1, 1, '2012-12-18', 9.00),
(1438, 'Buy Whiskey', 1, 7, '2012-12-19', 14.00),
(1439, 'Lunch', 1, 12, '2012-12-19', 5.00),
(1440, 'Site work', 1, 7, '2012-12-19', 990.00),
(1441, 'Cigarettes', 1, 1, '2012-12-20', 11.00),
(1442, 'Lunch', 1, 12, '2012-12-20', 4.50),
(1443, 'Toha Birthday', 1, 1, '2012-12-20', 92.00),
(1444, 'PC work', 1, 7, '2012-12-20', 74.00),
(1445, 'Transit', 1, 3, '2012-12-21', 1.50),
(1446, 'Life', 1, 4, '2012-12-21', 20.00),
(1447, 'Cigarettes', 1, 1, '2012-12-21', 9.00),
(1448, 'Glasswipers', 1, 8, '2012-12-22', 25.00),
(1449, 'Knife', 1, 8, '2012-12-22', 22.00),
(1450, 'Glasswiper', 1, 8, '2012-12-22', 4.00),
(1451, 'Parking', 1, 7, '2012-12-22', 442.00),
(1452, 'Cigarettes', 1, 1, '2012-12-23', 9.00),
(1453, 'Alarm Horn', 1, 8, '2012-12-23', 50.00),
(1454, 'Cig', 1, 8, '2012-12-23', 15.00),
(1455, 'Sunflower seeds', 1, 2, '2012-12-23', 2.00),
(1456, 'Transit', 1, 3, '2012-12-24', 4.00),
(1457, 'Lunch', 1, 12, '2012-12-24', 4.50),
(1458, 'Key dublicate', 1, 8, '2012-12-24', 50.00),
(1459, 'Cigarettes', 1, 1, '2012-12-24', 9.00),
(1460, 'Transit', 1, 3, '2012-12-25', 5.00),
(1461, 'Lunch', 1, 12, '2012-12-25', 11.00),
(1462, 'Inteh', 1, 7, '2012-12-25', 40.00),
(1463, 'Accumulator', 1, 8, '2012-12-25', 450.00),
(1464, 'Fuel pay', 1, 7, '2012-12-25', 50.00),
(1465, 'Lunch', 1, 12, '2012-12-26', 8.50),
(1466, 'Fuel', 1, 3, '2012-12-27', 50.00),
(1467, 'Lunch', 1, 12, '2012-12-27', 4.50),
(1468, 'Chocolate', 1, 2, '2012-12-27', 4.50),
(1469, 'Transit', 1, 3, '2012-12-28', 4.00),
(1470, 'Lunch', 1, 12, '2012-12-28', 9.50),
(1471, 'Cigarettes', 1, 1, '2012-12-28', 9.00),
(1472, 'Transit', 1, 3, '2012-12-29', 6.50),
(1473, 'Cigarettes', 1, 1, '2012-12-29', 9.00),
(1474, 'Beer Meal', 1, 2, '2012-12-29', 60.00),
(1475, 'Lunch', 1, 12, '2012-12-29', 6.50),
(1476, 'Arrival', 1, 6, '2012-12-29', 1525.00),
(1477, 'Fuel', 1, 3, '2012-12-30', 200.00),
(1478, 'New year gifts', 1, 8, '2012-12-30', 179.00),
(1479, 'By fuel', 1, 7, '2013-01-01', 40.00),
(1480, 'Tenet', 1, 4, '2013-01-01', 40.00),
(1481, 'Coffe', 1, 1, '2013-01-01', 30.00),
(1482, 'Life', 1, 4, '2013-01-02', 40.00),
(1483, 'Transit', 1, 3, '2013-01-02', 3.00),
(1484, 'Cigaretes', 1, 1, '2013-01-02', 9.00),
(1485, 'Lunch', 1, 12, '2013-01-03', 7.00),
(1486, 'Lunch', 1, 12, '2013-01-04', 6.00),
(1487, 'Cigaretes', 1, 1, '2013-01-04', 9.00),
(1488, 'Accumulator', 1, 7, '2013-01-05', 38.00),
(1489, 'Sunflower seeds', 1, 2, '2013-01-07', 5.00),
(1490, 'Fuel', 1, 3, '2013-01-07', 200.00),
(1491, 'Pizza', 1, 1, '2013-01-07', 30.00),
(1492, 'Cigaretes', 1, 1, '2013-01-07', 12.00),
(1493, 'Transit', 1, 3, '2013-01-08', 2.50),
(1494, 'Lunch', 1, 12, '2013-01-08', 5.00),
(1495, 'Pullover+Jeans', 1, 5, '2013-01-08', 38.00),
(1496, 'Bread', 1, 2, '2013-01-08', 7.00),
(1497, 'Shef birthday', 1, 8, '2013-01-08', 55.00),
(1498, 'Transit', 1, 3, '2013-01-10', 4.00),
(1499, 'Lunch', 1, 12, '2013-01-10', 8.00),
(1500, 'Cigaretes', 1, 1, '2013-01-10', 9.00),
(1501, 'Lunch', 1, 12, '2013-01-11', 6.00),
(1502, 'Cigaretes', 1, 1, '2013-01-11', 9.00),
(1503, 'Cigaretes', 1, 1, '2013-01-13', 9.00),
(1504, 'Glass wash -20', 1, 8, '2013-01-13', 20.00),
(1505, 'Transit', 1, 3, '2013-01-14', 4.00),
(1506, 'Lunch', 1, 12, '2013-01-14', 6.50),
(1507, 'Lunch', 1, 12, '2013-01-15', 8.00),
(1508, 'Lunch', 1, 12, '2013-01-16', 8.00),
(1509, 'Lunch', 1, 12, '2013-01-17', 10.00),
(1510, 'Lunch', 1, 12, '2013-01-18', 11.00),
(1511, 'Nova Poshta', 1, 8, '2013-01-18', 16.00),
(1512, 'Fuel', 1, 3, '2013-01-18', 50.00),
(1513, 'Pirantel', 1, 8, '2013-01-19', 6.50),
(1514, 'Sunflower seeds', 1, 2, '2013-01-19', 4.50),
(1515, 'Food', 1, 2, '2013-01-20', 17.50),
(1516, 'Lunch', 1, 12, '2013-01-21', 9.50),
(1517, 'Cigaretes', 1, 1, '2013-01-21', 11.00),
(1518, 'Bread', 1, 2, '2013-01-21', 4.50),
(1519, 'Lunch', 1, 12, '2013-01-22', 7.00),
(1520, 'Cigaretes', 1, 1, '2013-01-22', 14.00),
(1521, 'Transit', 1, 3, '2013-01-23', 2.50),
(1522, 'Lunch', 1, 12, '2013-01-23', 10.00),
(1523, 'B.Luba', 1, 7, '2013-01-23', 105.00),
(1524, 'Transit', 1, 3, '2013-01-24', 3.00),
(1525, 'Lunch', 1, 12, '2013-01-24', 9.00),
(1526, 'Food', 1, 2, '2013-01-24', 30.00),
(1527, 'Buy tablet maxim', 1, 7, '2013-01-24', 60.00),
(1528, 'Transit', 1, 3, '2013-01-26', 4.00),
(1529, 'Pizza', 1, 1, '2013-01-26', 20.00),
(1530, 'Cigaretes', 1, 1, '2013-01-26', 14.00),
(1531, 'Bread', 1, 2, '2013-01-26', 4.50),
(1532, 'life', 1, 4, '2013-01-27', 40.00),
(1533, 'Cigaretes', 1, 1, '2013-01-27', 9.00),
(1534, 'Food', 1, 2, '2013-01-27', 20.00),
(1535, 'Transit', 1, 3, '2013-01-28', 4.00),
(1536, 'Lunch', 1, 12, '2013-01-28', 8.00),
(1537, 'Transit', 1, 3, '2013-01-29', 6.50),
(1538, 'Cigaretes', 1, 1, '2013-01-29', 9.00),
(1539, 'Lunch', 1, 12, '2013-01-29', 9.00),
(1540, 'Pistol', 1, 8, '2013-01-29', 521.00),
(1541, 'Transit', 1, 3, '2013-01-30', 5.00),
(1542, 'Lunch', 1, 12, '2013-01-30', 13.00),
(1543, 'Alexandra BD', 1, 8, '2013-01-30', 50.00),
(1544, 'Tenet', 1, 4, '2013-01-31', 20.00),
(1545, 'Transit', 1, 3, '2013-01-31', 1.50),
(1546, 'Lunch', 1, 12, '2013-01-31', 8.50),
(1547, 'Cigaretes', 1, 1, '2013-01-31', 9.50),
(1548, 'Sunflower seeds', 1, 2, '2013-01-31', 2.00),
(1549, 'Transit', 1, 3, '2013-02-01', 4.00),
(1550, 'Lunch', 1, 12, '2013-02-01', 15.50),
(1551, 'Ciggaretes', 1, 1, '2013-02-01', 9.00),
(1552, 'Haircut', 1, 8, '2013-02-01', 35.00),
(1553, 'Transit', 1, 3, '2013-02-04', 4.00),
(1554, 'Ciggaretes', 1, 1, '2013-02-04', 8.00),
(1555, 'Lunch', 1, 12, '2013-02-04', 5.00),
(1556, 'Transit', 1, 3, '2013-02-05', 3.00),
(1557, 'Lunch', 1, 12, '2013-02-05', 7.00),
(1558, 'Arrival', 1, 6, '2013-02-05', 3200.00),
(1559, 'Transit', 1, 3, '2013-02-06', 3.00),
(1560, 'Ciggaretes', 1, 1, '2013-02-06', 11.00),
(1561, 'Lunch', 1, 12, '2013-02-06', 16.50),
(1562, 'Break hoses', 1, 8, '2013-02-06', 240.00),
(1563, 'Slot ticket', 1, 1, '2013-02-06', 140.00),
(1564, 'Fuel', 1, 3, '2013-02-07', 300.00),
(1565, 'By fuel', 1, 7, '2013-02-07', 50.00),
(1566, 'Ciggaretes', 1, 1, '2013-02-07', 11.00),
(1567, 'Lunch', 1, 12, '2013-02-07', 20.00),
(1568, 'Lunch', 1, 12, '2013-02-08', 11.00),
(1569, 'Ciggaretes', 1, 1, '2013-02-08', 11.00),
(1570, 'Break fluid', 1, 8, '2013-02-08', 60.00),
(1571, 'Ciggaretes', 1, 1, '2013-02-10', 11.00),
(1572, 'Ciggaretes', 1, 1, '2013-02-11', 11.00),
(1573, 'Lunch', 1, 12, '2013-02-11', 10.00),
(1574, 'Tea', 1, 2, '2013-02-11', 10.00),
(1575, 'Vlad Birthday', 1, 8, '2013-02-12', 50.00),
(1576, 'Ciggaretes', 1, 1, '2013-02-12', 11.00),
(1577, 'Lunch', 1, 12, '2013-02-12', 9.00),
(1578, 'Lunch', 1, 12, '2013-02-13', 7.00),
(1579, 'Ciggaretes', 1, 1, '2013-02-13', 11.00),
(1580, 'Tenet', 1, 4, '2013-02-13', 25.00),
(1581, 'Lunch', 1, 12, '2013-02-14', 15.00),
(1582, 'Lunch', 1, 12, '2013-02-15', 19.00),
(1583, 'Ciggaretes', 1, 1, '2013-02-15', 11.00),
(1584, 'PC yesgroup', 1, 7, '2013-02-16', 300.00),
(1585, 'Ciggaretes', 1, 1, '2013-02-16', 11.00),
(1586, 'Lighter', 1, 4, '2013-02-16', 4.00),
(1587, 'Fuel', 1, 3, '2013-02-17', 100.00),
(1588, 'Car work Vadik', 1, 8, '2013-02-17', 100.00),
(1589, 'Beer', 1, 1, '2013-02-17', 5.00),
(1590, 'Ciggaretes', 1, 1, '2013-02-18', 11.00),
(1591, 'Lunch', 1, 12, '2013-02-18', 11.00),
(1592, 'Transit', 1, 3, '2013-02-19', 3.00),
(1593, 'Lunch', 1, 12, '2013-02-19', 12.00),
(1594, 'Transit', 1, 3, '2013-02-20', 3.00),
(1595, 'Lunch', 1, 12, '2013-02-20', 13.50),
(1596, 'Ciggaretes', 1, 1, '2013-02-20', 11.00),
(1597, 'Pop-corn', 1, 2, '2013-02-20', 30.00),
(1598, 'Transit', 1, 3, '2013-02-21', 3.00),
(1599, 'Lunch', 1, 12, '2013-02-21', 12.00),
(1600, 'Ciggaretes', 1, 1, '2013-02-21', 11.00),
(1601, 'Transit', 1, 3, '2013-02-22', 3.00),
(1602, 'Lunch', 1, 12, '2013-02-22', 11.00),
(1603, 'Ciggaretes', 1, 1, '2013-02-22', 11.00),
(1604, 'Food', 1, 2, '2013-02-22', 12.00),
(1605, 'McDonalds', 1, 2, '2013-02-24', 33.00),
(1606, 'Bread', 1, 2, '2013-02-24', 4.50),
(1607, 'Transit', 1, 3, '2013-02-25', 1.50),
(1608, 'Lunch', 1, 12, '2013-02-25', 22.00),
(1609, 'Transit', 1, 3, '2013-02-26', 3.00),
(1610, 'Ciggaretes', 1, 1, '2013-02-26', 9.00),
(1611, 'Transit', 1, 3, '2013-02-27', 4.00),
(1612, 'Ciggaretes', 1, 1, '2013-02-27', 11.00),
(1613, 'Lunch', 1, 12, '2013-02-27', 11.00),
(1614, 'Food', 1, 2, '2013-02-27', 11.50),
(1615, 'Transit', 1, 3, '2013-02-28', 3.00),
(1616, 'Lunch', 1, 12, '2013-02-28', 11.00),
(1617, 'Ciggaretes', 1, 1, '2013-02-28', 11.00),
(1618, 'Igor DR', 1, 8, '2013-03-01', 50.00),
(1619, 'Lunch', 1, 12, '2013-03-01', 14.00),
(1620, 'Bread', 1, 2, '2013-03-01', 5.00),
(1621, 'Transit', 1, 3, '2013-03-01', 4.00),
(1622, 'Lunch', 1, 12, '2013-03-02', 4.00),
(1623, 'Cigarettes', 1, 1, '2013-03-02', 11.00),
(1624, 'Wires Accum', 1, 8, '2013-03-03', 68.00),
(1625, 'Home shoes', 1, 8, '2013-03-03', 26.00),
(1626, 'Food', 1, 2, '2013-03-03', 55.00),
(1627, 'Cigarettes', 1, 1, '2013-03-03', 11.00),
(1628, 'Father Birthday', 1, 8, '2013-03-03', 45.00),
(1629, 'Transit', 1, 3, '2013-03-04', 3.00),
(1630, 'Lunch', 1, 12, '2013-03-04', 15.00),
(1631, 'Transit', 1, 3, '2013-03-05', 1.50),
(1632, 'Lunch', 1, 12, '2013-03-05', 26.00),
(1633, 'Cigarettes', 1, 1, '2013-03-05', 8.00),
(1634, 'Life', 1, 4, '2013-03-05', 35.00),
(1635, 'Tenet', 1, 4, '2013-03-05', 100.00),
(1636, 'Fuel', 1, 3, '2013-03-05', 100.00),
(1637, 'Arrival', 1, 6, '2013-03-05', 4000.00),
(1638, 'Transit', 1, 3, '2013-03-06', 3.00),
(1639, 'Lunch', 1, 12, '2013-03-06', 15.00),
(1640, 'Cigarettes', 1, 1, '2013-03-06', 8.00),
(1641, 'Transit', 1, 3, '2013-03-07', 3.00),
(1642, '8march skylogic', 1, 8, '2013-03-07', 150.00),
(1643, 'Lunch', 1, 12, '2013-03-07', 11.00),
(1644, 'Wireless mouse', 1, 8, '2013-03-07', 37.00),
(1645, 'Bike cameras', 1, 8, '2013-03-08', 80.00),
(1646, '8march vika', 1, 8, '2013-03-08', 43.00),
(1647, 'Cigarettes', 1, 1, '2013-03-08', 8.00),
(1648, 'Beer', 1, 1, '2013-03-09', 20.00),
(1649, 'Cigarettes', 1, 1, '2013-03-09', 12.00),
(1650, 'Transit', 1, 3, '2013-03-11', 4.00),
(1651, 'Lunch', 1, 12, '2013-03-11', 25.00),
(1652, 'Orbit', 1, 2, '2013-03-11', 4.00),
(1653, 'Accum charge', 1, 8, '2013-03-11', 40.00),
(1654, 'Multimeter', 1, 8, '2013-03-11', 38.00),
(1655, 'Transit', 1, 3, '2013-03-12', 4.00),
(1656, 'Lunch', 1, 12, '2013-03-12', 11.00),
(1657, 'Chocolate', 1, 2, '2013-03-12', 7.00),
(1658, 'Transit', 1, 3, '2013-03-13', 1.50),
(1659, 'Transit', 1, 3, '2013-03-14', 3.00),
(1660, 'Lunch', 1, 12, '2013-03-14', 11.00),
(1661, 'Transit', 1, 3, '2013-03-15', 4.00),
(1662, 'Bike comp. battery', 1, 8, '2013-03-15', 5.00),
(1663, 'Lunch', 1, 12, '2013-03-15', 12.00),
(1664, 'Work in yesgroup', 1, 7, '2013-03-15', 190.00),
(1665, 'Vitamin', 1, 8, '2013-03-15', 6.00),
(1666, 'Cigarettes', 1, 1, '2013-03-15', 11.00),
(1667, 'Transit', 1, 3, '2013-03-16', 5.00),
(1668, 'Tennis', 1, 1, '2013-03-16', 20.00),
(1669, 'Café', 1, 1, '2013-03-17', 60.00),
(1670, 'Chocolate', 1, 2, '2013-03-17', 7.00),
(1671, 'Transit', 1, 3, '2013-03-18', 3.00),
(1672, 'Birthdays', 1, 8, '2013-03-18', 150.00),
(1673, 'Lunch', 1, 12, '2013-03-18', 11.50),
(1674, 'Vitamin', 1, 8, '2013-03-18', 10.00),
(1675, 'Cigarettes', 1, 1, '2013-03-18', 11.00),
(1676, 'Fuel', 1, 3, '2013-03-19', 100.00),
(1677, 'Lunch', 1, 12, '2013-03-19', 3.00),
(1678, 'Food', 1, 2, '2013-03-19', 85.00),
(1679, 'Lunch', 1, 12, '2013-03-20', 13.00),
(1680, 'Lunch', 1, 12, '2013-03-21', 22.00),
(1681, 'Lunch', 1, 12, '2013-03-22', 13.00),
(1682, 'Orbit', 1, 2, '2013-03-22', 4.00),
(1683, 'Cigarettes', 1, 1, '2013-03-22', 8.00),
(1684, 'Pizza', 1, 2, '2013-03-22', 36.00),
(1685, 'Fuel', 1, 3, '2013-03-24', 200.00),
(1686, 'Cigarettes', 1, 1, '2013-03-24', 9.00),
(1687, 'Tennis', 1, 1, '2013-03-24', 17.00),
(1688, 'Lunch', 1, 12, '2013-03-25', 21.00),
(1689, 'Cigarettes', 1, 1, '2013-03-26', 9.50),
(1690, 'Lunch', 1, 12, '2013-03-26', 12.00),
(1691, 'Cigarettes', 1, 1, '2013-03-27', 9.50),
(1692, 'Lunch', 1, 12, '2013-03-27', 2.00),
(1693, 'Lunch', 1, 12, '2013-03-28', 13.00),
(1694, 'Tennis', 1, 1, '2013-03-28', 10.00),
(1695, 'Ketchup', 1, 2, '2013-03-28', 5.00),
(1696, 'Cigarettes', 1, 1, '2013-03-29', 8.00),
(1697, 'Lunch', 1, 12, '2013-03-29', 14.00),
(1698, 'Nuts', 1, 2, '2013-03-29', 16.00),
(1699, 'Life', 1, 4, '2013-03-29', 35.00),
(1700, 'Car rent', 1, 7, '2013-03-29', 400.00),
(1701, 'Chocolate', 1, 2, '2013-03-30', 9.00),
(1702, 'Transit', 1, 3, '2013-03-31', 2.50),
(1703, 'Transit', 1, 3, '2013-04-01', 3.00),
(1704, 'Phone', 1, 8, '2013-04-01', 2030.00),
(1705, 'Lunch', 1, 12, '2013-04-01', 17.50),
(1706, 'Cigarettes', 1, 1, '2013-04-02', 12.00),
(1707, 'Food', 1, 2, '2013-04-02', 10.00),
(1708, 'Transit', 1, 3, '2013-04-03', 3.00),
(1709, 'Lunch', 1, 12, '2013-04-03', 19.50),
(1710, 'Arrival', 1, 6, '2013-04-03', 4000.00),
(1711, 'Food', 1, 2, '2013-04-03', 55.00),
(1712, 'Lunch', 1, 12, '2013-04-04', 25.00),
(1713, 'Transit', 1, 3, '2013-04-04', 1.50),
(1714, 'Tennis', 1, 1, '2013-04-04', 15.00),
(1715, 'Memory card', 1, 8, '2013-04-04', 129.00),
(1716, 'Transit', 1, 3, '2013-04-05', 4.00),
(1717, 'Lunch', 1, 12, '2013-04-05', 17.00),
(1718, 'Battery', 1, 8, '2013-04-06', 8.00),
(1719, 'Haircut', 1, 8, '2013-04-06', 40.00),
(1720, 'Cigarettes', 1, 1, '2013-04-06', 8.00),
(1721, 'Lunch', 1, 12, '2013-04-06', 8.00),
(1722, 'Transit', 1, 3, '2013-04-06', 2.50),
(1723, 'Pizza', 1, 1, '2013-04-07', 50.00),
(1724, 'Tennis', 1, 1, '2013-04-07', 10.00),
(1725, 'Cigarettes', 1, 1, '2013-04-07', 12.00),
(1726, 'Lunch', 1, 12, '2013-04-08', 23.00),
(1727, 'Lunch', 1, 12, '2013-04-09', 17.00),
(1728, 'Cigarettes', 1, 1, '2013-04-09', 9.50),
(1729, 'Hood lock', 1, 8, '2013-04-09', 80.00),
(1730, 'Lunch', 1, 12, '2013-04-10', 18.50),
(1731, 'Lunch', 1, 12, '2013-04-11', 12.00),
(1732, 'Cigarettes', 1, 1, '2013-04-11', 8.00),
(1733, 'Lunch', 1, 12, '2013-04-12', 18.00),
(1734, 'Engine mount', 1, 8, '2013-04-13', 80.00),
(1735, 'Tuner glass', 1, 8, '2013-04-13', 20.00),
(1736, 'Car wipers', 1, 8, '2013-04-13', 125.00),
(1737, 'Dextron sterring', 1, 8, '2013-04-13', 60.00),
(1738, 'Lunch', 1, 12, '2013-04-14', 14.00),
(1739, 'Food', 1, 2, '2013-04-14', 16.50),
(1740, 'Tennis', 1, 1, '2013-04-14', 10.00),
(1741, 'Cigarettes', 1, 1, '2013-04-14', 8.00),
(1742, 'Lunch', 1, 12, '2013-04-15', 23.00),
(1743, 'Drugs', 1, 8, '2013-04-16', 4.50),
(1744, 'Cigarettes', 1, 1, '2013-04-16', 12.00),
(1745, 'Lunch', 1, 12, '2013-04-16', 16.00),
(1746, 'Lunch', 1, 12, '2013-04-17', 19.00),
(1747, 'Cigarettes', 1, 1, '2013-04-17', 12.00),
(1748, 'Beer', 1, 1, '2013-04-17', 6.00),
(1749, 'Lunch', 1, 12, '2013-04-18', 12.00),
(1750, 'Alcohol', 1, 7, '2013-04-18', 44.00),
(1751, 'Lunch', 1, 12, '2013-04-19', 15.00),
(1752, 'Life', 1, 4, '2013-04-19', 10.00),
(1753, 'Steer. Doubletree', 1, 8, '2013-04-20', 100.00),
(1754, 'Football', 1, 1, '2013-04-20', 30.00),
(1755, 'Food for me', 1, 2, '2013-04-20', 13.00),
(1756, 'Lunch', 1, 12, '2013-04-22', 15.00),
(1757, 'Car arrival', 1, 7, '2013-04-22', 160.00),
(1758, 'Lunch', 1, 12, '2013-04-23', 14.00),
(1759, 'Lunch', 1, 12, '2013-04-24', 20.00),
(1760, 'Router', 1, 8, '2013-04-25', 100.00),
(1761, 'Present Vika', 1, 8, '2013-04-25', 132.00),
(1762, 'Lunch', 1, 12, '2013-04-25', 20.00),
(1763, 'Cigarettes', 1, 1, '2013-04-25', 8.00),
(1764, 'Food', 1, 2, '2013-04-25', 20.00),
(1765, 'Lunch', 1, 12, '2013-04-26', 20.00),
(1766, 'Food', 1, 2, '2013-04-26', 10.00),
(1767, 'Food', 1, 2, '2013-04-27', 24.00),
(1768, 'Football', 1, 1, '2013-04-27', 20.00),
(1769, 'Life', 1, 4, '2013-04-27', 35.00),
(1770, 'Candies', 1, 8, '2013-04-28', 17.00),
(1771, 'Cigarettes', 1, 1, '2013-04-28', 8.00),
(1772, 'For fuel', 1, 7, '2013-04-30', 25.00),
(1773, 'Fuel', 1, 3, '2013-04-30', 200.00),
(1774, 'Cigarettes', 1, 1, '2013-04-30', 8.00),
(1775, 'Lunch', 1, 12, '2013-04-30', 20.00),
(1776, 'Arrival', 1, 6, '2013-05-01', 3200.00),
(1777, 'Food picnic', 1, 2, '2013-05-01', 114.00),
(1778, 'For fuel', 1, 7, '2013-05-01', 90.00),
(1779, 'Food', 1, 2, '2013-05-02', 7.00),
(1780, 'Cigarettes', 1, 1, '2013-05-02', 8.00),
(1781, 'Fuel', 1, 3, '2013-05-05', 200.00),
(1782, 'Food', 1, 2, '2013-05-05', 20.00),
(1783, 'Food', 1, 2, '2013-05-06', 10.00),
(1784, 'Lunch', 1, 12, '2013-05-07', 16.00),
(1785, 'Orbit gum', 1, 2, '2013-05-07', 4.50),
(1786, 'Lunch', 1, 12, '2013-05-08', 22.00),
(1787, 'Nuts', 1, 2, '2013-05-08', 18.00),
(1788, 'Whiskey', 1, 7, '2013-05-08', 17.00),
(1789, 'Food', 1, 2, '2013-05-09', 19.00),
(1790, 'Food', 1, 2, '2013-05-10', 45.00),
(1791, 'Beer', 1, 1, '2013-05-10', 115.00),
(1792, 'Shirt', 1, 5, '2013-05-11', 100.00),
(1793, 'Socks', 1, 5, '2013-05-11', 20.00),
(1794, 'Food', 1, 2, '2013-05-11', 27.00),
(1795, 'Cemetery enter', 1, 8, '2013-05-12', 2.00),
(1796, 'Food', 1, 2, '2013-05-12', 7.00),
(1797, 'Lunch', 1, 12, '2013-05-13', 13.50),
(1798, 'Sergey Birthday', 1, 8, '2013-05-13', 50.00),
(1799, 'Lunch', 1, 12, '2013-05-14', 19.00),
(1800, 'Fuel', 1, 3, '2013-05-15', 200.00),
(1801, 'Lunch', 1, 12, '2013-05-15', 24.00),
(1802, 'Food', 1, 2, '2013-05-15', 23.00),
(1803, 'GrandMa', 1, 7, '2013-05-15', 100.00),
(1804, 'Lunch', 1, 12, '2013-05-16', 16.00),
(1805, 'Shaving cream', 1, 8, '2013-05-16', 36.00),
(1806, 'Food', 1, 2, '2013-05-16', 13.00),
(1807, 'Picnic', 1, 1, '2013-05-16', 66.00),
(1808, 'Lunch', 1, 12, '2013-05-17', 16.00),
(1809, 'Ira birthday', 1, 8, '2013-05-18', 50.00),
(1810, 'Lunch', 1, 12, '2013-05-18', 14.00),
(1811, 'Bread', 1, 2, '2013-05-18', 5.00),
(1812, 'Lunch', 1, 12, '2013-05-20', 29.00),
(1813, 'Food', 1, 2, '2013-05-20', 30.00),
(1814, 'Lunch', 1, 12, '2013-05-21', 24.00),
(1815, 'Lunch', 1, 12, '2013-05-22', 28.00),
(1816, 'Life', 1, 4, '2013-05-22', 40.00),
(1817, 'Food', 1, 2, '2013-05-22', 6.00),
(1818, 'Fuel', 1, 3, '2013-05-23', 200.00),
(1819, 'Lunch', 1, 12, '2013-05-23', 20.00),
(1820, 'Lunch', 1, 12, '2013-05-24', 29.00),
(1821, 'Lunch', 1, 12, '2013-05-25', 22.00),
(1822, 'Popcorn', 1, 1, '2013-05-25', 35.00),
(1823, 'Cinema', 1, 1, '2013-05-25', 70.00),
(1824, 'Cat food', 1, 2, '2013-05-26', 7.00),
(1825, 'Food', 1, 2, '2013-05-26', 71.00),
(1826, 'Transit', 1, 3, '2013-05-27', 1.50),
(1827, 'Lunch', 1, 12, '2013-05-27', 29.00),
(1828, 'Tenet', 1, 4, '2013-05-27', 100.00),
(1829, 'Beer', 1, 1, '2013-05-27', 7.00),
(1830, 'Transit', 1, 3, '2013-05-28', 1.50),
(1831, 'Lunch', 1, 12, '2013-05-28', 14.00),
(1832, 'Lunch', 1, 12, '2013-05-29', 24.00),
(1833, 'Food', 1, 2, '2013-05-29', 12.00),
(1834, 'Lunch', 1, 12, '2013-05-30', 22.00),
(1835, 'Fistashki', 1, 2, '2013-05-30', 16.00),
(1836, 'Lunch', 1, 12, '2013-05-31', 23.00),
(1837, 'Food', 1, 2, '2013-05-31', 18.00),
(1838, 'Water', 1, 2, '2013-06-01', 5.00),
(1839, 'Lunch', 1, 12, '2013-06-01', 20.00),
(1840, 'Cat food', 1, 2, '2013-06-02', 7.00),
(1841, 'Strawberry', 1, 2, '2013-06-02', 10.00),
(1842, 'Food', 1, 2, '2013-06-02', 18.00),
(1843, 'Shoes', 1, 5, '2013-06-02', 100.00),
(1844, 'Lunch', 1, 12, '2013-06-03', 26.00),
(1845, 'Arrival', 1, 6, '2013-06-03', 3200.00),
(1846, 'Lunch', 1, 12, '2013-06-04', 30.00),
(1847, 'Food', 1, 2, '2013-06-04', 55.00),
(1848, 'Lunch', 1, 12, '2013-06-05', 24.00),
(1849, 'Popcorn', 1, 1, '2013-06-05', 20.00),
(1850, 'Lunch', 1, 12, '2013-06-06', 29.00),
(1851, 'Food', 1, 2, '2013-06-06', 23.00),
(1852, 'From grandma', 1, 7, '2013-06-06', 50.00),
(1853, 'Lunch', 1, 12, '2013-06-07', 28.00),
(1854, 'Lunch', 1, 12, '2013-06-08', 21.00),
(1855, 'Transit', 1, 3, '2013-06-08', 5.00),
(1856, 'Haircut', 1, 8, '2013-06-09', 40.00),
(1857, 'Food', 1, 2, '2013-06-09', 21.00),
(1858, 'Chocolate', 1, 2, '2013-06-09', 10.00),
(1859, 'Transit', 1, 3, '2013-06-10', 2.50),
(1860, 'Lunch', 1, 12, '2013-06-10', 17.00),
(1861, 'Transit', 1, 3, '2013-06-11', 2.50),
(1862, 'Lunch', 1, 12, '2013-06-11', 28.00),
(1863, 'Food', 1, 2, '2013-06-11', 19.00),
(1864, 'Lunch', 1, 12, '2013-06-12', 29.00),
(1865, 'Transit', 1, 3, '2013-06-12', 1.50),
(1866, 'Food', 1, 2, '2013-06-12', 28.00),
(1867, 'Transit', 1, 3, '2013-06-13', 1.50),
(1868, 'Icecream', 1, 2, '2013-06-13', 4.50),
(1869, 'Lunch', 1, 12, '2013-06-13', 23.00),
(1870, 'Transit', 1, 3, '2013-06-14', 1.50),
(1871, 'Lunch', 1, 12, '2013-06-14', 58.00),
(1872, 'Food', 1, 2, '2013-06-14', 5.00),
(1873, 'Water', 1, 2, '2013-06-15', 8.00),
(1874, 'Transit', 1, 3, '2013-06-15', 2.50),
(1875, 'Head light', 1, 8, '2013-06-15', 200.00),
(1876, 'Food', 1, 2, '2013-06-16', 68.00),
(1877, 'Lunch', 1, 12, '2013-06-17', 50.00),
(1878, 'Transit', 1, 3, '2013-06-17', 3.00),
(1879, 'Transit', 1, 3, '2013-06-18', 3.00),
(1880, 'Lunch', 1, 12, '2013-06-18', 23.00),
(1881, 'Life', 1, 4, '2013-06-18', 51.00),
(1882, 'Transit', 1, 3, '2013-06-19', 3.00),
(1883, 'Lunch', 1, 12, '2013-06-19', 15.00),
(1884, 'Food', 1, 2, '2013-06-19', 9.00),
(1885, 'Transit', 1, 3, '2013-06-20', 3.00),
(1886, 'Lunch', 1, 12, '2013-06-20', 26.00),
(1887, 'Transit', 1, 3, '2013-06-21', 3.00),
(1888, 'Lunch', 1, 12, '2013-06-21', 21.00),
(1889, 'Picnic', 1, 1, '2013-06-21', 62.00),
(1890, 'Food', 1, 2, '2013-06-23', 33.00),
(1891, 'Party', 1, 1, '2013-06-23', 50.00),
(1892, 'Lunch', 1, 12, '2013-06-25', 30.00),
(1893, 'Transit', 1, 3, '2013-06-25', 4.00),
(1894, 'Sasha BD', 1, 8, '2013-06-25', 50.00),
(1895, 'Transit', 1, 3, '2013-06-26', 1.50),
(1896, 'Lunch', 1, 12, '2013-06-26', 22.00),
(1897, 'Vista repair', 1, 8, '2013-06-26', 2900.00),
(1898, 'Transit', 1, 3, '2013-06-27', 7.00),
(1899, 'Lunch', 1, 12, '2013-06-27', 20.00),
(1900, 'Head turner', 1, 8, '2013-06-27', 120.00),
(1901, 'Drugs', 1, 8, '2013-06-28', 10.00),
(1902, 'Glue', 1, 8, '2013-06-28', 14.00),
(1903, 'Water', 1, 2, '2013-06-28', 7.00),
(1904, 'Car rent', 1, 7, '2013-06-28', 200.00),
(1905, 'Food', 1, 2, '2013-06-30', 76.00),
(1906, 'Lunch', 1, 12, '2013-07-01', 21.00),
(1907, 'Lunch', 1, 12, '2013-07-02', 19.00),
(1908, 'Lunch', 1, 12, '2013-07-03', 18.00),
(1909, 'Arrival', 1, 6, '2013-07-03', 3500.00),
(1910, 'Lunch', 1, 12, '2013-07-04', 21.00),
(1911, 'Oil', 1, 8, '2013-07-04', 36.00),
(1912, 'Lunch', 1, 12, '2013-07-05', 29.00),
(1913, 'Food', 1, 2, '2013-07-05', 80.00),
(1914, 'Lunch', 1, 12, '2013-07-06', 18.00),
(1915, 'CPU cooler', 1, 8, '2013-07-06', 60.00),
(1916, 'Beer and cookies', 1, 2, '2013-07-07', 13.00),
(1917, 'Lunch', 1, 12, '2013-07-08', 23.00),
(1918, 'Food', 1, 2, '2013-07-09', 12.00),
(1919, 'Lunch', 1, 12, '2013-07-09', 28.00),
(1920, 'Lunch', 1, 12, '2013-07-10', 51.00),
(1921, 'Transit', 1, 3, '2013-07-10', 2.50),
(1922, 'Lunch', 1, 12, '2013-07-11', 15.00),
(1923, 'Lunch', 1, 12, '2013-07-12', 23.00),
(1924, 'Water', 1, 8, '2013-07-12', 6.00),
(1925, 'Beer and cookies', 1, 1, '2013-07-12', 17.00),
(1926, 'Food', 1, 2, '2013-07-13', 165.00),
(1927, 'Table lamp', 1, 8, '2013-07-13', 65.00),
(1928, 'Fuel', 1, 3, '2013-07-14', 200.00),
(1929, 'Picnic', 1, 1, '2013-07-14', 50.00),
(1930, 'For Fuel', 1, 7, '2013-07-14', 25.00),
(1931, 'Lunch', 1, 12, '2013-07-15', 21.00),
(1932, 'Sasha Birthday', 1, 8, '2013-07-15', 50.00),
(1933, 'Lunch', 1, 12, '2013-07-16', 20.00),
(1934, 'Lunch', 1, 12, '2013-07-17', 18.00),
(1935, 'Beer and cookies', 1, 1, '2013-07-17', 28.00),
(1936, 'Lunch', 1, 12, '2013-07-18', 26.00),
(1937, 'Lunch', 1, 12, '2013-07-19', 20.00),
(1938, 'Beer', 1, 1, '2013-07-19', 50.00),
(1939, 'Transit', 1, 3, '2013-07-19', 4.00),
(1940, 'Shirt', 1, 5, '2013-07-20', 120.00),
(1941, 'Food', 1, 2, '2013-07-20', 80.00),
(1942, 'Picnic', 1, 1, '2013-07-21', 50.00),
(1943, 'For Fuel', 1, 7, '2013-07-21', 20.00),
(1944, 'Lunch', 1, 12, '2013-07-22', 13.00),
(1945, 'Lunch', 1, 12, '2013-07-23', 18.00),
(1946, 'Fuel', 1, 3, '2013-07-23', 200.00),
(1947, 'Chips', 1, 1, '2013-07-23', 8.00),
(1948, 'Lunch', 1, 12, '2013-07-24', 10.00),
(1949, 'Life', 1, 4, '2013-07-24', 50.00),
(1950, 'PC yesgroup', 1, 7, '2013-07-24', 320.00),
(1951, 'Lunch', 1, 12, '2013-07-25', 15.00),
(1952, 'Lunch', 1, 12, '2013-07-26', 27.00),
(1953, 'Food', 1, 2, '2013-07-26', 88.00),
(1954, 'Food', 1, 2, '2013-07-27', 48.00),
(1955, 'Lunch', 1, 12, '2013-07-29', 13.00),
(1956, 'Bike bootle', 1, 8, '2013-07-29', 75.00),
(1957, 'Lunch', 1, 12, '2013-07-30', 17.00),
(1958, 'Lunch', 1, 12, '2013-07-31', 15.00),
(1959, 'PC yesgroup', 1, 7, '2013-07-31', 60.00),
(1960, 'Food', 1, 2, '2013-07-31', 25.00),
(1961, 'Lunch', 1, 12, '2013-08-01', 21.00),
(1962, 'Lunch', 1, 12, '2013-08-02', 25.00),
(1963, 'Arrival', 1, 6, '2013-08-02', 5600.00),
(1964, 'Food', 1, 2, '2013-08-03', 115.00),
(1965, 'Fuel', 1, 3, '2013-08-03', 100.00),
(1966, 'Batteries to mouse', 1, 8, '2013-08-03', 10.00),
(1967, 'Shaurma', 1, 2, '2013-08-04', 30.00),
(1968, 'Lunch', 1, 12, '2013-08-05', 40.00),
(1969, 'Table prepayment', 1, 8, '2013-08-06', 200.00),
(1970, 'Lunch', 1, 12, '2013-08-06', 12.00),
(1971, 'Lunch', 1, 12, '2013-08-07', 21.00),
(1972, 'Lunch', 1, 12, '2013-08-08', 21.00),
(1973, 'Kurorts.com', 1, 7, '2013-08-08', 800.00),
(1974, 'Lunch', 1, 12, '2013-08-09', 16.00),
(1975, 'Table', 1, 8, '2013-08-10', 650.00),
(1976, 'Tennis', 1, 1, '2013-08-10', 20.00),
(1977, 'Icecream', 1, 2, '2013-08-10', 4.00),
(1978, 'Food', 1, 2, '2013-08-10', 63.00),
(1979, 'Food', 1, 2, '2013-08-10', 48.00),
(1980, 'Tenet', 1, 4, '2013-08-11', 50.00),
(1981, 'Food', 1, 2, '2013-08-11', 10.00),
(1982, 'Lunch', 1, 12, '2013-08-12', 28.00),
(1983, 'Fuel', 1, 3, '2013-08-12', 200.00),
(1984, 'Lunch', 1, 12, '2013-08-13', 13.00),
(1985, 'Lunch', 1, 12, '2013-08-14', 27.00),
(1986, 'Club', 1, 1, '2013-08-14', 40.00),
(1987, 'Lunch', 1, 12, '2013-08-15', 15.00),
(1988, 'PC Case', 1, 8, '2013-08-15', 45.00),
(1989, 'Lunch', 1, 12, '2013-08-16', 27.00),
(1990, 'Beer', 1, 1, '2013-08-16', 17.00),
(1991, 'Icecream', 1, 1, '2013-08-18', 5.00),
(1992, 'Chocolate', 1, 1, '2013-08-18', 8.00),
(1993, 'Lunch', 1, 12, '2013-08-19', 17.00),
(1994, 'Food', 1, 2, '2013-08-19', 43.00),
(1995, 'Lunch', 1, 12, '2013-08-20', 22.00),
(1996, 'Lunch', 1, 12, '2013-08-22', 17.00),
(1997, 'Inteh', 1, 7, '2013-08-22', 10.00),
(1998, 'Birthday', 1, 7, '2013-08-23', 300.00),
(1999, 'Food', 1, 2, '2013-08-23', 11.00),
(2000, 'Beer', 1, 1, '2013-08-23', 8.00),
(2001, 'Birthday', 1, 7, '2013-08-23', 300.00),
(2002, 'Food', 1, 2, '2013-08-25', 40.00),
(2003, 'Life', 1, 4, '2013-08-25', 50.00),
(2004, 'McDonalds', 1, 1, '2013-08-26', 39.00),
(2005, 'Beer', 1, 1, '2013-08-26', 11.00),
(2006, 'Lunch', 1, 12, '2013-08-27', 14.00),
(2007, 'Haircut', 1, 8, '2013-08-27', 40.00),
(2008, 'Lunch', 1, 12, '2013-08-28', 20.00),
(2009, 'Birthday skylogic', 1, 8, '2013-08-28', 177.00),
(2010, 'Birthday', 1, 7, '2013-08-28', 550.00),
(2011, 'Lunch', 1, 12, '2013-08-29', 8.00),
(2012, 'Food', 1, 2, '2013-08-29', 8.00),
(2013, 'Inteh', 1, 7, '2013-08-29', 20.00),
(2014, 'Site setup gain', 1, 7, '2013-08-29', 50.00),
(2015, 'Lunch', 1, 12, '2013-08-30', 12.00),
(2016, 'Tennis', 1, 1, '2013-08-31', 15.00),
(2017, 'Lunch', 1, 12, '2013-08-31', 37.00),
(2018, 'Food', 1, 2, '2013-09-01', 172.00),
(2019, 'Beer', 1, 1, '2013-09-01', 16.00),
(2020, 'Lunch', 1, 12, '2013-09-02', 15.00),
(2021, 'Food', 1, 2, '2013-09-02', 6.00),
(2022, 'Axe desaudorant', 1, 8, '2013-09-02', 23.00),
(2023, 'Lunch', 1, 12, '2013-09-03', 19.00),
(2024, 'Alcohol sale', 1, 7, '2013-09-03', 25.00),
(2025, 'Beer', 1, 1, '2013-09-03', 20.00),
(2026, 'Lunch', 1, 12, '2013-09-04', 25.00),
(2027, 'Arrival', 1, 6, '2013-09-04', 6400.00),
(2028, 'Lunch', 1, 12, '2013-09-05', 20.00),
(2029, 'Lunch', 1, 12, '2013-09-06', 22.00),
(2030, 'Dinner', 1, 2, '2013-09-06', 8.00),
(2031, 'Food', 1, 2, '2013-09-07', 19.00),
(2032, 'Chair', 1, 8, '2013-09-08', 657.00),
(2033, 'Mouse', 1, 8, '2013-09-08', 129.00),
(2034, 'Pizza friends', 1, 1, '2013-09-08', 70.00),
(2035, 'Lunch', 1, 12, '2013-09-09', 24.00),
(2036, 'Design sell', 1, 7, '2013-09-09', 395.00),
(2037, 'Food', 1, 2, '2013-09-09', 50.00),
(2038, 'Lunch', 1, 12, '2013-09-10', 19.00),
(2039, 'Lunch', 1, 12, '2013-09-11', 35.00),
(2040, 'Lunch', 1, 12, '2013-09-12', 19.00),
(2041, 'Lunch', 1, 12, '2013-09-13', 21.00),
(2042, 'Food', 1, 2, '2013-09-14', 102.00),
(2043, 'Tenet', 1, 4, '2013-09-15', 100.00),
(2044, 'Winter Coat', 1, 5, '2013-09-15', 1100.00),
(2045, 'Site work', 1, 7, '2013-09-15', 600.00),
(2046, 'Lunch', 1, 12, '2013-09-16', 21.00),
(2047, 'Kim birthday', 1, 8, '2013-09-16', 50.00),
(2048, 'Lunch', 1, 12, '2013-09-17', 26.00),
(2049, 'Site work', 1, 7, '2013-09-17', 200.00),
(2050, 'Lunch', 1, 12, '2013-09-18', 17.00),
(2051, 'Whiskey sell', 1, 7, '2013-09-18', 25.00),
(2052, 'Lunch', 1, 12, '2013-09-19', 15.00),
(2053, 'Lunch', 1, 12, '2013-09-20', 20.00),
(2054, 'Beer etc', 1, 1, '2013-09-20', 15.00),
(2055, 'Transit', 1, 3, '2013-09-21', 2.50),
(2056, 'Food', 1, 2, '2013-09-21', 100.00),
(2057, 'Life', 1, 4, '2013-09-21', 40.00),
(2058, 'Lunch', 1, 12, '2013-09-23', 21.00),
(2059, 'Lunch', 1, 12, '2013-09-24', 25.00),
(2060, 'Food', 1, 2, '2013-09-24', 20.00),
(2061, 'Car', 1, 8, '2013-09-24', 810.00),
(2062, 'Lunch', 1, 12, '2013-09-25', 33.00),
(2063, 'Lunch', 1, 12, '2013-09-26', 26.00),
(2064, 'Lunch', 1, 12, '2013-09-27', 27.00),
(2065, 'Picnic', 1, 1, '2013-09-28', 23.00),
(2066, 'Food', 1, 2, '2013-09-29', 100.00),
(2067, 'Transit', 1, 3, '2013-09-30', 4.00),
(2068, 'Lunch', 1, 12, '2013-09-30', 18.00),
(2069, 'Beer etc', 1, 1, '2013-09-30', 8.00),
(2070, 'Chocolate', 1, 8, '2013-10-01', 23.00),
(2071, 'Lunch', 1, 12, '2013-10-01', 10.00),
(2072, 'Bisquit', 1, 1, '2013-10-02', 13.00),
(2073, 'Lunch', 1, 12, '2013-10-02', 21.00),
(2074, 'Arrival', 1, 6, '2013-10-02', 4800.00),
(2075, 'Food', 1, 2, '2013-10-02', 22.00),
(2076, 'Lunch', 1, 12, '2013-10-03', 22.00),
(2077, 'Lunch', 1, 12, '2013-10-04', 19.00),
(2078, 'Beer etc', 1, 1, '2013-10-04', 64.00),
(2079, 'Mebli tsarenko site', 1, 7, '2013-10-04', 1100.00),
(2080, 'Cat food', 1, 8, '2013-10-04', 22.00),
(2081, 'Food', 1, 2, '2013-10-04', 100.00),
(2082, 'Lunch', 1, 12, '2013-10-08', 22.00),
(2083, 'Sweater', 1, 5, '2013-10-08', 182.00),
(2084, 'Lunch', 1, 12, '2013-10-09', 26.00),
(2085, 'Lunch', 1, 12, '2013-10-10', 29.00),
(2086, 'Stigmata', 1, 1, '2013-10-10', 100.00),
(2087, 'Lunch', 1, 12, '2013-10-11', 23.00),
(2088, 'Orbit', 1, 2, '2013-10-11', 4.00),
(2089, 'Beer etc', 1, 1, '2013-10-11', 15.00),
(2090, 'Food', 1, 2, '2013-10-11', 206.00),
(2091, 'Car parts', 1, 8, '2013-10-11', 28.00),
(2092, 'Coffe', 1, 1, '2013-10-11', 5.00),
(2093, 'Transit', 1, 3, '2013-10-13', 2.50),
(2094, 'Shaurma', 1, 2, '2013-10-13', 25.00),
(2095, 'Lunch', 1, 12, '2013-10-14', 28.00),
(2096, 'Lunch', 1, 12, '2013-10-15', 21.00),
(2097, 'Lunch', 1, 12, '2013-10-16', 28.00),
(2098, 'Lunch', 1, 12, '2013-10-17', 18.00),
(2099, 'Life', 1, 4, '2013-10-17', 40.00),
(2100, 'Site work', 1, 7, '2013-10-17', 800.00),
(2101, 'Bread', 1, 2, '2013-10-17', 5.00),
(2102, 'Lunch', 1, 12, '2013-10-18', 23.00),
(2103, 'Semki', 1, 1, '2013-10-19', 2.00),
(2104, 'Site work', 1, 7, '2013-10-19', 600.00),
(2105, 'Lunch', 1, 12, '2013-10-21', 23.00),
(2106, 'Whiskey sell', 1, 7, '2013-10-21', 10.00),
(2107, 'Lunch', 1, 12, '2013-10-22', 22.00),
(2108, 'Lunch', 1, 12, '2013-10-23', 19.00),
(2109, 'Lunch', 1, 12, '2013-10-24', 17.00),
(2114, 'Shaurma', 1, 2, '2013-10-26', 30.00),
(2111, 'Cola', 1, 2, '2013-10-26', 8.00),
(2122, 'Lunch', 1, 12, '2013-10-27', 17.00),
(2126, 'Transit', 1, 3, '2013-10-27', 2.50),
(2125, 'Bread', 1, 2, '2013-10-27', 5.00),
(2127, 'Site work &#040;paypal&#041;', 1, 7, '2013-10-27', 400.00),
(2128, 'Food', 1, 2, '2013-10-27', 240.00),
(2129, 'Lunch', 1, 12, '2013-10-27', 22.00),
(2131, 'Sites work, markup', 1, 7, '2013-10-27', 150.00),
(2134, 'Lunch', 1, 12, '2013-10-29', 26.00),
(2135, 'Lunch', 1, 12, '2013-10-30', 12.00),
(2136, 'Lunch', 1, 12, '2013-10-31', 22.00),
(5658, 'Food', 1, 2, '2014-07-06', 182.00),
(2142, 'Lunch', 1, 12, '2013-11-01', 24.00),
(2143, 'Whiskey sell', 1, 7, '2013-11-01', 30.00),
(2144, 'Pizza', 1, 1, '2013-11-01', 63.00),
(2145, 'Picnic', 1, 1, '2013-11-02', 60.00),
(2146, 'Fuel', 1, 3, '2013-11-02', 100.00),
(2147, 'Food', 1, 2, '2013-11-02', 213.00),
(2148, 'Haircut', 1, 8, '2013-11-03', 40.00),
(2149, 'Sunflower seeds', 1, 2, '2013-11-03', 2.00),
(2150, 'Lunch', 1, 12, '2013-11-04', 26.00),
(2151, 'Lunch', 1, 12, '2013-11-05', 23.00),
(2152, 'Arrival', 1, 6, '2013-11-05', 6400.00),
(2153, 'Lunch', 1, 12, '2013-11-06', 29.00),
(2155, 'lk', 1, 6, '2013-10-29', 0.00),
(2156, 'Lunch', 1, 12, '2013-11-07', 30.00),
(2157, 'Food', 1, 2, '2013-11-07', 21.00),
(2158, 'Lunch', 1, 12, '2013-11-08', 22.00),
(2159, 'Lunch', 1, 12, '2013-11-09', 19.00),
(2160, 'Freebie', 1, 7, '2013-11-09', 50.00),
(2161, 'Bread', 1, 2, '2013-11-10', 2.00),
(2162, 'Picnic', 1, 2, '2013-11-10', 50.00),
(2163, 'Food', 1, 2, '2013-11-10', 300.00),
(2164, 'Transit', 1, 3, '2013-11-10', 2.00),
(2165, 'Lunch', 1, 12, '2013-11-11', 17.00),
(2166, 'Lunch', 1, 12, '2013-11-12', 18.00),
(2167, 'Lunch', 1, 12, '2013-11-13', 19.00),
(2168, 'Cat food', 1, 2, '2013-11-13', 22.00),
(2169, 'Life', 1, 4, '2013-11-13', 40.00),
(2170, 'Web consult', 1, 7, '2013-11-13', 50.00),
(2171, 'Transit', 1, 3, '2013-11-14', 1.50),
(2172, 'Lunch', 1, 12, '2013-11-14', 9.00),
(2173, 'Transit', 1, 3, '2013-11-15', 1.50),
(2174, 'Lunch', 1, 12, '2013-11-15', 20.00),
(2175, 'Beer and chips', 1, 1, '2013-11-16', 21.00),
(2176, 'Cafe with friends', 1, 1, '2013-11-16', 50.00),
(2177, 'Hat', 1, 5, '2013-11-17', 50.00),
(2178, 'Home goods', 1, 8, '2013-11-17', 300.00),
(2179, 'Transit', 1, 3, '2013-11-18', 3.00),
(2180, 'Lunch', 1, 12, '2013-11-18', 24.00),
(2181, 'Sites coding', 1, 7, '2013-11-18', 1120.00),
(2182, 'Inteh', 1, 7, '2013-11-19', 370.00),
(2183, 'Site work', 1, 7, '2013-11-20', 2000.00),
(2184, 'Transit', 1, 3, '2013-11-21', 5.00),
(2185, 'Drugs', 1, 8, '2013-11-21', 12.00),
(2186, 'Food', 1, 2, '2013-11-21', 13.00),
(2187, 'Scarf', 1, 5, '2013-11-21', 40.00),
(2188, 'Transit', 1, 3, '2013-11-22', 3.00),
(2189, 'Lunch', 1, 12, '2013-11-22', 26.00),
(2190, 'Beer and nuts', 1, 1, '2013-11-22', 20.00),
(2191, 'Transit', 1, 3, '2013-11-23', 4.00),
(2192, 'Food', 1, 2, '2013-11-24', 80.00),
(2193, 'Foot Insole', 1, 5, '2013-11-24', 8.00),
(2196, 'Lunch', 1, 12, '2013-11-25', 19.00),
(2197, 'Transit', 1, 3, '2013-11-25', 3.00),
(2198, 'Ira birthday', 1, 8, '2013-11-25', 50.00),
(2199, 'Transit', 1, 3, '2013-11-26', 3.00),
(2200, 'Lunch', 1, 12, '2013-11-26', 13.00),
(2201, 'Nuts', 1, 2, '2013-11-26', 13.00),
(2202, 'Dinner, seeds', 1, 2, '2013-11-26', 5.00),
(2203, 'Transit', 1, 3, '2013-11-27', 3.00),
(2204, 'Lunch', 1, 12, '2013-11-27', 26.00),
(2205, 'Transit', 1, 3, '2013-11-28', 2.00),
(2206, 'Lunch', 1, 12, '2013-11-28', 23.00),
(2207, 'Food', 1, 2, '2013-11-28', 16.00),
(2208, 'Sites work', 1, 7, '2013-11-28', 250.00),
(2209, 'Transit', 1, 3, '2013-11-29', 3.00),
(2210, 'Lunch', 1, 12, '2013-11-29', 21.00),
(2211, 'Sites coding', 1, 7, '2013-11-29', 1440.00),
(2212, 'Transit', 1, 3, '2013-11-30', 3.00),
(2213, 'PC sell', 1, 7, '2013-11-30', 570.00),
(2214, 'Coffe', 1, 1, '2013-11-30', 20.00),
(2215, 'Food', 1, 2, '2013-12-01', 125.00),
(2216, 'Transit', 1, 3, '2013-12-02', 3.00),
(2217, 'Food', 1, 2, '2013-12-02', 8.00),
(2218, 'Arrival', 1, 6, '2013-12-02', 6400.00),
(2221, 'Transit', 1, 3, '2013-12-03', 3.00),
(2222, 'Lunch', 1, 12, '2013-12-03', 24.00),
(2223, 'Sites work', 1, 7, '2013-12-03', 50.00),
(2224, 'торт', 2, 8, '2011-05-09', 6.00),
(2225, 'булочка', 2, 8, '2011-05-10', 3.00),
(2226, 'элементы', 2, 8, '2011-05-11', 5.60),
(2227, 'прокладки', 2, 8, '2011-05-12', 11.59),
(2228, 'радиоэлементы', 2, 8, '2011-05-13', 5.00),
(2229, 'ксерокс отчетов', 2, 8, '2011-05-19', 8.80),
(2230, 'рожок', 2, 8, '2011-05-19', 3.00),
(2231, 'булочка', 2, 8, '2011-05-20', 1.80),
(2232, 'семки', 2, 8, '2011-05-21', 1.15),
(2233, 'файлы', 2, 8, '2011-05-22', 10.00),
(2234, 'торт', 2, 8, '2011-05-22', 6.00),
(2235, 'макшэйк', 2, 8, '2011-05-22', 10.00),
(2236, 'гранат', 2, 8, '2011-05-23', 6.77),
(2237, 'мороженное', 2, 8, '2011-05-24', 3.00),
(2238, 'баунти', 2, 8, '2011-05-24', 3.95),
(2239, 'мороженное', 2, 8, '2011-05-25', 2.25),
(2240, 'ксерокс', 2, 8, '2011-05-25', 3.60),
(2241, 'дорога', 2, 8, '2011-05-27', 26.00),
(2242, 'дорога', 2, 8, '2011-05-30', 2.50),
(2243, 'моржо', 2, 8, '2011-06-04', 14.00),
(2244, 'сережки', 2, 8, '2011-06-04', 16.00),
(2245, 'браслет', 2, 8, '2011-06-04', 12.00),
(2246, 'лак', 2, 8, '2011-06-04', 6.00),
(2247, 'рожок', 2, 8, '2011-06-05', 3.50),
(2248, 'чиз', 2, 8, '2011-06-05', 7.00),
(2249, 'таранька', 2, 8, '2011-06-05', 3.00),
(2250, 'дорога', 2, 8, '2011-06-06', 2.50),
(2251, 'макдак', 2, 8, '2011-06-07', 14.00),
(2252, 'челка', 2, 8, '2011-06-08', 10.00),
(2253, 'викухе', 2, 8, '2011-06-08', 7.00),
(2254, 'киндер', 2, 8, '2011-06-10', 2.81),
(2255, 'дезик', 2, 8, '2011-06-10', 24.67),
(2256, 'сухари', 2, 8, '2011-06-10', 1.61),
(2257, 'булочка', 2, 8, '2011-06-10', 4.00),
(2258, 'йогурт', 2, 8, '2011-06-10', 6.54),
(2259, 'макдак', 2, 8, '2011-06-13', 14.00),
(2260, 'йогурт', 2, 8, '2011-06-16', 7.00),
(2261, 'семки', 2, 8, '2011-06-16', 1.15),
(2262, 'моржо', 2, 8, '2011-06-17', 2.50),
(2263, 'семки', 2, 8, '2011-06-17', 1.15),
(2264, 'пахмурный', 2, 8, '2011-06-17', 200.00),
(2265, 'максиму', 2, 8, '2011-06-18', 2.50),
(2266, 'лак', 2, 8, '2011-06-19', 10.00),
(2267, 'бонфиле', 2, 8, '2011-06-19', 11.00),
(2268, 'копейка', 2, 8, '2011-06-20', 12.75),
(2269, 'семки', 2, 8, '2011-06-20', 1.14),
(2270, 'рафаэло,моржо', 2, 8, '2011-06-21', 39.25),
(2271, 'дорога', 2, 8, '2011-06-22', 2.50),
(2272, 'валик', 2, 8, '2011-06-22', 5.50),
(2273, 'молоко,перс', 2, 8, '2011-06-22', 10.25),
(2274, 'макдак', 2, 8, '2011-06-24', 7.00),
(2275, 'йогурт', 2, 8, '2011-06-24', 6.54),
(2276, 'туфли', 2, 8, '2011-06-25', 65.00),
(2277, 'семки', 2, 8, '2011-06-25', 1.15),
(2278, 'макдак', 2, 8, '2011-06-28', 23.50),
(2279, 'афина', 2, 8, '2011-06-29', 12.00),
(2280, 'cемки', 2, 8, '2011-06-30', 1.15),
(2281, 'малина ', 2, 8, '2011-06-30', 12.00),
(2282, 'ит квартал', 2, 8, '2011-07-01', 25.00),
(2283, 'макдак', 2, 8, '2011-07-01', 7.00),
(2284, 'макдак', 2, 8, '2011-07-04', 13.00),
(2285, 'шоколад', 2, 8, '2011-07-05', 2.00),
(2286, 'платьишко', 2, 8, '2011-07-07', 100.00),
(2287, 'батники', 2, 8, '2011-07-07', 30.00),
(2288, 'тапки', 2, 8, '2011-07-07', 50.00),
(2289, 'персики', 2, 8, '2011-07-07', 7.00),
(2290, 'макдак', 2, 8, '2011-07-07', 7.00),
(2291, 'гаррик', 2, 8, '2011-07-11', 45.00),
(2292, 'шоколад', 2, 8, '2011-07-12', 9.30),
(2293, 'сухари', 2, 8, '2011-07-12', 1.60),
(2294, 'ЖРАТВА', 2, 8, '2011-07-14', 16.30),
(2295, 'вода', 2, 8, '2011-07-18', 1.80),
(2296, 'поп-корн', 2, 8, '2011-07-19', 3.40),
(2297, 'жратва', 2, 8, '2011-07-19', 7.22),
(2298, 'билет', 2, 8, '2011-07-19', 13.00);
INSERT INTO `Entry` (`id`, `name`, `user_id`, `category_id`, `date`, `sum`) VALUES
(2299, 'зефир', 2, 8, '2011-07-19', 9.43),
(2300, 'семки', 2, 8, '2011-07-19', 1.15),
(2301, 'дорога', 2, 8, '2011-07-19', 2.50),
(2302, 'шока', 2, 8, '2011-07-21', 9.30),
(2303, 'семки', 2, 8, '2011-07-21', 1.15),
(2304, 'моржо', 2, 8, '2011-07-23', 8.00),
(2305, 'коктейль', 2, 8, '2011-07-26', 6.00),
(2306, 'шоколад', 2, 8, '2011-07-26', 9.30),
(2307, 'лосьон', 2, 8, '2011-07-29', 10.00),
(2308, 'жрачка', 2, 8, '2011-08-13', 13.27),
(2309, 'нэт', 2, 8, '2011-08-14', 30.00),
(2310, 'тетради', 2, 8, '2011-08-15', 31.02),
(2311, 'шока', 2, 8, '2011-08-15', 12.23),
(2312, 'кроссы', 2, 8, '2011-08-16', 175.00),
(2313, 'кино', 2, 8, '2011-08-17', 15.00),
(2314, 'трамв', 2, 8, '2011-08-18', 2.50),
(2315, 'моржо', 2, 8, '2011-08-18', 8.00),
(2316, 'дорога', 2, 8, '2011-08-20', 2.50),
(2317, 'свитер', 2, 8, '2011-08-20', 30.00),
(2318, 'моржо', 2, 8, '2011-08-20', 8.00),
(2319, 'дорога', 2, 8, '2011-08-23', 2.50),
(2320, 'футб,2дез и т.д.', 2, 8, '2011-08-23', 100.00),
(2321, 'морж + дорога', 2, 8, '2011-08-25', 10.50),
(2322, 'стрижка', 2, 8, '2011-08-25', 50.00),
(2323, 'дорога', 2, 8, '2011-08-25', 50.00),
(2324, 'дорога', 2, 8, '2011-08-25', 2.50),
(2325, 'подвеска', 2, 8, '2011-08-25', 6.00),
(2326, 'ботинки', 2, 8, '2011-08-27', 20.00),
(2327, 'макдак', 2, 8, '2011-08-27', 22.00),
(2328, 'кофта', 2, 8, '2011-08-27', 20.00),
(2329, 'книга', 2, 8, '2011-08-27', 22.25),
(2330, 'милкивэй,семки', 2, 8, '2011-08-29', 3.15),
(2331, 'макдак', 2, 8, '2011-08-30', 10.50),
(2332, 'макдак', 2, 8, '2011-08-30', 7.00),
(2333, 'трамвай', 2, 8, '2011-08-30', 2.50),
(2334, 'маникюр', 2, 8, '2011-08-31', 40.00),
(2335, 'брови', 2, 8, '2011-09-01', 10.00),
(2336, 'жвачка', 2, 8, '2011-09-01', 3.54),
(2337, 'нэт', 2, 8, '2011-09-03', 10.00),
(2338, 'нутелла', 2, 8, '2011-09-04', 21.98),
(2339, 'цепочка', 2, 8, '2011-09-05', 25.00),
(2340, 'бублик', 2, 8, '2011-09-05', 1.50),
(2341, 'cемки', 2, 8, '2011-09-06', 1.15),
(2342, 'форнетти', 2, 8, '2011-09-06', 2.50),
(2343, 'кино', 2, 8, '2011-09-08', 10.00),
(2344, 'магаз', 2, 8, '2011-09-08', 9.69),
(2345, 'дорога', 2, 8, '2011-09-08', 3.75),
(2346, 'пирожок', 2, 8, '2011-09-08', 3.00),
(2347, 'semki', 2, 8, '2011-09-08', 1.15),
(2348, 'йогурт', 2, 8, '2011-09-09', 5.83),
(2349, 'булка', 2, 8, '2011-09-09', 3.00),
(2350, 'дорога', 2, 8, '2011-09-09', 2.50),
(2351, 'пополн.счета', 2, 8, '2011-09-12', 12.00),
(2352, 'дорога', 2, 8, '2011-09-12', 2.50),
(2353, 'виноград', 2, 8, '2011-09-14', 5.80),
(2354, 'фотка', 2, 8, '2011-09-15', 26.50),
(2355, 'бальзам', 2, 8, '2011-09-15', 10.75),
(2356, 'шоки', 2, 8, '2011-09-15', 5.40),
(2357, 'дорога', 2, 8, '2011-09-17', 2.50),
(2358, 'булка', 2, 8, '2011-09-17', 3.00),
(2359, 'булка', 2, 8, '2011-09-17', 3.00),
(2360, 'булка', 2, 8, '2011-09-20', 3.00),
(2361, 'йогурт', 2, 8, '2011-09-20', 5.25),
(2362, 'нэт', 2, 8, '2011-09-20', 20.00),
(2363, 'шока', 2, 8, '2011-09-21', 9.30),
(2364, 'чипсы', 2, 8, '2011-09-24', 2.01),
(2365, 'булка', 2, 8, '2011-09-24', 3.00),
(2366, 'семки', 2, 8, '2011-09-24', 1.50),
(2367, 'пополн.счета', 2, 8, '2011-09-25', 5.00),
(2368, 'штчка', 2, 8, '2011-09-26', 2.20),
(2369, 'булка', 2, 8, '2011-09-26', 3.00),
(2370, 'квартал ', 2, 8, '2011-09-27', 33.00),
(2371, 'дорога', 2, 8, '2011-09-27', 50.00),
(2372, 'булка', 2, 8, '2011-09-29', 3.00),
(2373, 'пирожки', 2, 8, '2011-09-29', 3.60),
(2374, 'жрачка', 2, 8, '2011-10-02', 5.61),
(2375, 'кино', 2, 8, '2011-10-02', 12.00),
(2376, 'макшэйк', 2, 8, '2011-10-02', 10.50),
(2377, 'интернет', 2, 8, '2011-10-02', 25.00),
(2378, 'шока', 2, 8, '2011-10-05', 8.39),
(2379, 'прокладки', 2, 8, '2011-10-05', 9.77),
(2380, 'семки', 2, 8, '2011-10-05', 1.50),
(2381, 'була', 2, 8, '2011-10-06', 1.50),
(2382, 'шока', 2, 8, '2011-10-06', 9.77),
(2383, 'дезик', 2, 8, '2011-10-06', 24.67),
(2384, 'ногти', 2, 8, '2011-10-06', 5.00),
(2385, 'cемки', 2, 8, '2011-10-09', 1.50),
(2386, 'маршрутка', 2, 8, '2011-10-09', 5.00),
(2387, 'пирожные', 2, 8, '2011-10-10', 10.90),
(2388, 'cоки', 2, 8, '2011-10-11', 7.22),
(2389, 'булка', 2, 8, '2011-10-11', 1.48),
(2390, 'семки', 2, 8, '2011-10-11', 4.45),
(2391, 'макдак', 2, 8, '2011-10-12', 13.00),
(2392, 'дорога', 2, 8, '2011-10-12', 2.50),
(2393, 'виталику', 2, 8, '2011-10-14', 60.00),
(2394, 'форнетти', 2, 8, '2011-10-15', 4.60),
(2395, 'ибэй', 2, 8, '2011-10-15', 65.00),
(2396, 'духи', 2, 8, '2011-10-17', 12.00),
(2397, 'жуйка', 2, 8, '2011-10-17', 3.54),
(2398, 'сгуща', 2, 8, '2011-10-17', 13.75),
(2399, 'колготы', 2, 8, '2011-10-17', 8.32),
(2400, 'кефир', 2, 8, '2011-10-17', 3.24),
(2401, 'була', 2, 8, '2011-10-17', 3.00),
(2402, 'дорога', 2, 8, '2011-10-18', 2.50),
(2403, 'колготы', 2, 8, '2011-10-19', 12.00),
(2404, 'шока', 2, 8, '2011-10-19', 9.77),
(2405, 'яблоки', 2, 8, '2011-10-19', 5.00),
(2406, 'булка', 2, 8, '2011-10-20', 3.00),
(2407, 'булки', 2, 8, '2011-10-20', 3.04),
(2408, 'семки', 2, 8, '2011-10-20', 1.47),
(2409, 'дорога', 2, 8, '2011-10-21', 2.50),
(2410, 'шоки', 2, 8, '2011-10-23', 6.06),
(2411, 'конфеты', 2, 8, '2011-10-23', 8.00),
(2412, 'пирожок', 2, 8, '2011-10-23', 3.00),
(2413, 'дорога', 2, 8, '2011-10-23', 50.00),
(2414, 'прокладки', 2, 8, '2011-10-24', 13.27),
(2415, 'милкивэй,семки', 2, 8, '2011-10-24', 3.46),
(2416, 'шоколад', 2, 8, '2011-10-27', 9.77),
(2417, 'колготы', 2, 8, '2011-10-27', 8.32),
(2418, 'форнетти', 2, 8, '2011-10-28', 4.80),
(2419, 'банан', 2, 8, '2011-10-28', 4.56),
(2420, 'интернет', 2, 8, '2011-10-28', 25.00),
(2421, 'брелок', 2, 8, '2011-10-28', 8.50),
(2422, 'cлавику', 2, 8, '2011-10-31', 1.25),
(2423, 'макдак', 2, 8, '2011-10-31', 7.00),
(2424, 'макдак', 2, 8, '2011-10-31', 9.50),
(2425, 'билет на футбол', 2, 8, '2011-11-02', 20.00),
(2426, 'бублик', 2, 8, '2011-11-02', 1.55),
(2427, 'магазин', 2, 8, '2011-11-02', 6.34),
(2428, 'колготы', 2, 8, '2011-11-03', 25.00),
(2429, 'музыкантам', 2, 8, '2011-11-03', 1.00),
(2430, 'копейка', 2, 8, '2011-11-03', 9.77),
(2431, 'жвачка', 2, 8, '2011-11-03', 3.54),
(2432, 'магазин', 2, 8, '2011-11-04', 1.61),
(2433, 'чипсы', 2, 8, '2011-11-04', 2.40),
(2434, 'бисквит', 2, 8, '2011-11-04', 1.83),
(2435, 'кино', 2, 8, '2011-11-04', 12.00),
(2436, 'маршрутка', 2, 8, '2011-11-05', 2.50),
(2437, 'семки', 2, 8, '2011-11-05', 1.15),
(2438, 'веснянка', 2, 8, '2011-11-06', 21.00),
(2439, 'пудра', 2, 8, '2011-11-06', 35.00),
(2440, 'cемки', 2, 8, '2011-11-08', 1.50),
(2441, 'ручки', 2, 8, '2011-11-08', 3.00),
(2442, 'шоколад', 2, 8, '2011-11-09', 10.27),
(2443, 'булочка', 2, 8, '2011-11-09', 2.96),
(2444, 'крем', 2, 8, '2011-11-09', 2.63),
(2445, 'активиа', 2, 8, '2011-11-09', 7.51),
(2446, 'бананы', 2, 8, '2011-11-10', 4.00),
(2447, 'бананы,сникерс', 2, 8, '2011-11-11', 8.50),
(2448, 'форнетти', 2, 8, '2011-11-13', 2.50),
(2449, 'угги', 2, 8, '2011-11-14', 110.00),
(2450, 'cемки', 2, 8, '2011-11-15', 1.47),
(2451, 'копейка', 2, 8, '2011-11-16', 16.75),
(2452, 'йогурт', 2, 8, '2011-11-17', 8.90),
(2453, 'семки', 2, 8, '2011-11-18', 1.15),
(2454, 'бонжур', 2, 8, '2011-11-18', 1.60),
(2455, 'сникерс', 2, 8, '2011-11-19', 4.05),
(2456, 'орехи,семки', 2, 8, '2011-11-22', 3.86),
(2457, 'кулек', 2, 8, '2011-11-22', 1.00),
(2458, 'телефон!!!!', 2, 8, '2011-11-22', 2100.00),
(2459, 'ЗЕФИР', 2, 8, '2011-11-23', 2.93),
(2460, 'чипсы', 2, 8, '2011-11-23', 2.35),
(2461, 'интернет', 2, 8, '2011-11-23', 25.00),
(2462, 'ит квартал', 2, 8, '2011-11-25', 25.00),
(2463, 'горячий шок', 2, 8, '2011-11-25', 2.04),
(2464, 'жвачка', 2, 8, '2011-11-25', 3.54),
(2465, 'маршрутка', 2, 8, '2011-11-25', 2.50),
(2466, 'макдак', 2, 8, '2011-11-26', 22.50),
(2467, 'дорога', 2, 8, '2011-11-26', 2.50),
(2468, 'прокладки', 2, 8, '2011-11-28', 13.27),
(2469, 'йогурт', 2, 8, '2011-11-28', 4.13),
(2470, 'шока', 2, 8, '2011-11-28', 11.00),
(2471, 'кино', 2, 8, '2011-11-28', 10.00),
(2472, 'банан', 2, 8, '2011-11-28', 2.00),
(2473, 'банан', 2, 8, '2011-11-30', 3.80),
(2474, 'милкивэй', 2, 8, '2011-12-01', 1.99),
(2475, 'йогурт', 2, 8, '2011-12-01', 4.03),
(2476, 'бисквит', 2, 8, '2011-12-01', 8.69),
(2477, 'чиз', 2, 8, '2011-12-03', 7.00),
(2478, 'мажор', 2, 8, '2011-12-03', 2.05),
(2479, 'шока', 2, 8, '2011-12-05', 9.77),
(2480, 'семки', 2, 8, '2011-12-05', 1.34),
(2481, 'макдак', 2, 8, '2011-12-05', 11.50),
(2482, 'полосатик', 2, 8, '2011-12-05', 6.00),
(2483, 'семки', 2, 8, '2011-12-09', 1.35),
(2484, 'пакет', 2, 8, '2011-12-09', 0.33),
(2485, 'печенье мажор', 2, 8, '2011-12-09', 10.96),
(2486, 'сок', 2, 8, '2011-12-09', 2.45),
(2487, 'дезик', 2, 8, '2011-12-09', 23.62),
(2488, 'семки', 2, 8, '2011-12-09', 1.34),
(2489, 'сумка', 2, 8, '2011-12-12', 20.00),
(2490, 'духи', 2, 8, '2011-12-12', 12.00),
(2491, 'хлеб чайкам', 2, 8, '2011-12-12', 2.20),
(2492, 'макдак', 2, 8, '2011-12-13', 11.50),
(2493, 'дорога', 2, 8, '2011-12-13', 2.50),
(2494, 'семки', 2, 8, '2011-12-13', 1.35),
(2495, 'семки', 2, 8, '2011-12-15', 1.50),
(2496, 'банан', 2, 8, '2011-12-16', 3.27),
(2497, 'семки', 2, 8, '2011-12-16', 1.34),
(2498, 'бонжур', 2, 8, '2011-12-16', 1.63),
(2499, 'пикник', 2, 8, '2011-12-17', 5.50),
(2500, 'тетради', 2, 8, '2011-12-17', 6.00),
(2501, 'интернет', 2, 8, '2011-12-17', 20.00),
(2502, 'угги', 2, 8, '2011-12-19', 190.00),
(2503, 'бананы', 2, 8, '2011-12-19', 6.85),
(2504, 'маска', 2, 8, '2011-12-19', 16.84),
(2505, 'лак', 2, 8, '2011-12-19', 9.23),
(2506, 'скраб', 2, 8, '2011-12-19', 43.60),
(2507, 'cемки', 2, 8, '2011-12-21', 1.34),
(2508, 'конфеты', 2, 8, '2011-12-21', 7.88),
(2509, 'шока', 2, 8, '2011-12-21', 9.77),
(2510, 'листы', 2, 8, '2011-12-22', 6.50),
(2511, 'форнетти', 2, 8, '2011-12-22', 5.10),
(2512, 'мажор', 2, 8, '2011-12-23', 11.00),
(2513, 'колледж', 2, 8, '2011-12-23', 1.00),
(2514, 'cемки', 2, 8, '2011-12-25', 1.35),
(2515, 'cемки', 2, 8, '2011-12-25', 1.35),
(2516, 'пицца', 2, 8, '2011-12-25', 25.00),
(2517, 'помада', 2, 8, '2011-12-26', 8.00),
(2518, 'кукуруз.палки', 2, 8, '2011-12-26', 1.87),
(2519, 'йогурт', 2, 8, '2011-12-26', 3.08),
(2520, 'шоколад', 2, 8, '2011-12-26', 9.95),
(2521, 'тараня', 2, 8, '2011-12-26', 6.00),
(2522, 'физ-ра', 2, 8, '2011-12-27', 125.00),
(2523, 'утюжок,фен', 2, 8, '2011-12-28', 333.00),
(2524, 'ручки', 2, 8, '2011-12-28', 2.96),
(2525, 'ручки', 2, 8, '2011-12-28', 1.82),
(2526, 'дорога', 2, 8, '2011-12-29', 5.50),
(2527, 'пена', 2, 8, '2011-12-29', 17.38),
(2528, 'пена', 2, 8, '2011-12-29', 17.38),
(2529, 'ПАНОРАМА', 2, 8, '2011-12-29', 18.60),
(2530, 'папа,виталик носки ', 2, 8, '2011-12-30', 14.00),
(2531, 'колготы', 2, 8, '2011-12-30', 15.00),
(2532, 'духи виту', 2, 8, '2011-12-30', 12.00),
(2533, 'йогурт', 2, 8, '2011-12-30', 7.37),
(2534, 'викино др', 2, 8, '2012-01-02', 50.00),
(2535, 'прокладки', 2, 8, '2012-01-02', 13.27),
(2536, 'джинсы', 2, 8, '2012-01-05', 249.00),
(2537, 'ветровка', 2, 8, '2012-01-05', 199.00),
(2538, 'грибочки', 2, 8, '2012-01-05', 5.50),
(2539, 'дорога', 2, 8, '2012-01-05', 10.00),
(2540, 'интернет', 2, 8, '2012-01-05', 30.00),
(2541, 'пополн.счета', 2, 8, '2012-01-05', 10.00),
(2542, 'фотик ', 2, 8, '2012-01-05', 1700.00),
(2543, 'шока 1', 2, 8, '2012-01-06', 12.65),
(2544, 'семки', 2, 8, '2012-01-06', 1.34),
(2545, 'семки', 2, 8, '2012-01-06', 0.70),
(2546, 'торт', 2, 8, '2012-01-10', 7.50),
(2547, 'макдак', 2, 8, '2012-01-10', 9.50),
(2548, 'макдак', 2, 8, '2012-01-10', 7.50),
(2549, 'вещи', 2, 8, '2012-01-10', 60.00),
(2550, 'дорога', 2, 8, '2012-01-10', 10.00),
(2551, 'cтрижка', 2, 8, '2012-01-11', 50.00),
(2552, 'бублик', 2, 8, '2012-01-11', 1.55),
(2553, 'маски', 2, 8, '2012-01-11', 16.84),
(2554, 'маски', 2, 8, '2012-01-11', 16.84),
(2555, 'бананы,сухари', 2, 8, '2012-01-12', 5.95),
(2556, 'аэро', 2, 8, '2012-01-13', 9.00),
(2557, 'дорога', 2, 8, '2012-01-13', 10.00),
(2558, 'перчатки', 2, 8, '2012-01-15', 20.00),
(2559, 'портф', 2, 8, '2012-01-15', 25.00),
(2560, 'дорога', 2, 8, '2012-01-15', 2.50),
(2561, 'дорога', 2, 8, '2012-01-15', 1.50),
(2562, 'пицца', 2, 8, '2012-01-15', 25.00),
(2563, 'баунти', 2, 8, '2012-01-16', 4.08),
(2564, 'дорога', 2, 8, '2012-01-16', 5.00),
(2565, 'семки', 2, 8, '2012-01-16', 1.34),
(2566, 'шипучка', 2, 8, '2012-01-16', 6.84),
(2567, 'йогурт', 2, 8, '2012-01-16', 3.50),
(2568, 'дорога', 2, 8, '2012-01-18', 10.00),
(2569, 'шока', 2, 8, '2012-01-18', 9.77),
(2570, 'дорога', 2, 8, '2012-01-19', 2.50),
(2571, 'дорога', 2, 8, '2012-01-21', 5.00),
(2572, 'дорога', 2, 8, '2012-01-21', 4.00),
(2573, 'макдак', 2, 8, '2012-01-21', 17.00),
(2574, 'дорога', 2, 8, '2012-01-22', 5.00),
(2575, 'аэро', 2, 8, '2012-01-23', 4.50),
(2576, 'шока', 2, 8, '2012-01-24', 8.63),
(2577, 'ставридка', 2, 8, '2012-01-24', 3.98),
(2578, 'дорога', 2, 8, '2012-01-24', 5.00),
(2579, 'дорога', 2, 8, '2012-01-25', 10.00),
(2580, 'банан', 2, 8, '2012-01-26', 5.97),
(2581, 'дорога', 2, 8, '2012-01-26', 5.00),
(2582, 'йогурт', 2, 8, '2012-01-27', 7.76),
(2583, 'семки', 2, 8, '2012-01-27', 1.34),
(2584, 'мажор', 2, 8, '2012-01-27', 10.60),
(2585, 'дорога', 2, 8, '2012-01-27', 5.00),
(2586, 'краб.палки', 2, 8, '2012-01-30', 6.39),
(2587, 'семки', 2, 8, '2012-01-30', 1.34),
(2588, 'сникерс', 2, 8, '2012-01-30', 4.05),
(2589, 'йогурт', 2, 8, '2012-01-30', 3.00),
(2590, 'дорога', 2, 8, '2012-01-31', 5.00),
(2591, 'дорога', 2, 8, '2012-02-01', 5.00),
(2592, 'йогурт', 2, 8, '2012-02-01', 7.76),
(2593, 'семки', 2, 8, '2012-02-01', 1.34),
(2594, 'макдак', 2, 8, '2012-02-01', 15.00),
(2595, 'дорога', 2, 8, '2012-02-06', 5.00),
(2596, 'челка', 2, 8, '2012-02-06', 10.00),
(2597, 'на кино', 2, 8, '2012-02-06', 9.00),
(2598, 'шока', 2, 8, '2012-02-06', 9.75),
(2599, 'семки', 2, 8, '2012-02-06', 1.34),
(2600, 'крем', 2, 8, '2012-02-06', 2.68),
(2601, 'дорога', 2, 8, '2012-02-09', 5.00),
(2602, 'сникерс', 2, 8, '2012-02-09', 4.05),
(2603, 'йогурт', 2, 8, '2012-02-09', 5.88),
(2604, 'семки', 2, 8, '2012-02-09', 1.34),
(2605, 'дорога', 2, 8, '2012-02-10', 5.00),
(2606, 'топ-снек,семки', 2, 8, '2012-02-12', 2.35),
(2607, 'дорога', 2, 8, '2012-02-12', 5.00),
(2608, 'пицца', 2, 8, '2012-02-12', 28.00),
(2609, 'бадяга', 2, 8, '2012-02-12', 7.20),
(2610, 'прокладки', 2, 8, '2012-02-12', 13.27),
(2611, 'дорога', 2, 8, '2012-02-13', 5.00),
(2612, 'сгуща', 2, 8, '2012-02-14', 8.89),
(2613, 'дорога', 2, 8, '2012-02-14', 5.00),
(2614, 'шока', 2, 8, '2012-02-14', 10.37),
(2615, 'сникерс', 2, 8, '2012-02-14', 8.10),
(2616, 'жвачка', 2, 8, '2012-02-14', 4.50),
(2617, 'дорога', 2, 8, '2012-02-15', 5.00),
(2618, 'ГАДЖИЕВ', 2, 8, '2012-02-15', 300.00),
(2619, 'дорога', 2, 8, '2012-02-16', 5.00),
(2620, 'трамв', 2, 8, '2012-02-16', 1.50),
(2621, 'казинаки', 2, 8, '2012-02-16', 4.00),
(2622, 'киви', 2, 8, '2012-02-16', 12.00),
(2623, 'дорога', 2, 8, '2012-02-18', 2.50),
(2624, 'дорога', 2, 8, '2012-02-18', 2.50),
(2625, 'дорога', 2, 8, '2012-02-18', 3.00),
(2626, 'шляпа', 2, 8, '2012-02-19', 5.00),
(2627, 'печенье мажор', 2, 8, '2012-02-19', 4.75),
(2628, 'рыба', 2, 8, '2012-02-19', 6.00),
(2629, 'мыло', 2, 8, '2012-02-19', 9.40),
(2630, 'дезик', 2, 8, '2012-02-20', 22.25),
(2631, 'дорога', 2, 8, '2012-02-20', 5.00),
(2632, 'яблоки', 2, 8, '2012-02-21', 4.30),
(2633, 'маршрутка', 2, 8, '2012-02-22', 5.00),
(2634, 'пирожко', 2, 8, '2012-02-22', 5.00),
(2635, 'пополн.счета', 2, 8, '2012-02-22', 10.00),
(2636, 'виталику', 2, 8, '2012-02-23', 30.00),
(2637, 'мальчики 23 фев', 2, 8, '2012-02-23', 30.00),
(2638, 'дорога', 2, 8, '2012-02-23', 5.00),
(2639, 'мои орехи', 2, 8, '2012-02-23', 1.70),
(2640, 'макдак', 2, 8, '2012-02-26', 21.50),
(2641, 'дорога', 2, 8, '2012-02-26', 6.50),
(2642, 'интернет', 2, 8, '2012-02-26', 18.00),
(2643, 'сумка', 2, 8, '2012-02-26', 30.00),
(2644, 'шляпа', 2, 8, '2012-02-26', 20.00),
(2645, 'дорога', 2, 8, '2012-02-27', 5.00),
(2646, 'семки', 2, 8, '2012-02-27', 1.34),
(2647, 'йогурт', 2, 8, '2012-02-27', 5.83),
(2648, 'банан', 2, 8, '2012-02-27', 3.69),
(2649, 'огурцы', 2, 8, '2012-02-27', 4.00),
(2650, 'дорога', 2, 8, '2012-02-29', 5.00),
(2651, 'дорога', 2, 8, '2012-02-29', 5.00),
(2652, 'йогурт,семки', 2, 8, '2012-02-29', 7.17),
(2653, 'штучки', 2, 8, '2012-02-29', 3.00),
(2654, 'дорога', 2, 8, '2012-03-01', 5.00),
(2655, 'зефир', 2, 8, '2012-03-01', 6.60),
(2656, 'киви', 2, 8, '2012-03-01', 5.00),
(2657, 'шнурки', 2, 8, '2012-03-01', 3.00),
(2658, 'дорога', 2, 8, '2012-03-02', 5.00),
(2659, 'осьминоги', 2, 8, '2012-03-03', 6.00),
(2660, 'дорога', 2, 8, '2012-03-03', 3.00),
(2661, 'торт', 2, 8, '2012-03-03', 7.00),
(2662, 'сумка', 2, 8, '2012-03-03', 30.00),
(2663, 'дорога', 2, 8, '2012-03-05', 5.00),
(2664, 'челка', 2, 8, '2012-03-05', 10.00),
(2665, 'киндер', 2, 8, '2012-03-05', 3.02),
(2666, 'масло', 2, 8, '2012-03-05', 4.88),
(2667, 'семки', 2, 8, '2012-03-05', 1.34),
(2668, 'яблоки', 2, 8, '2012-03-05', 5.25),
(2669, 'мирон', 2, 8, '2012-03-05', 250.00),
(2670, 'дорога', 2, 8, '2012-03-06', 5.00),
(2671, 'шока', 2, 8, '2012-03-06', 9.77),
(2672, 'гель', 2, 8, '2012-03-06', 22.59),
(2673, 'дорога', 2, 8, '2012-03-08', 10.00),
(2674, 'папе на подарок', 2, 8, '2012-03-08', 30.00),
(2675, 'топ-сэндвич', 2, 8, '2012-03-08', 50.00),
(2676, 'нэсквик', 2, 8, '2012-03-09', 3.68),
(2677, 'еще на подарок', 2, 8, '2012-03-09', 6.00),
(2678, 'дорога', 2, 8, '2012-03-10', 3.00),
(2679, 'для пудры', 2, 8, '2012-03-10', 15.00),
(2680, 'cемки', 2, 8, '2012-03-11', 1.34),
(2681, 'кроссы', 2, 8, '2012-03-11', 77.70),
(2682, 'дорога', 2, 8, '2012-03-12', 5.00),
(2683, 'майка', 2, 8, '2012-03-12', 80.00),
(2684, 'дорога', 2, 8, '2012-03-13', 5.00),
(2685, 'интернет', 2, 8, '2012-03-13', 25.00),
(2686, 'дорога', 2, 8, '2012-03-14', 5.00),
(2687, 'рожок', 2, 8, '2012-03-14', 3.50),
(2688, 'шока', 2, 8, '2012-03-14', 9.77),
(2689, 'семки', 2, 8, '2012-03-14', 1.34),
(2690, 'семки', 2, 8, '2012-03-16', 1.34),
(2691, 'футболка', 2, 8, '2012-03-16', 46.00),
(2692, 'твикс', 2, 8, '2012-03-16', 4.50),
(2693, 'носки', 2, 8, '2012-03-16', 10.49),
(2694, 'дорога', 2, 8, '2012-03-16', 5.00),
(2695, 'дорога', 2, 8, '2012-03-17', 5.00),
(2696, 'сок', 2, 8, '2012-03-17', 4.08),
(2697, 'милкивэй', 2, 8, '2012-03-17', 1.99),
(2698, 'тук', 2, 8, '2012-03-17', 1.80),
(2699, 'булка', 2, 8, '2012-03-17', 1.50),
(2700, 'дорога', 2, 8, '2012-03-19', 5.00),
(2701, 'топ сендвич', 2, 8, '2012-03-19', 30.00),
(2702, 'дорога', 2, 8, '2012-03-20', 5.00),
(2703, 'копейка', 2, 8, '2012-03-20', 10.63),
(2704, 'дорога', 2, 8, '2012-03-21', 5.00),
(2705, 'таврия', 2, 8, '2012-03-21', 13.68),
(2706, 'дорога', 2, 8, '2012-03-22', 5.00),
(2707, 'молочко для очищ', 2, 8, '2012-03-22', 13.29),
(2708, 'йогурт', 2, 8, '2012-03-22', 7.56),
(2709, 'дорога', 2, 8, '2012-03-23', 5.00),
(2710, 'дорога', 2, 8, '2012-03-24', 4.00),
(2711, 'кингсбридж', 2, 8, '2012-03-24', 12.00),
(2712, 'семки', 2, 8, '2012-03-24', 1.34),
(2713, 'жвачка', 2, 8, '2012-03-24', 3.54),
(2714, 'семки', 2, 8, '2012-03-24', 1.34),
(2715, 'дорога', 2, 8, '2012-03-24', 5.00),
(2716, 'нойз мс', 2, 8, '2012-03-25', 150.00),
(2717, 'пополн.счета', 2, 8, '2012-03-25', 1.82),
(2718, 'перминов', 2, 8, '2012-03-26', 200.00),
(2719, 'прокладки', 2, 8, '2012-03-26', 13.70),
(2720, 'дорога', 2, 8, '2012-03-26', 5.00),
(2721, 'ватные диски', 2, 8, '2012-03-26', 7.35),
(2722, 'семки', 2, 8, '2012-03-26', 1.34),
(2723, 'печенье ', 2, 8, '2012-03-26', 3.05),
(2724, 'дорога', 2, 8, '2012-03-28', 10.00),
(2725, 'рыба', 2, 8, '2012-03-28', 10.00),
(2726, 'дорога', 2, 8, '2012-03-29', 5.00),
(2727, 'шока', 2, 8, '2012-03-29', 10.75),
(2728, 'дорога', 2, 8, '2012-03-30', 5.00),
(2729, 'дорога', 2, 8, '2012-04-01', 7.50),
(2730, 'дорога', 2, 8, '2012-04-02', 5.00),
(2731, 'киви', 2, 8, '2012-04-02', 3.95),
(2732, 'печенье', 2, 8, '2012-04-02', 6.42),
(2733, 'дорога', 2, 8, '2012-04-03', 5.00),
(2734, 'молоко', 2, 8, '2012-04-03', 6.00),
(2735, 'дорога', 2, 8, '2012-04-05', 5.00),
(2736, 'яблоки', 2, 8, '2012-04-05', 6.00),
(2737, 'мажор', 2, 8, '2012-04-05', 6.39),
(2738, 'йогурт', 2, 8, '2012-04-05', 7.16),
(2739, 'семки', 2, 8, '2012-04-05', 1.34),
(2740, 'дорога', 2, 8, '2012-04-05', 1.00),
(2741, 'дорога', 2, 8, '2012-04-06', 5.00),
(2742, 'cемки', 2, 8, '2012-04-06', 1.75),
(2743, 'купальник', 2, 8, '2012-04-07', 40.00),
(2744, 'дорога', 2, 8, '2012-04-07', 4.00),
(2745, 'пирог', 2, 8, '2012-04-07', 1.75),
(2746, 'моржо', 2, 8, '2012-04-07', 3.50),
(2747, 'ручка', 2, 8, '2012-04-07', 1.00),
(2748, 'дорога', 2, 8, '2012-04-10', 10.00),
(2749, 'интернет', 2, 8, '2012-04-10', 50.00),
(2750, 'дорога', 2, 8, '2012-04-11', 5.00),
(2751, 'дорога', 2, 8, '2012-04-12', 5.00),
(2752, 'семки', 2, 8, '2012-04-12', 1.34),
(2753, 'тук', 2, 8, '2012-04-12', 1.80),
(2754, 'йогурт', 2, 8, '2012-04-12', 3.43),
(2755, 'бонжур', 2, 8, '2012-04-12', 1.65),
(2756, 'дорога', 2, 8, '2012-04-13', 5.00),
(2757, 'шока', 2, 8, '2012-04-13', 11.02),
(2758, 'шарики', 2, 8, '2012-04-13', 3.86),
(2759, 'пополн.счета', 2, 8, '2012-04-15', 20.00),
(2760, 'прошивка', 2, 8, '2012-04-16', 7.00),
(2761, 'прошивка', 2, 8, '2012-04-16', 6.00),
(2762, 'дорога', 2, 8, '2012-04-16', 5.00),
(2763, 'семки', 2, 8, '2012-04-16', 1.35),
(2764, 'дорога', 2, 8, '2012-04-17', 5.00),
(2765, 'дезик', 2, 8, '2012-04-17', 23.00),
(2766, 'аэро', 2, 8, '2012-04-17', 3.83),
(2767, 'диск', 2, 8, '2012-04-17', 5.00),
(2768, 'дорога', 2, 8, '2012-04-18', 5.50),
(2769, 'распечатка', 2, 8, '2012-04-18', 16.00),
(2770, 'бельвита', 2, 8, '2012-04-18', 3.40),
(2771, 'семки', 2, 8, '2012-04-18', 1.34),
(2772, 'киндер', 2, 8, '2012-04-18', 3.02),
(2773, 'йогурт', 2, 8, '2012-04-18', 3.00),
(2774, 'дорога', 2, 8, '2012-04-19', 5.00),
(2775, 'моржо', 2, 8, '2012-04-19', 3.00),
(2776, 'дорога', 2, 8, '2012-04-20', 5.00),
(2777, 'булки', 2, 8, '2012-04-20', 7.00),
(2778, 'шорты', 2, 8, '2012-04-20', 30.00),
(2779, 'кеды', 2, 8, '2012-04-20', 30.00),
(2780, 'лифчик + трусы', 2, 8, '2012-04-20', 10.00),
(2781, 'дорога', 2, 8, '2012-04-21', 5.00),
(2782, 'дорога', 2, 8, '2012-04-23', 5.00),
(2783, 'футболки', 2, 8, '2012-04-23', 50.00),
(2784, 'моржо', 2, 8, '2012-04-24', 3.50),
(2785, 'сникерс', 2, 8, '2012-04-24', 4.23),
(2786, 'дорога', 2, 8, '2012-04-25', 5.00),
(2787, 'натс, батончик', 2, 8, '2012-04-25', 9.00),
(2788, 'дорога', 2, 8, '2012-04-26', 5.00),
(2789, 'семки', 2, 8, '2012-04-26', 1.34),
(2790, 'йогурт', 2, 8, '2012-04-26', 4.00),
(2791, 'бублик', 2, 8, '2012-04-26', 1.70),
(2792, 'дорога', 2, 8, '2012-04-27', 5.00),
(2793, 'фрукты.йогурт', 2, 8, '2012-04-27', 19.12),
(2794, 'маскии', 2, 8, '2012-04-27', 18.00),
(2795, 'сучара баба', 2, 8, '2012-04-27', 200.00),
(2796, 'дорога', 2, 8, '2012-04-28', 5.00),
(2797, 'вода', 2, 8, '2012-04-28', 5.00),
(2798, 'ит.квартал', 2, 8, '2012-04-28', 30.00),
(2799, 'cемки', 2, 8, '2012-05-01', 1.35),
(2800, 'колготы', 2, 8, '2012-05-03', 7.00),
(2801, 'киндер', 2, 8, '2012-05-03', 2.90),
(2802, 'кефир', 2, 8, '2012-05-03', 6.00),
(2803, 'дорога', 2, 8, '2012-05-03', 5.00),
(2804, 'моржо', 2, 8, '2012-05-03', 2.85),
(2805, 'йогурт', 2, 8, '2012-05-04', 3.00),
(2806, 'секи', 2, 8, '2012-05-04', 8.19),
(2807, 'семки', 2, 8, '2012-05-04', 1.35),
(2808, 'кефир', 2, 8, '2012-05-04', 6.50),
(2809, 'дорога', 2, 8, '2012-05-06', 5.00),
(2810, 'рожок', 2, 8, '2012-05-06', 3.50),
(2811, 'пудра', 2, 8, '2012-05-06', 75.00),
(2812, 'пополн.счета', 2, 8, '2012-05-06', 5.00),
(2813, 'дорога', 2, 8, '2012-05-07', 5.00),
(2814, 'сникерс', 2, 8, '2012-05-07', 5.00),
(2815, 'мажор+йогурт', 2, 8, '2012-05-07', 11.45),
(2816, 'дорога', 2, 8, '2012-05-08', 5.00),
(2817, 'йогурт', 2, 8, '2012-05-09', 3.00),
(2818, 'сырок', 2, 8, '2012-05-09', 2.80),
(2819, 'дорога', 2, 8, '2012-05-10', 2.50),
(2820, 'таврия', 2, 8, '2012-05-10', 15.13),
(2821, 'дорога', 2, 8, '2012-05-11', 5.25),
(2822, 'конфеты', 2, 8, '2012-05-13', 11.00),
(2823, 'дорога', 2, 8, '2012-05-15', 25.00),
(2824, 'клубника', 2, 8, '2012-05-15', 10.40),
(2825, 'семки', 2, 8, '2012-05-16', 1.35),
(2826, 'клубника', 2, 8, '2012-05-18', 10.00),
(2827, 'йогурт', 2, 8, '2012-05-18', 3.08),
(2828, 'милкивэй', 2, 8, '2012-05-18', 1.99),
(2829, 'сыр сулугуни', 2, 8, '2012-05-18', 7.31),
(2830, 'прокладки', 2, 8, '2012-05-19', 13.70),
(2831, 'семки', 2, 8, '2012-05-19', 2.00),
(2832, 'дорога', 2, 8, '2012-05-21', 4.00),
(2833, 'клубника', 2, 8, '2012-05-21', 10.00),
(2834, 'пирожки', 2, 8, '2012-05-21', 4.75),
(2835, 'cемки', 2, 8, '2012-05-21', 2.72),
(2836, 'орехи', 2, 8, '2012-05-21', 6.24),
(2837, 'дорога', 2, 8, '2012-05-22', 5.00),
(2838, 'банан', 2, 8, '2012-05-22', 2.90),
(2839, 'глина', 2, 8, '2012-05-22', 7.00),
(2840, 'прошивка', 2, 8, '2012-05-22', 6.00),
(2841, 'черешня', 2, 8, '2012-05-22', 10.00),
(2842, 'челка', 2, 8, '2012-05-23', 15.00),
(2843, 'дорога', 2, 8, '2012-05-23', 5.00),
(2844, 'печенье', 2, 8, '2012-05-23', 5.00),
(2845, 'пополн.счета', 2, 8, '2012-05-23', 5.00),
(2846, 'клубника', 2, 8, '2012-05-24', 11.00),
(2847, 'дорога', 2, 8, '2012-05-24', 5.00),
(2848, 'прокладки', 2, 8, '2012-05-24', 8.94),
(2849, 'аэро', 2, 8, '2012-05-24', 3.83),
(2850, 'дорога', 2, 8, '2012-05-25', 5.00),
(2851, 'йогурт семки', 2, 8, '2012-05-25', 7.50),
(2852, 'интернет', 2, 8, '2012-05-25', 25.00),
(2853, 'обруч', 2, 8, '2012-05-26', 35.00),
(2854, 'дорога', 2, 8, '2012-05-26', 3.00),
(2855, 'торт', 2, 8, '2012-05-26', 7.50),
(2856, 'дорога', 2, 8, '2012-05-27', 20.00),
(2857, 'cникерс', 2, 8, '2012-05-28', 4.50),
(2858, 'виноград.масло', 2, 8, '2012-05-28', 30.80),
(2859, 'сыр', 2, 8, '2012-05-28', 9.07),
(2860, 'шока', 2, 8, '2012-05-28', 9.08),
(2861, 'черешня', 2, 8, '2012-05-29', 5.00),
(2862, 'печенько', 2, 8, '2012-05-29', 5.00),
(2863, 'ряженка', 2, 8, '2012-05-30', 6.50),
(2864, 'киндер', 2, 8, '2012-05-30', 3.08),
(2865, 'клубника', 2, 8, '2012-05-31', 10.00),
(2866, 'бельвита', 2, 8, '2012-06-01', 3.40),
(2867, 'жвачка', 2, 8, '2012-06-01', 3.54),
(2868, 'клубника', 2, 8, '2012-06-01', 10.00),
(2869, 'дорога', 2, 8, '2012-06-03', 3.50),
(2870, 'семки', 2, 8, '2012-06-03', 1.50),
(2871, 'лифчики', 2, 8, '2012-06-03', 4.00),
(2872, 'носки', 2, 8, '2012-06-04', 11.49),
(2873, 'балетки', 2, 8, '2012-06-04', 105.00),
(2874, 'футболка', 2, 8, '2012-06-04', 30.00),
(2875, 'ит.квартал', 2, 8, '2012-06-05', 20.00),
(2876, 'дорога', 2, 8, '2012-06-05', 4.00),
(2877, 'ряженка', 2, 8, '2012-06-05', 7.20),
(2878, 'дорога', 2, 8, '2012-06-06', 4.00),
(2879, 'клубника', 2, 8, '2012-06-06', 10.00),
(2880, 'моржо', 2, 8, '2012-06-06', 1.00),
(2881, 'дорога', 2, 8, '2012-06-07', 5.00),
(2882, 'шока', 2, 8, '2012-06-07', 11.19),
(2883, 'дорога', 2, 8, '2012-06-08', 5.00),
(2884, 'персики', 2, 8, '2012-06-08', 10.40),
(2885, 'дорога', 2, 8, '2012-06-10', 1.50),
(2886, 'семки', 2, 8, '2012-06-10', 1.50),
(2887, 'дорога', 2, 8, '2012-06-10', 5.00),
(2888, 'дорога', 2, 8, '2012-06-12', 5.00),
(2889, 'дорога', 2, 8, '2012-06-12', 5.00),
(2890, 'дорога', 2, 8, '2012-06-13', 5.00),
(2891, 'лп', 2, 8, '2012-06-13', 20.50),
(2892, 'йогурт', 2, 8, '2012-06-13', 3.10),
(2893, 'ватные диски', 2, 8, '2012-06-13', 6.83),
(2894, 'аэро', 2, 8, '2012-06-13', 3.86),
(2895, 'дыня', 2, 8, '2012-06-14', 7.00),
(2896, 'черешня', 2, 8, '2012-06-14', 6.50),
(2897, 'малина', 2, 8, '2012-06-14', 5.00),
(2898, 'дорога', 2, 8, '2012-06-14', 5.00),
(2899, 'дорога', 2, 8, '2012-06-14', 5.00),
(2900, 'печенько', 2, 8, '2012-06-14', 1.55),
(2901, 'дорога', 2, 8, '2012-06-15', 7.50),
(2902, 'сникерс, сухари', 2, 8, '2012-06-15', 8.00),
(2903, 'дорога', 2, 8, '2012-06-16', 2.50),
(2904, 'печенько', 2, 8, '2012-06-16', 3.15),
(2905, 'малина', 2, 8, '2012-06-16', 8.00),
(2906, 'интернет', 2, 8, '2012-06-17', 25.00),
(2907, 'дорога', 2, 8, '2012-06-17', 5.00),
(2908, 'пирожок', 2, 8, '2012-06-18', 3.50),
(2909, 'малина', 2, 8, '2012-06-19', 12.00),
(2910, 'крыжовник', 2, 8, '2012-06-19', 5.00),
(2911, 'пив.дрожджи', 2, 8, '2012-06-20', 5.49),
(2912, 'скраб', 2, 8, '2012-06-20', 10.53),
(2913, 'бадяга', 2, 8, '2012-06-20', 8.46),
(2914, 'краб.палки', 2, 8, '2012-06-20', 6.28),
(2915, 'таблетки', 2, 8, '2012-06-21', 104.00),
(2916, 'дорога', 2, 8, '2012-06-21', 5.00),
(2917, 'врач', 2, 8, '2012-06-21', 10.00),
(2918, 'сэконд', 2, 8, '2012-06-21', 20.00),
(2919, 'сушия', 2, 8, '2012-06-21', 50.00),
(2920, 'дуак гель', 2, 8, '2012-06-21', 105.20),
(2921, 'собачке', 2, 8, '2012-06-21', 1.00),
(2922, 'семки', 2, 8, '2012-06-22', 3.00),
(2923, 'cемки', 2, 8, '2012-06-23', 2.70),
(2924, 'круасан', 2, 8, '2012-06-23', 3.15),
(2925, 'аэро', 2, 8, '2012-06-23', 4.30),
(2926, 'виртус', 2, 8, '2012-06-24', 10.70),
(2927, 'гигиен.помада', 2, 8, '2012-06-24', 14.35),
(2928, 'смородина', 2, 8, '2012-06-24', 12.00),
(2929, 'печенье', 2, 8, '2012-06-24', 5.00),
(2930, 'дорога', 2, 8, '2012-06-25', 5.00),
(2931, 'анализ крови', 2, 8, '2012-06-25', 20.00),
(2932, 'анализ крови', 2, 8, '2012-06-25', 35.00),
(2933, 'бублик', 2, 8, '2012-06-25', 1.71),
(2934, 'банан', 2, 8, '2012-06-25', 4.42),
(2935, 'врач', 2, 8, '2012-06-26', 5.00),
(2936, 'дорога', 2, 8, '2012-06-26', 5.00),
(2937, 'крекер', 2, 8, '2012-06-26', 3.40),
(2938, 'шока', 2, 8, '2012-06-26', 9.80),
(2939, 'дорога', 2, 8, '2012-06-28', 5.00),
(2940, 'дорога', 2, 8, '2012-06-28', 3.00),
(2941, 'моржо', 2, 8, '2012-06-28', 4.00),
(2942, 'ля рош толериан риш', 2, 8, '2012-06-28', 144.00),
(2943, 'шока', 2, 8, '2012-06-28', 8.50),
(2944, 'вода', 2, 8, '2012-06-30', 4.75),
(2945, 'корзинка', 2, 8, '2012-06-30', 3.50),
(2946, 'масло касторовое', 2, 8, '2012-06-30', 7.80),
(2947, 'дорога', 2, 8, '2012-07-01', 5.00),
(2948, 'кошелек', 2, 8, '2012-07-01', 84.00),
(2949, 'юбка', 2, 8, '2012-07-01', 60.00),
(2950, 'босоноги', 2, 8, '2012-07-01', 229.00),
(2951, 'копейка на футбол', 2, 8, '2012-07-02', 17.00),
(2952, 'прокладки', 2, 8, '2012-07-03', 24.51),
(2953, 'йогурт', 2, 8, '2012-07-03', 3.00),
(2954, 'кулек', 2, 8, '2012-07-03', 0.35),
(2955, 'яблоко', 2, 8, '2012-07-03', 6.63),
(2956, 'шока', 2, 8, '2012-07-03', 9.42),
(2957, 'банан', 2, 8, '2012-07-04', 4.56),
(2958, 'вода', 2, 8, '2012-07-04', 4.75),
(2959, 'малина', 2, 8, '2012-07-05', 8.00),
(2960, 'шока', 2, 8, '2012-07-06', 9.00),
(2961, 'теннис', 2, 8, '2012-07-07', 5.00),
(2962, 'сок + аэро', 2, 8, '2012-07-07', 12.00),
(2963, 'гранат.сок', 2, 8, '2012-07-07', 15.00),
(2964, 'рубаха', 2, 8, '2012-07-07', 20.00),
(2965, 'шейк', 2, 8, '2012-07-07', 12.50),
(2966, 'ля рош эффаклар дуо', 2, 8, '2012-07-07', 127.00),
(2967, 'дорога', 2, 8, '2012-07-07', 4.00),
(2968, 'рыба', 2, 8, '2012-07-07', 6.00),
(2969, 'блинчики', 2, 8, '2012-07-08', 6.38),
(2970, 'футболка', 2, 8, '2012-07-08', 169.00),
(2971, 'джинсы', 2, 8, '2012-07-08', 129.00),
(2972, 'дорога', 2, 8, '2012-07-08', 5.00),
(2973, 'дорога', 2, 8, '2012-07-09', 5.00),
(2974, 'печенье', 2, 8, '2012-07-09', 2.50),
(2975, 'персики', 2, 8, '2012-07-09', 4.50),
(2976, 'шока', 2, 8, '2012-07-09', 9.10),
(2977, 'хлеб', 2, 8, '2012-07-09', 0.22),
(2978, 'орешки', 2, 8, '2012-07-09', 3.58),
(2979, 'семки', 2, 8, '2012-07-09', 1.82),
(2980, 'дыня', 2, 8, '2012-07-10', 2.00),
(2981, 'интернет', 2, 8, '2012-07-10', 25.00),
(2982, 'дорога', 2, 8, '2012-07-13', 3.00),
(2983, 'дыня', 2, 8, '2012-07-13', 5.50),
(2984, 'черника', 2, 8, '2012-07-13', 12.00),
(2985, 'дыня', 2, 8, '2012-07-15', 5.50),
(2986, 'дорога', 2, 8, '2012-07-15', 5.00),
(2987, 'дорога', 2, 8, '2012-07-15', 3.00),
(2988, 'печеньки', 2, 8, '2012-07-15', 5.00),
(2989, 'дорога', 2, 8, '2012-07-15', 10.00),
(2990, 'дыня', 2, 8, '2012-07-15', 2.80),
(2991, 'врач', 2, 8, '2012-07-16', 20.00),
(2992, 'рентген', 2, 8, '2012-07-16', 18.00),
(2993, 'зуб', 2, 8, '2012-07-16', 80.00),
(2994, 'шока', 2, 8, '2012-07-16', 9.60),
(2995, 'пополн.счета', 2, 8, '2012-07-17', 5.00),
(2996, 'кофта', 2, 8, '2012-07-18', 15.00),
(2997, 'дорога', 2, 8, '2012-07-18', 5.00),
(2998, 'крем', 2, 8, '2012-07-18', 80.45),
(2999, 'врач', 2, 8, '2012-07-18', 10.00),
(3000, 'дорога', 2, 8, '2012-07-18', 3.00),
(3001, 'шмотье', 2, 8, '2012-07-18', 22.00),
(3002, 'рыба', 2, 8, '2012-07-18', 3.00),
(3003, 'пеленка', 2, 8, '2012-07-20', 3.90),
(3004, 'перчатки+щетка', 2, 8, '2012-07-20', 3.50),
(3005, 'карточка', 2, 8, '2012-07-20', 5.00),
(3006, 'дыня', 2, 8, '2012-07-20', 6.20),
(3007, 'шока', 2, 8, '2012-07-21', 8.40),
(3008, 'дорога', 2, 8, '2012-07-21', 5.00),
(3009, 'дорога', 2, 8, '2012-07-22', 5.00),
(3010, 'семки', 2, 8, '2012-07-22', 1.82),
(3011, 'сгуща', 2, 8, '2012-07-22', 13.75),
(3012, 'дыня', 2, 8, '2012-07-22', 3.00),
(3013, 'узи', 2, 8, '2012-07-23', 100.00),
(3014, 'врач', 2, 8, '2012-07-23', 40.00),
(3015, 'вода', 2, 8, '2012-07-23', 6.50),
(3016, 'печенье', 2, 8, '2012-07-23', 13.80),
(3017, 'йогурт', 2, 8, '2012-07-23', 6.20),
(3018, 'рубаха', 2, 8, '2012-07-24', 62.00),
(3019, 'гематоген', 2, 8, '2012-07-26', 4.00),
(3020, 'врач', 2, 8, '2012-07-26', 10.00),
(3021, 'шприц', 2, 8, '2012-07-26', 1.00),
(3022, 'карточка', 2, 8, '2012-07-26', 5.00),
(3023, 'дорога', 2, 8, '2012-07-27', 4.00),
(3024, 'трусы', 2, 8, '2012-07-27', 2.00),
(3025, 'термальная вода', 2, 8, '2012-07-27', 105.00),
(3026, 'сэконд.к', 2, 8, '2012-07-27', 115.00),
(3027, 'врач', 2, 8, '2012-07-27', 10.00),
(3028, 'трубочки', 2, 8, '2012-07-27', 5.20),
(3029, 'сырок(2)', 2, 8, '2012-07-28', 6.00),
(3030, 'поле', 2, 8, '2012-07-29', 20.00),
(3031, 'дыня', 2, 8, '2012-07-29', 2.80),
(3032, 'творог', 2, 8, '2012-07-30', 10.00),
(3033, 'дыня', 2, 8, '2012-07-31', 3.60),
(3034, 'шока', 2, 8, '2012-08-01', 12.98),
(3035, 'банан', 2, 8, '2012-08-01', 4.86),
(3036, 'швея', 2, 8, '2012-08-01', 10.00),
(3037, 'виталику', 2, 8, '2012-08-01', 5.00),
(3038, 'дорога', 2, 8, '2012-08-02', 3.00),
(3039, 'сумка', 2, 8, '2012-08-02', 85.00),
(3040, 'торт', 2, 8, '2012-08-02', 7.50),
(3041, 'интернет', 2, 8, '2012-08-02', 15.00),
(3042, 'кабачки', 2, 8, '2012-08-03', 16.86),
(3043, 'гранат', 2, 8, '2012-08-03', 9.75),
(3044, 'сырок', 2, 8, '2012-08-03', 4.54),
(3045, 'сырок', 2, 8, '2012-08-04', 5.00),
(3046, 'сырок', 2, 8, '2012-08-05', 4.10),
(3047, 'орешки', 2, 8, '2012-08-05', 3.20),
(3048, 'дыня', 2, 8, '2012-08-05', 5.70),
(3049, 'дорога', 2, 8, '2012-08-07', 5.00),
(3050, 'кино', 2, 8, '2012-08-07', 25.00),
(3051, 'попкорн', 2, 8, '2012-08-07', 4.23),
(3052, 'аеро', 2, 8, '2012-08-07', 3.36),
(3053, 'орешки', 2, 8, '2012-08-07', 2.39),
(3054, 'дыня', 2, 8, '2012-08-07', 3.75),
(3055, 'конфеты', 2, 8, '2012-08-08', 9.62),
(3056, 'пополн.счета', 2, 8, '2012-08-08', 10.00),
(3057, 'сырочек', 2, 8, '2012-08-08', 8.20),
(3058, 'мажор', 2, 8, '2012-08-08', 8.09),
(3059, 'паштет', 2, 8, '2012-08-08', 7.59),
(3060, 'такси', 2, 8, '2012-08-19', 55.00),
(3061, 'автобус', 2, 8, '2012-08-19', 3.00),
(3062, 'поезд', 2, 8, '2012-08-19', 9.00),
(3063, 'вода', 2, 8, '2012-08-21', 2.00),
(3064, 'кофта', 2, 8, '2012-08-21', 30.00),
(3065, 'дезик', 2, 8, '2012-08-21', 44.00),
(3066, 'лак', 2, 8, '2012-08-22', 17.80),
(3067, 'корректор', 2, 8, '2012-08-22', 4.99),
(3068, 'бальзам', 2, 8, '2012-08-22', 12.84),
(3069, 'тетрадь', 2, 8, '2012-08-22', 3.69),
(3070, 'крем', 2, 8, '2012-08-22', 8.87),
(3071, 'аэро', 2, 8, '2012-08-22', 4.13),
(3072, 'виталику', 2, 8, '2012-08-22', 100.00),
(3073, 'дорога', 2, 8, '2012-08-24', 5.00),
(3074, 'дорога', 2, 8, '2012-08-24', 5.00),
(3075, 'дорога', 2, 8, '2012-08-25', 5.00),
(3076, 'интернет', 2, 8, '2012-08-25', 25.00),
(3077, 'духи', 2, 8, '2012-08-26', 15.00),
(3078, 'тетрадь', 2, 8, '2012-08-26', 7.00),
(3079, 'дорога', 2, 8, '2012-08-27', 5.00),
(3080, 'тараня', 2, 8, '2012-08-29', 3.00),
(3081, 'резинка', 2, 8, '2012-08-29', 8.00),
(3082, 'шока', 2, 8, '2012-08-29', 11.00),
(3083, 'виноград', 2, 8, '2012-08-30', 11.30),
(3084, 'стрижка', 2, 8, '2012-08-30', 50.00),
(3085, 'перчатки', 2, 8, '2012-08-30', 2.10),
(3086, 'дорога', 2, 8, '2012-08-30', 5.00),
(3087, 'ит.квартал', 2, 8, '2012-08-30', 35.00),
(3088, 'тоналка', 2, 8, '2012-08-30', 162.00),
(3089, 'семки', 2, 8, '2012-08-30', 1.80),
(3090, 'брови', 2, 8, '2012-08-31', 10.00),
(3091, 'жвачка', 2, 8, '2012-08-31', 4.00),
(3092, 'сырочек', 2, 8, '2012-08-31', 4.70),
(3093, 'лак', 2, 8, '2012-08-31', 10.00),
(3094, 'карандаш', 2, 8, '2012-08-31', 22.00),
(3095, 'дорога', 2, 8, '2012-09-01', 5.00),
(3096, 'виноград', 2, 8, '2012-09-01', 4.90),
(3097, 'ватные диски', 2, 8, '2012-09-01', 12.55),
(3098, 'ит.квартал', 2, 8, '2012-09-03', 40.00),
(3099, 'дорога', 2, 8, '2012-09-03', 10.00),
(3100, 'сникерс', 2, 8, '2012-09-03', 4.23),
(3101, 'чашка', 2, 8, '2012-09-03', 5.00),
(3102, 'прокладки', 2, 8, '2012-09-03', 10.00),
(3103, 'попкорн', 2, 8, '2012-09-03', 5.00),
(3104, 'дорога', 2, 8, '2012-09-05', 20.00),
(3105, 'йогурт', 2, 8, '2012-09-05', 5.88),
(3106, 'яблоко', 2, 8, '2012-09-05', 6.00),
(3107, 'тетрадь', 2, 8, '2012-09-05', 4.50),
(3108, 'йогурт', 2, 8, '2012-09-07', 5.00),
(3109, 'банан', 2, 8, '2012-09-07', 5.89),
(3110, 'шока', 2, 8, '2012-09-11', 8.55),
(3111, 'дорога', 2, 8, '2012-09-11', 30.00),
(3112, 'сырочек', 2, 8, '2012-09-13', 4.56),
(3113, 'ксерокс', 2, 8, '2012-09-14', 1.80),
(3114, 'йогурт', 2, 8, '2012-09-14', 5.90),
(3115, 'дорога', 2, 8, '2012-09-17', 25.00),
(3116, 'банан', 2, 8, '2012-09-18', 4.80),
(3117, 'шока', 2, 8, '2012-09-19', 17.08),
(3118, 'сырочек', 2, 8, '2012-09-20', 4.02),
(3119, 'палочки', 2, 8, '2012-09-20', 2.09),
(3120, 'пополн.счета', 2, 8, '2012-09-21', 20.00),
(3121, 'торт', 2, 8, '2012-09-22', 5.00),
(3122, 'угги', 2, 8, '2012-09-22', 30.00),
(3123, 'дорога', 2, 8, '2012-09-24', 5.00),
(3124, 'булка', 2, 8, '2012-09-24', 3.70),
(3125, 'персики', 2, 8, '2012-09-24', 6.45),
(3126, 'прокладки', 2, 8, '2012-09-24', 31.00),
(3127, 'пополн.счета', 2, 8, '2012-09-24', 20.00),
(3128, 'интернет', 2, 8, '2012-09-25', 10.00),
(3129, 'шока', 2, 8, '2012-09-25', 10.36),
(3130, 'краб.палки', 2, 8, '2012-09-25', 7.10),
(3131, 'дорога', 2, 8, '2012-09-27', 9.00),
(3132, 'гематоген', 2, 8, '2012-09-27', 4.00),
(3133, 'сапоги', 2, 8, '2012-09-27', 11.00),
(3134, 'пополн.счета', 2, 8, '2012-09-27', 26.00),
(3135, 'дорога', 2, 8, '2012-09-28', 5.00),
(3136, 'врач', 2, 8, '2012-09-28', 10.00),
(3137, 'таблетки', 2, 8, '2012-09-28', 1.10),
(3138, 'таблетки', 2, 8, '2012-09-28', 15.80),
(3139, 'брынза', 2, 8, '2012-09-28', 20.00),
(3140, 'огурцы', 2, 8, '2012-09-28', 4.00),
(3141, 'глина', 2, 8, '2012-09-28', 4.00),
(3142, 'салфетки', 2, 8, '2012-09-28', 3.55),
(3143, 'попкорн', 2, 8, '2012-09-28', 10.00),
(3144, 'дорога', 2, 8, '2012-09-30', 4.00),
(3145, 'яблоко', 2, 8, '2012-09-30', 5.00),
(3146, 'рыба', 2, 8, '2012-09-30', 6.00),
(3147, 'сережки', 2, 8, '2012-09-30', 10.00),
(3148, 'семки', 2, 8, '2012-09-30', 0.75),
(3149, 'торт', 2, 8, '2012-09-30', 7.50),
(3150, 'йогурт', 2, 8, '2012-09-30', 3.10),
(3151, 'булка', 2, 8, '2012-10-01', 1.80),
(3152, 'дорога', 2, 8, '2012-10-01', 25.00),
(3153, 'банан', 2, 8, '2012-10-01', 6.00),
(3154, 'ряженка', 2, 8, '2012-10-01', 1.05),
(3155, 'перчатки', 2, 8, '2012-10-01', 2.10),
(3156, 'пополн.счета', 2, 8, '2012-10-01', 5.50),
(3157, 'булка', 2, 8, '2012-10-02', 3.50),
(3158, 'конфеты', 2, 8, '2012-10-02', 1.00),
(3159, 'тетрадь', 2, 8, '2012-10-02', 0.75),
(3160, 'милкивэй', 2, 8, '2012-10-02', 1.99),
(3161, 'ряженка', 2, 8, '2012-10-02', 5.75),
(3162, 'кофе', 2, 8, '2012-10-02', 1.31),
(3163, 'ксерокс', 2, 8, '2012-10-02', 1.75),
(3164, 'врач', 2, 8, '2012-10-03', 175.00),
(3165, 'балетки', 2, 8, '2012-10-03', 110.00),
(3166, 'молоко', 2, 8, '2012-10-03', 1.27),
(3167, 'мажор', 2, 8, '2012-10-03', 3.50),
(3168, 'хлопья', 2, 8, '2012-10-03', 3.95),
(3169, 'лимон', 2, 8, '2012-10-03', 3.59),
(3170, 'банан', 2, 8, '2012-10-03', 2.67),
(3171, 'грейпфрут', 2, 8, '2012-10-04', 7.14),
(3172, 'семки', 2, 8, '2012-10-04', 0.50),
(3173, 'сникерс', 2, 8, '2012-10-04', 4.23),
(3174, 'киви', 2, 8, '2012-10-04', 2.90),
(3175, 'интернет', 2, 8, '2012-10-04', 25.00),
(3176, 'туал.бумага', 2, 8, '2012-10-05', 2.28),
(3177, 'шока', 2, 8, '2012-10-05', 8.54),
(3178, 'зубная щетка', 2, 8, '2012-10-05', 3.05),
(3179, 'ряженка', 2, 8, '2012-10-05', 6.00),
(3180, 'яблоко', 2, 8, '2012-10-05', 2.00),
(3181, 'семки', 2, 8, '2012-10-05', 2.45),
(3182, 'музей', 2, 8, '2012-10-06', 10.00),
(3183, 'кафе', 2, 8, '2012-10-06', 15.00),
(3184, 'дорога', 2, 8, '2012-10-06', 5.00),
(3185, 'булка', 2, 8, '2012-10-06', 4.00),
(3186, 'ручка', 2, 8, '2012-10-07', 1.65),
(3187, 'дорога', 2, 8, '2012-10-07', 4.00),
(3188, 'пирожок', 2, 8, '2012-10-07', 4.00),
(3189, 'афина', 2, 8, '2012-10-07', 10.75),
(3190, 'блокнот', 2, 8, '2012-10-07', 8.90),
(3191, 'жилетка', 2, 8, '2012-10-08', 88.00),
(3192, 'копейка', 2, 8, '2012-10-08', 10.00),
(3193, 'дорога', 2, 8, '2012-10-10', 15.00),
(3194, 'копейка', 2, 8, '2012-10-10', 18.00),
(3195, 'пополн.счета', 2, 8, '2012-10-10', 25.00),
(3196, 'дорога', 2, 8, '2012-10-11', 5.00),
(3197, 'йогурт', 2, 8, '2012-10-11', 7.90),
(3198, 'булка', 2, 8, '2012-10-12', 3.35),
(3199, 'дорога', 2, 8, '2012-10-12', 5.00),
(3200, 'сникерс', 2, 8, '2012-10-12', 4.25),
(3201, 'дорога', 2, 8, '2012-10-14', 4.00),
(3202, 'банан', 2, 8, '2012-10-14', 7.00),
(3203, 'ит.квартал', 2, 8, '2012-10-14', 6.00),
(3204, 'шока', 2, 8, '2012-10-14', 10.00),
(3205, 'дорога', 2, 8, '2012-10-15', 25.00),
(3206, 'циферблат', 2, 8, '2012-10-15', 20.00),
(3207, 'несквик', 2, 8, '2012-10-15', 2.54),
(3208, 'банан', 2, 8, '2012-10-15', 5.04),
(3209, 'натс, батончик', 2, 8, '2012-10-16', 4.38),
(3210, 'врач', 2, 8, '2012-10-16', 10.00),
(3211, 'йогурт', 2, 8, '2012-10-16', 7.71),
(3212, 'жвачка', 2, 8, '2012-10-16', 3.70),
(3213, 'макдак', 2, 8, '2012-10-17', 15.00),
(3214, 'сильпо', 2, 8, '2012-10-17', 14.45),
(3215, 'копейка', 2, 8, '2012-10-18', 5.60),
(3216, 'семки', 2, 8, '2012-10-18', 1.82),
(3217, 'днюха', 2, 8, '2012-10-18', 30.00),
(3218, 'бабка', 2, 8, '2012-10-19', 5.00),
(3219, 'торт', 2, 8, '2012-10-19', 7.50),
(3220, 'дорога', 2, 8, '2012-10-20', 4.00),
(3221, 'обед', 2, 8, '2012-10-20', 4.00),
(3222, 'шока', 2, 8, '2012-10-20', 8.55),
(3223, 'дорога', 2, 8, '2012-10-21', 6.50),
(3224, 'дорога', 2, 8, '2012-10-21', 25.00),
(3225, 'сильпо', 2, 8, '2012-10-21', 15.00),
(3226, 'сильпо', 2, 8, '2012-10-21', 10.00),
(3227, 'ботинки', 2, 8, '2012-10-21', 480.00),
(3228, 'шока', 2, 8, '2012-10-22', 7.00),
(3229, 'кофе', 2, 8, '2012-10-23', 3.80),
(3230, 'обед', 2, 8, '2012-10-23', 12.15),
(3231, 'макдак', 2, 8, '2012-10-23', 13.75),
(3232, 'глина', 2, 8, '2012-10-23', 8.50),
(3233, 'шока', 2, 8, '2012-10-24', 7.00),
(3234, 'интернет', 2, 8, '2012-10-24', 25.00),
(3235, 'обед', 2, 8, '2012-10-25', 10.15),
(3236, 'шока', 2, 8, '2012-10-25', 9.00),
(3237, 'обед', 2, 8, '2012-10-25', 12.75),
(3238, 'обед', 2, 8, '2012-10-25', 9.20),
(3239, 'таблетки', 2, 8, '2012-10-25', 6.50),
(3240, 'ит.квартал', 2, 8, '2012-10-26', 55.00),
(3241, 'йогурт', 2, 8, '2012-10-26', 9.00),
(3242, 'ит.квартал', 2, 8, '2012-10-26', 30.00),
(3243, 'дорога', 2, 8, '2012-10-28', 5.00),
(3244, 'семки', 2, 8, '2012-10-28', 1.45),
(3245, 'банан', 2, 8, '2012-10-28', 2.95),
(3246, 'шока', 2, 8, '2012-10-28', 7.30),
(3247, 'кофе', 2, 8, '2012-10-28', 1.39),
(3248, 'ряженка', 2, 8, '2012-10-28', 6.10),
(3249, 'яблоко', 2, 8, '2012-10-28', 2.43),
(3250, 'яйца', 2, 8, '2012-10-28', 8.14),
(3251, 'огурцы', 2, 8, '2012-10-28', 3.04),
(3252, 'дорога', 2, 8, '2012-10-29', 17.50),
(3253, 'кофе', 2, 8, '2012-10-29', 3.20),
(3254, 'шока', 2, 8, '2012-10-29', 3.50),
(3255, 'обед', 2, 8, '2012-10-29', 11.68),
(3256, 'яйца', 2, 8, '2012-10-30', 6.44),
(3257, 'хлеб', 2, 8, '2012-10-30', 2.20),
(3258, 'булка', 2, 8, '2012-10-30', 3.08),
(3259, 'форнетти', 2, 8, '2012-10-30', 5.30),
(3260, 'обед', 2, 8, '2012-10-31', 26.52),
(3261, 'торт', 2, 8, '2012-11-01', 7.50),
(3262, 'латте', 2, 8, '2012-11-01', 26.00),
(3263, 'макдак', 2, 8, '2012-11-01', 15.00),
(3264, 'шока', 2, 8, '2012-11-01', 3.50),
(3265, 'кофе', 2, 8, '2012-11-01', 3.00),
(3266, 'обед', 2, 8, '2012-11-02', 26.75),
(3267, 'дорога', 2, 8, '2012-11-03', 4.00),
(3268, 'ит.квартал', 2, 8, '2012-11-03', 26.00),
(3269, 'брынза', 2, 8, '2012-11-03', 22.00),
(3270, 'молоко', 2, 8, '2012-11-03', 10.00),
(3271, 'яблоко', 2, 8, '2012-11-03', 4.00),
(3272, 'шока', 2, 8, '2012-11-04', 6.53),
(3273, 'дорога', 2, 8, '2012-11-04', 5.00),
(3274, 'чипсы', 2, 8, '2012-11-04', 2.74),
(3275, 'кофе', 2, 8, '2012-11-04', 1.19),
(3276, 'булка', 2, 8, '2012-11-05', 2.54),
(3277, 'лимон', 2, 8, '2012-11-05', 3.53),
(3278, 'капуста', 2, 8, '2012-11-05', 1.85),
(3279, 'мивина', 2, 8, '2012-11-05', 4.32),
(3280, 'кофе', 2, 8, '2012-11-05', 2.55),
(3281, 'киви', 2, 8, '2012-11-05', 3.36),
(3282, 'дорога', 2, 8, '2012-11-05', 25.00),
(3283, 'обед', 2, 8, '2012-11-06', 14.75),
(3284, 'пополн.счета', 2, 8, '2012-11-06', 20.00),
(3285, 'дорога', 2, 8, '2012-11-07', 0.50),
(3286, 'обед', 2, 8, '2012-11-07', 10.00),
(3287, 'ужин', 2, 8, '2012-11-08', 18.04),
(3288, 'гематоген', 2, 8, '2012-11-08', 3.35),
(3289, '7раса', 2, 8, '2012-11-08', 84.00),
(3290, 'такси', 2, 8, '2012-11-10', 22.00),
(3291, 'обед', 2, 8, '2012-11-10', 13.95),
(3292, 'обед', 2, 8, '2012-11-10', 10.00),
(3293, 'кофе', 2, 8, '2012-11-10', 5.00),
(3294, 'обед', 2, 8, '2012-11-10', 11.48),
(3295, 'гранат.сок', 2, 8, '2012-11-11', 15.00),
(3296, 'ряженка', 2, 8, '2012-11-11', 1.80),
(3297, 'булка', 2, 8, '2012-11-11', 10.00),
(3298, 'яйца', 2, 8, '2012-11-11', 6.75),
(3299, 'творог', 2, 8, '2012-11-11', 15.00),
(3300, 'макдак', 2, 8, '2012-11-11', 18.50),
(3301, 'яблоко', 2, 8, '2012-11-11', 5.00),
(3302, 'дорога', 2, 8, '2012-11-13', 25.00),
(3303, 'разрыхлитель', 2, 8, '2012-11-13', 1.00),
(3304, 'шока', 2, 8, '2012-11-13', 24.00),
(3305, 'булка', 2, 8, '2012-11-14', 5.00),
(3306, 'пополн.счета', 2, 8, '2012-11-14', 20.00),
(3307, 'йогурт', 2, 8, '2012-11-14', 15.50),
(3308, 'обед', 2, 8, '2012-11-15', 17.81),
(3309, 'обед', 2, 8, '2012-11-15', 7.50),
(3310, 'ужин', 2, 8, '2012-11-16', 12.50),
(3311, 'дорога', 2, 8, '2012-11-17', 5.00),
(3312, 'мясо', 2, 8, '2012-11-17', 5.00),
(3313, 'духи', 2, 8, '2012-11-17', 49.00),
(3314, 'яблоко', 2, 8, '2012-11-17', 5.00),
(3315, 'киви', 2, 8, '2012-11-17', 3.50),
(3316, 'мандарин', 2, 8, '2012-11-17', 5.00),
(3317, 'ив роше', 2, 8, '2012-11-17', 81.00),
(3318, 'торт', 2, 8, '2012-11-17', 7.50),
(3319, 'книга', 2, 8, '2012-11-17', 20.00);
INSERT INTO `Entry` (`id`, `name`, `user_id`, `category_id`, `date`, `sum`) VALUES
(3320, 'трубочки', 2, 8, '2012-11-18', 14.50),
(3321, 'интернет', 2, 8, '2012-11-19', 25.00),
(3322, 'кофе', 2, 8, '2012-11-19', 10.00),
(3323, 'обед', 2, 8, '2012-11-19', 10.00),
(3324, 'дорога', 2, 8, '2012-11-20', 4.00),
(3325, 'дорога', 2, 8, '2012-11-20', 2.50),
(3326, 'дорога', 2, 8, '2012-11-20', 2.50),
(3327, 'дорога', 2, 8, '2012-11-20', 15.00),
(3328, 'ужин', 2, 8, '2012-11-20', 23.34),
(3329, 'жвачка', 2, 8, '2012-11-20', 4.00),
(3330, 'обед', 2, 8, '2012-11-20', 2.00),
(3331, 'банан', 2, 8, '2012-11-23', 5.00),
(3332, 'дорога', 2, 8, '2012-11-24', 4.00),
(3333, 'яблоко', 2, 8, '2012-11-24', 5.00),
(3334, 'киви', 2, 8, '2012-11-24', 8.00),
(3335, 'гранат.сок', 2, 8, '2012-11-24', 15.00),
(3336, 'ит.квартал', 2, 8, '2012-11-24', 30.00),
(3337, 'молочко для очищ', 2, 8, '2012-11-24', 26.35),
(3338, 'печенье', 2, 8, '2012-11-25', 16.50),
(3339, 'йогурт', 2, 8, '2012-11-26', 15.50),
(3340, 'сыр', 2, 8, '2012-11-26', 10.55),
(3341, 'дорога', 2, 8, '2012-11-26', 20.00),
(3342, 'банан', 2, 8, '2012-11-28', 5.37),
(3343, 'дорога', 2, 8, '2012-11-28', 6.50),
(3344, 'макдак', 2, 8, '2012-11-28', 20.00),
(3345, 'молоко', 2, 8, '2012-11-28', 6.35),
(3346, 'дорога', 2, 8, '2012-11-29', 5.00),
(3347, 'печенье', 2, 8, '2012-11-29', 23.61),
(3348, 'булка', 2, 8, '2012-11-29', 4.00),
(3349, 'булка', 2, 8, '2012-11-30', 4.00),
(3350, 'дорога', 2, 8, '2012-11-30', 4.00),
(3351, 'брынза', 2, 8, '2012-12-02', 15.00),
(3352, 'батарейка', 2, 8, '2012-12-02', 3.00),
(3353, 'батники', 2, 8, '2012-12-02', 27.00),
(3354, 'банан', 2, 8, '2012-12-02', 4.40),
(3355, 'чай', 2, 8, '2012-12-02', 7.00),
(3356, 'интернет', 2, 8, '2012-12-03', 15.00),
(3357, 'обед', 2, 8, '2012-12-03', 15.00),
(3358, 'банан', 2, 8, '2012-12-03', 6.47),
(3359, 'печенье', 2, 8, '2012-12-03', 8.79),
(3360, 'обед', 2, 8, '2012-12-04', 11.00),
(3361, 'ужин', 2, 8, '2012-12-04', 12.45),
(3362, 'дорога', 2, 8, '2012-12-04', 25.00),
(3363, 'дорога', 2, 8, '2012-12-05', 2.50),
(3364, 'ужин', 2, 8, '2012-12-05', 17.10),
(3365, 'колледж', 2, 8, '2012-12-05', 2200.00),
(3366, 'йогурт', 2, 8, '2012-12-07', 15.52),
(3367, 'ужин', 2, 8, '2012-12-07', 21.84),
(3368, 'пополн.счета', 2, 8, '2012-12-08', 10.00),
(3369, 'дорога', 2, 8, '2012-12-10', 22.50),
(3370, 'макдак', 2, 8, '2012-12-10', 19.50),
(3371, 'обед', 2, 8, '2012-12-10', 9.45),
(3372, 'дорога', 2, 8, '2012-12-10', 5.00),
(3373, 'обед', 2, 8, '2012-12-11', 6.05),
(3374, 'макдак', 2, 8, '2012-12-12', 7.50),
(3375, 'ужин', 2, 8, '2012-12-12', 17.05),
(3376, 'днюха', 2, 8, '2012-12-12', 30.00),
(3377, 'макдак', 2, 8, '2012-12-15', 23.75),
(3378, 'такси', 2, 8, '2012-12-15', 20.00),
(3379, 'интернет', 2, 8, '2012-12-16', 20.00),
(3380, 'дорога', 2, 8, '2012-12-16', 25.00),
(3381, 'обед', 2, 8, '2012-12-18', 12.90),
(3382, 'сильпо', 2, 8, '2012-12-18', 19.90),
(3383, 'киндер', 2, 8, '2012-12-22', 7.00),
(3384, 'днюха', 2, 8, '2012-12-22', 50.00),
(3385, 'антон', 2, 8, '2012-12-22', 12.50),
(3386, 'обед', 2, 8, '2012-12-22', 18.70),
(3387, 'пополн.счета', 2, 8, '2012-12-22', 20.00),
(3388, 'обед', 2, 8, '2012-12-23', 28.25),
(3389, 'олио', 2, 8, '2012-12-23', 52.50),
(3390, 'дорога', 2, 8, '2012-12-23', 5.00),
(3391, 'дорога', 2, 8, '2012-12-24', 7.50),
(3392, 'шока', 2, 8, '2012-12-24', 10.36),
(3393, 'дорога', 2, 8, '2012-12-24', 5.00),
(3394, 'дорога', 2, 8, '2012-12-27', 3.50),
(3395, 'дорога', 2, 8, '2012-12-27', 37.00),
(3396, 'печенье', 2, 8, '2012-12-27', 10.00),
(3397, 'дорога', 2, 8, '2012-12-27', 10.00),
(3398, 'шока', 2, 8, '2012-12-27', 10.00),
(3399, 'дорога', 2, 8, '2012-12-28', 10.00),
(3400, 'обед', 2, 8, '2012-12-29', 6.70),
(3401, 'ужин', 2, 8, '2012-12-29', 13.25),
(3402, 'киндер', 2, 8, '2012-12-30', 9.75),
(3403, 'открытка', 2, 8, '2012-12-30', 4.00),
(3404, 'кактус', 2, 8, '2012-12-30', 63.50),
(3405, 'папа вебкамера', 2, 8, '2012-12-30', 100.00),
(3406, 'сильпо', 2, 8, '2012-12-30', 81.80),
(3407, 'подарок вика', 2, 8, '2013-01-02', 88.00),
(3408, 'харитонов', 2, 8, '2013-01-02', 30.00),
(3409, 'кафе', 2, 8, '2013-01-02', 2.00),
(3410, 'дорога', 2, 8, '2013-01-02', 2.50),
(3411, 'каток', 2, 8, '2013-01-05', 70.00),
(3412, 'дорога', 2, 8, '2013-01-05', 15.00),
(3413, 'макдак', 2, 8, '2013-01-05', 20.00),
(3414, 'дорога', 2, 8, '2013-01-06', 5.00),
(3415, 'сумка', 2, 8, '2013-01-06', 199.00),
(3416, 'обед', 2, 8, '2013-01-06', 8.00),
(3417, 'сережки', 2, 8, '2013-01-06', 47.00),
(3418, 'семки', 2, 8, '2013-01-06', 6.00),
(3419, 'сок', 2, 8, '2013-01-06', 3.60),
(3420, 'дорога', 2, 8, '2013-01-08', 20.00),
(3421, 'йогурт', 2, 8, '2013-01-08', 7.76),
(3422, 'йогурт', 2, 8, '2013-01-08', 7.50),
(3423, 'платье', 2, 8, '2013-01-08', 19.00),
(3424, 'натс, батончик', 2, 8, '2013-01-08', 4.55),
(3425, 'булка', 2, 8, '2013-01-08', 3.35),
(3426, 'семки', 2, 8, '2013-01-08', 1.50),
(3427, 'дорога', 2, 8, '2013-01-10', 2.50),
(3428, 'пицца', 2, 8, '2013-01-10', 10.00),
(3429, 'наушники', 2, 8, '2013-01-10', 485.00),
(3430, 'лайф', 2, 8, '2013-01-12', 40.00),
(3431, 'обед', 2, 8, '2013-01-12', 15.40),
(3432, 'ужин', 2, 8, '2013-01-12', 6.63),
(3433, 'мандарин', 2, 8, '2013-01-13', 18.00),
(3434, 'платье', 2, 8, '2013-01-13', 20.00),
(3435, 'сильпо', 2, 8, '2013-01-13', 16.50),
(3436, 'обед', 2, 8, '2013-01-14', 22.00),
(3437, 'днюха', 2, 8, '2013-01-15', 40.00),
(3438, 'чай', 2, 8, '2013-01-15', 13.40),
(3439, 'дорога', 2, 8, '2013-01-15', 2.50),
(3440, 'прокладки', 2, 8, '2013-01-19', 25.64),
(3441, 'булка', 2, 8, '2013-01-19', 5.24),
(3442, 'компот', 2, 8, '2013-01-19', 5.00),
(3443, 'дорога', 2, 8, '2013-01-19', 40.00),
(3444, 'конфеты', 2, 8, '2013-01-19', 11.78),
(3445, 'зефир', 2, 8, '2013-01-19', 13.86),
(3446, 'семки', 2, 8, '2013-01-20', 5.00),
(3447, 'дорога', 2, 8, '2013-01-20', 5.00),
(3448, 'обед', 2, 8, '2013-01-20', 16.00),
(3449, 'пицца', 2, 8, '2013-01-24', 35.00),
(3450, 'кино', 2, 8, '2013-01-24', 27.00),
(3451, 'обед', 2, 8, '2013-01-24', 3.00),
(3452, 'обед', 2, 8, '2013-01-24', 7.50),
(3453, 'печенье', 2, 8, '2013-01-24', 10.60),
(3454, 'семки', 2, 8, '2013-01-26', 3.00),
(3455, 'дорога', 2, 8, '2013-01-27', 5.00),
(3456, 'ит.квартал', 2, 8, '2013-01-27', 43.50),
(3457, 'обед', 2, 8, '2013-01-27', 20.00),
(3458, 'хлеб', 2, 8, '2013-01-29', 3.46),
(3459, 'елене подарок', 2, 8, '2013-01-29', 28.65),
(3460, 'дорога', 2, 8, '2013-01-29', 5.00),
(3461, 'ужин', 2, 8, '2013-01-29', 23.10),
(3462, 'пополн.счета', 2, 8, '2013-01-29', 35.00),
(3463, 'дорога', 2, 8, '2013-01-30', 50.00),
(3464, 'пополн.счета', 2, 8, '2013-01-30', 10.00),
(3465, 'дорога', 2, 8, '2013-01-31', 2.50),
(3466, 'обед', 2, 8, '2013-01-31', 9.25),
(3467, 'ужин', 2, 8, '2013-01-31', 22.00),
(3468, 'семки', 2, 8, '2013-01-31', 1.65),
(3469, 'днюха', 2, 8, '2013-02-01', 30.00),
(3470, 'обед', 2, 8, '2013-02-01', 7.80),
(3471, 'дорога', 2, 8, '2013-02-02', 3.00),
(3472, 'торт', 2, 8, '2013-02-02', 7.00),
(3473, 'обед', 2, 8, '2013-02-02', 14.65),
(3474, 'дорога', 2, 8, '2013-02-05', 5.00),
(3475, 'обед', 2, 8, '2013-02-05', 18.20),
(3476, 'колготы', 2, 8, '2013-02-05', 12.50),
(3477, 'банан', 2, 8, '2013-02-05', 6.05),
(3478, 'шока', 2, 8, '2013-02-05', 12.73),
(3479, 'банан', 2, 8, '2013-02-06', 4.50),
(3480, 'хлеб', 2, 8, '2013-02-06', 4.60),
(3481, 'колбаса', 2, 8, '2013-02-06', 12.60),
(3482, 'обед', 2, 8, '2013-02-06', 9.84),
(3483, 'ужин', 2, 8, '2013-02-06', 10.05),
(3484, 'дорога', 2, 8, '2013-02-07', 5.00),
(3485, 'пирожок', 2, 8, '2013-02-07', 18.20),
(3486, 'билет', 2, 8, '2013-02-07', 65.00),
(3487, 'дорога', 2, 8, '2013-02-09', 7.75),
(3488, 'шкура', 2, 8, '2013-02-10', 5.00),
(3489, 'банан', 2, 8, '2013-02-10', 5.00),
(3490, 'яблоко', 2, 8, '2013-02-10', 5.00),
(3491, 'дорога', 2, 8, '2013-02-10', 4.00),
(3492, 'афина', 2, 8, '2013-02-10', 8.80),
(3493, 'дорога', 2, 8, '2013-02-11', 2.50),
(3494, 'обед', 2, 8, '2013-02-11', 10.00),
(3495, 'чай', 2, 8, '2013-02-11', 10.00),
(3496, 'обед', 2, 8, '2013-02-12', 6.65),
(3497, 'обед', 2, 8, '2013-02-12', 17.95),
(3498, 'дорога', 2, 8, '2013-02-15', 2.50),
(3499, 'киткат', 2, 8, '2013-02-15', 9.60),
(3500, 'обед', 2, 8, '2013-02-15', 10.00),
(3501, 'интернет', 2, 8, '2013-02-15', 25.00),
(3502, 'печенье', 2, 8, '2013-02-19', 18.68),
(3503, 'дорога', 2, 8, '2013-02-19', 7.50),
(3504, 'обед', 2, 8, '2013-02-19', 17.00),
(3505, 'обед', 2, 8, '2013-02-19', 18.13),
(3506, 'обед', 2, 8, '2013-02-21', 11.60),
(3507, 'пицца', 2, 8, '2013-02-21', 17.00),
(3508, 'дорога', 2, 8, '2013-02-21', 2.50),
(3509, 'банан', 2, 8, '2013-02-21', 5.00),
(3510, '23 февраля', 2, 8, '2013-02-21', 85.00),
(3511, 'колледж', 2, 8, '2013-02-23', 3000.00),
(3512, 'дезик', 2, 8, '2013-02-23', 18.00),
(3513, 'макдак', 2, 8, '2013-02-23', 17.00),
(3514, 'дорога', 2, 8, '2013-02-23', 4.00),
(3515, 'шока', 2, 8, '2013-02-23', 8.45),
(3516, 'сникерс', 2, 8, '2013-02-23', 8.40),
(3517, 'крем', 2, 8, '2013-02-23', 129.00),
(3518, 'пельмени', 2, 8, '2013-02-23', 12.00),
(3519, 'бритва', 2, 8, '2013-02-23', 13.00),
(3520, 'обед', 2, 8, '2013-02-24', 10.45),
(3521, 'дорога', 2, 8, '2013-02-25', 50.00),
(3522, 'обед', 2, 8, '2013-02-25', 16.90),
(3523, 'обед', 2, 8, '2013-02-25', 12.72),
(3524, 'дорога', 2, 8, '2013-02-25', 2.50),
(3525, 'пополн.счета', 2, 8, '2013-02-26', 35.00),
(3526, 'дорога', 2, 8, '2013-02-28', 2.50),
(3527, 'обед', 2, 8, '2013-02-28', 13.50),
(3528, 'обед', 2, 8, '2013-02-28', 9.26),
(3529, 'макдак', 2, 8, '2013-03-01', 9.50),
(3530, 'дорога', 2, 8, '2013-03-02', 7.50),
(3531, 'ит.квартал', 2, 8, '2013-03-02', 46.50),
(3532, 'кеды', 2, 8, '2013-03-02', 17.50),
(3533, 'обед', 2, 8, '2013-03-02', 8.55),
(3534, 'семки', 2, 8, '2013-03-02', 2.50),
(3535, 'яблоко', 2, 8, '2013-03-03', 8.00),
(3536, 'попкорн', 2, 8, '2013-03-03', 10.00),
(3537, 'др папы', 2, 8, '2013-03-03', 44.50),
(3538, 'дорога', 2, 8, '2013-03-04', 2.50),
(3539, 'сильпо', 2, 8, '2013-03-04', 37.56),
(3540, 'обед', 2, 8, '2013-03-06', 10.00),
(3541, 'днюха', 2, 8, '2013-03-06', 50.00),
(3542, 'кефир', 2, 8, '2013-03-06', 6.20),
(3543, 'дорога', 2, 8, '2013-03-08', 2.50),
(3544, 'дорога', 2, 8, '2013-03-08', 5.00),
(3545, 'суши', 2, 8, '2013-03-08', 110.00),
(3546, 'днюха', 2, 8, '2013-03-12', 40.00),
(3547, 'днюха', 2, 8, '2013-03-12', 37.50),
(3548, 'дорога', 2, 8, '2013-03-12', 12.50),
(3549, 'орехи', 2, 8, '2013-03-12', 3.58),
(3550, 'обед', 2, 8, '2013-03-12', 9.59),
(3551, 'обед', 2, 8, '2013-03-12', 30.00),
(3552, 'макдак', 2, 8, '2013-03-13', 10.00),
(3553, 'банан', 2, 8, '2013-03-13', 6.44),
(3554, 'колготы', 2, 8, '2013-03-15', 25.00),
(3555, 'дорога', 2, 8, '2013-03-15', 2.50),
(3556, 'обед', 2, 8, '2013-03-15', 7.50),
(3557, 'обед', 2, 8, '2013-03-16', 16.00),
(3558, 'дорога', 2, 8, '2013-03-16', 5.00),
(3559, 'колледж', 2, 8, '2013-03-16', 500.00),
(3560, 'обед', 2, 8, '2013-03-18', 33.42),
(3561, 'дорога', 2, 8, '2013-03-18', 48.00),
(3562, 'интернет', 2, 8, '2013-03-18', 100.00),
(3563, 'обед', 2, 8, '2013-03-20', 8.78),
(3564, 'масло виноград.кост', 2, 8, '2013-03-20', 24.00),
(3565, 'дорога', 2, 8, '2013-03-20', 2.50),
(3566, 'мыло', 2, 8, '2013-03-20', 20.10),
(3567, 'обед', 2, 8, '2013-03-20', 10.60),
(3568, 'чай,обед', 2, 8, '2013-03-20', 28.00),
(3569, 'дорога', 2, 8, '2013-03-21', 5.00),
(3570, 'хлеб', 2, 8, '2013-03-21', 2.35),
(3571, 'кефир', 2, 8, '2013-03-21', 5.70),
(3572, 'пополн.счета', 2, 8, '2013-03-21', 35.00),
(3573, 'макдак', 2, 8, '2013-03-21', 12.25),
(3574, 'ксерокс', 2, 8, '2013-03-21', 8.00),
(3575, 'духи', 2, 8, '2013-03-21', 11.00),
(3576, 'дорога', 2, 8, '2013-03-22', 2.50),
(3577, 'ужин', 2, 8, '2013-03-22', 6.00),
(3578, 'дорога', 2, 8, '2013-03-22', 5.00),
(3579, 'челка', 2, 8, '2013-03-23', 10.00),
(3580, 'блинчики', 2, 8, '2013-03-23', 13.00),
(3581, 'платье', 2, 8, '2013-03-23', 100.00),
(3582, 'творог', 2, 8, '2013-03-23', 10.00),
(3583, 'дорога', 2, 8, '2013-03-23', 4.50),
(3584, 'ужин', 2, 8, '2013-03-28', 13.55),
(3585, 'дорога', 2, 8, '2013-03-28', 2.50),
(3586, 'макдак', 2, 8, '2013-03-28', 19.00),
(3587, 'обед', 2, 8, '2013-03-28', 18.36),
(3588, 'завтрак', 2, 8, '2013-03-28', 12.00),
(3589, 'обед', 2, 8, '2013-03-28', 8.50),
(3590, 'дорога', 2, 8, '2013-03-28', 2.50),
(3591, 'обед', 2, 8, '2013-03-28', 9.00),
(3592, 'дорога', 2, 8, '2013-03-28', 7.50),
(3593, 'дорога', 2, 8, '2013-03-28', 5.00),
(3594, 'обед', 2, 8, '2013-03-28', 6.50),
(3595, 'обед', 2, 8, '2013-03-28', 18.45),
(3596, 'дорога', 2, 8, '2013-03-29', 2.50),
(3597, 'ужин', 2, 8, '2013-03-29', 21.93),
(3598, 'творог', 2, 8, '2013-03-29', 4.10),
(3599, 'зуб.паста', 2, 8, '2013-03-29', 4.06),
(3600, 'булка', 2, 8, '2013-03-29', 4.46),
(3601, 'таранька', 2, 8, '2013-03-29', 5.00),
(3602, 'обед', 2, 8, '2013-03-30', 19.34),
(3603, 'дорога', 2, 8, '2013-03-31', 2.50),
(3604, 'обед', 2, 8, '2013-03-31', 23.29),
(3605, 'ужин', 2, 8, '2013-03-31', 20.00),
(3606, 'ужин', 2, 8, '2013-04-01', 20.55),
(3607, 'дорога', 2, 8, '2013-04-01', 5.00),
(3608, 'колготы', 2, 8, '2013-04-01', 25.00),
(3609, 'джинсы', 2, 8, '2013-04-01', 72.00),
(3610, 'дорога', 2, 8, '2013-04-03', 5.00),
(3611, 'обед', 2, 8, '2013-04-03', 4.00),
(3612, 'обед', 2, 8, '2013-04-03', 5.59),
(3613, 'обед', 2, 8, '2013-04-03', 22.83),
(3614, 'ужин', 2, 8, '2013-04-03', 12.00),
(3615, 'прокладки', 2, 8, '2013-04-04', 24.99),
(3616, 'киндер', 2, 8, '2013-05-04', 19.00),
(3617, 'пицца', 2, 8, '2013-05-04', 30.00),
(3618, 'шока', 2, 8, '2013-04-06', 10.36),
(3619, 'зубная щетка', 2, 8, '2013-04-06', 7.87),
(3620, 'смывка', 2, 8, '2013-04-06', 3.41),
(3621, 'яблоко', 2, 8, '2013-04-06', 5.81),
(3622, 'грибы', 2, 8, '2013-04-06', 11.35),
(3623, 'творог', 2, 8, '2013-04-06', 20.00),
(3624, 'рубаха', 2, 8, '2013-04-06', 51.15),
(3625, 'духи', 2, 8, '2013-04-06', 100.00),
(3626, 'ит.квартал', 2, 8, '2013-04-07', 40.00),
(3627, 'теннис', 2, 8, '2013-04-07', 18.00),
(3628, 'ужин', 2, 8, '2013-04-07', 27.18),
(3629, 'дорога', 2, 8, '2013-04-10', 5.00),
(3630, 'ужин', 2, 8, '2013-04-10', 32.44),
(3631, 'обед', 2, 8, '2013-04-10', 20.60),
(3632, 'ужин', 2, 8, '2013-04-10', 50.38),
(3633, 'обед', 2, 8, '2013-04-13', 6.50),
(3634, 'жвачка', 2, 8, '2013-04-13', 3.95),
(3635, 'дорога', 2, 8, '2013-04-13', 5.00),
(3636, 'ит.квартал', 2, 8, '2013-04-13', 30.00),
(3637, 'билет ок эльзы', 2, 8, '2013-04-13', 120.00),
(3638, 'дорога', 2, 8, '2013-04-13', 5.00),
(3639, 'суши', 2, 8, '2013-04-13', 33.50),
(3640, 'пирожок', 2, 8, '2013-04-13', 10.00),
(3641, 'семки', 2, 8, '2013-04-13', 1.50),
(3642, 'печенье', 2, 8, '2013-04-13', 14.00),
(3643, 'обед', 2, 8, '2013-04-14', 16.90),
(3644, 'фрукты.йогурт', 2, 8, '2013-04-14', 18.80),
(3645, 'вещи', 2, 8, '2013-04-14', 82.15),
(3646, 'брынза', 2, 8, '2013-04-14', 15.00),
(3647, 'творог', 2, 8, '2013-04-14', 10.00),
(3648, 'печенье', 2, 8, '2013-04-17', 7.30),
(3649, 'дорога', 2, 8, '2013-04-17', 2.50),
(3650, 'дорога', 2, 8, '2013-04-17', 5.00),
(3651, 'дорога', 2, 8, '2013-04-17', 10.00),
(3652, 'шкаф', 2, 8, '2013-04-17', 5.00),
(3653, 'жвачка', 2, 8, '2013-04-17', 3.68),
(3654, 'печенье', 2, 8, '2013-04-17', 14.95),
(3655, 'суши', 2, 8, '2013-04-17', 160.00),
(3656, 'обед', 2, 8, '2013-04-20', 41.25),
(3657, 'ужин', 2, 8, '2013-04-20', 11.27),
(3658, 'обед', 2, 8, '2013-04-20', 17.32),
(3659, 'дорога', 2, 8, '2013-04-20', 2.50),
(3660, 'дорога', 2, 8, '2013-04-20', 5.00),
(3661, 'музей', 2, 8, '2013-04-20', 15.00),
(3662, 'туфли', 2, 8, '2013-04-20', 370.00),
(3663, 'яблоко', 2, 8, '2013-04-20', 10.00),
(3664, 'рыба', 2, 8, '2013-04-20', 15.00),
(3665, 'носки', 2, 8, '2013-04-20', 9.00),
(3666, 'сок', 2, 8, '2013-04-20', 15.00),
(3667, 'носки и т.д', 2, 8, '2013-04-24', 25.43),
(3668, 'кеды', 2, 8, '2013-04-24', 100.00),
(3669, 'лак', 2, 8, '2013-04-24', 12.00),
(3670, 'сырок', 2, 8, '2013-04-24', 2.50),
(3671, 'раффаэло', 2, 8, '2013-04-24', 30.00),
(3672, 'дорога', 2, 8, '2013-04-24', 5.00),
(3673, 'обед', 2, 8, '2013-04-24', 14.19),
(3674, 'кефир', 2, 8, '2013-04-24', 6.00),
(3675, 'печенье', 2, 8, '2013-04-24', 7.00),
(3676, 'обед', 2, 8, '2013-04-24', 17.49),
(3677, 'ужин', 2, 8, '2013-04-24', 25.18),
(3678, 'лайф', 2, 8, '2013-04-24', 40.00),
(3679, 'глина', 2, 8, '2013-04-24', 9.80),
(3680, 'дорога', 2, 8, '2013-04-24', 5.00),
(3681, 'подушки в обувь', 2, 8, '2013-04-24', 33.68),
(3682, 'булка', 2, 8, '2013-04-24', 1.97),
(3683, 'колготы', 2, 8, '2013-04-24', 19.49),
(3684, 'кефир', 2, 8, '2013-04-24', 4.84),
(3685, 'яблоко', 2, 8, '2013-04-24', 6.16),
(3686, 'огурцы', 2, 8, '2013-04-24', 2.57),
(3687, 'сыр', 2, 8, '2013-04-24', 11.90),
(3688, 'обед', 2, 8, '2013-04-27', 4.84),
(3689, 'салат', 2, 8, '2013-04-27', 26.50),
(3690, 'дорога', 2, 8, '2013-04-27', 10.00),
(3691, 'жвачка', 2, 8, '2013-04-27', 4.00),
(3692, 'курица', 2, 8, '2013-04-27', 3.20),
(3693, 'дорога', 2, 8, '2013-04-28', 2.50),
(3694, 'дорога', 2, 8, '2013-04-28', 5.00),
(3695, 'обед', 2, 8, '2013-04-28', 15.00),
(3696, 'стрижка', 2, 8, '2013-04-28', 50.00),
(3697, 'роутер', 2, 8, '2013-04-28', 150.00),
(3698, 'ноутбук', 2, 8, '2013-04-28', 3260.00),
(3699, 'дорога', 2, 8, '2013-04-28', 5.00),
(3700, 'чупа-чупс', 2, 8, '2013-04-28', 4.00),
(3701, 'ит.квартал', 2, 8, '2013-04-28', 110.00),
(3702, 'дорога', 2, 8, '2013-04-29', 2.50),
(3703, 'сок', 2, 8, '2013-04-29', 8.00),
(3704, 'макдак', 2, 8, '2013-04-29', 16.00),
(3705, 'днюха', 2, 8, '2013-04-29', 30.00),
(3706, 'макдак', 2, 8, '2013-04-29', 4.00),
(3707, 'миша духи', 2, 8, '2013-04-29', 184.00),
(3708, 'маска', 2, 8, '2013-04-29', 23.47),
(3709, 'дорога', 2, 8, '2013-04-29', 2.50),
(3710, 'маевка', 2, 8, '2013-04-29', 39.67),
(3711, 'бензин', 2, 8, '2013-04-29', 25.00),
(3712, 'хлеб', 2, 8, '2013-04-29', 7.47),
(3713, 'маевка', 2, 8, '2013-05-02', 157.00),
(3714, 'косметика', 2, 8, '2013-05-04', 68.64),
(3715, 'юбка', 2, 8, '2013-05-04', 56.00),
(3716, 'банан', 2, 8, '2013-05-04', 4.00),
(3717, 'балетки', 2, 8, '2013-05-04', 120.00),
(3718, 'мороженое', 2, 8, '2013-05-04', 1.00),
(3719, 'трусы', 2, 8, '2013-05-04', 15.00),
(3720, 'салфетки', 2, 8, '2013-05-04', 7.42),
(3721, 'днюха', 2, 8, '2013-05-04', 100.00),
(3722, 'шока', 2, 8, '2013-05-04', 11.90),
(3723, 'дорога', 2, 8, '2013-05-04', 2.50),
(3724, 'бензин', 2, 8, '2013-05-05', 15.00),
(3725, 'еда', 2, 8, '2013-05-05', 20.00),
(3726, 'прокладки', 2, 8, '2013-05-05', 25.65),
(3727, 'дорога', 2, 8, '2013-05-05', 1.50),
(3728, 'тапки', 2, 8, '2013-05-06', 50.00),
(3729, 'дорога', 2, 8, '2013-05-06', 4.00),
(3730, 'макдак', 2, 8, '2013-05-06', 4.00),
(3731, 'арахис', 2, 8, '2013-05-06', 3.50),
(3732, 'дорога', 2, 8, '2013-05-07', 4.50),
(3733, 'вода', 2, 8, '2013-05-07', 0.50),
(3734, 'йогурт', 2, 8, '2013-05-07', 4.00),
(3735, 'дорога', 2, 8, '2013-05-07', 4.00),
(3736, 'косметолог', 2, 8, '2013-05-07', 240.00),
(3737, 'цветы', 2, 8, '2013-05-07', 60.00),
(3738, 'трусы', 2, 8, '2013-05-08', 15.00),
(3739, 'пирожки', 2, 8, '2013-05-08', 11.60),
(3740, 'днюха', 2, 8, '2013-05-08', 30.00),
(3741, 'днюха', 2, 8, '2013-05-08', 150.00),
(3742, 'аптека', 2, 8, '2013-05-08', 6.05),
(3743, 'дорога', 2, 8, '2013-05-08', 2.50),
(3744, 'маевка', 2, 8, '2013-05-08', 100.00),
(3745, 'клей', 2, 8, '2013-05-09', 3.00),
(3746, 'дорога', 2, 8, '2013-05-09', 10.00),
(3747, 'бублик', 2, 8, '2013-05-09', 1.70),
(3748, 'ужин', 2, 8, '2013-05-09', 16.00),
(3749, 'банан', 2, 8, '2013-05-10', 3.90),
(3750, 'термальная вода', 2, 8, '2013-05-10', 106.20),
(3751, 'косметолог', 2, 8, '2013-05-10', 240.00),
(3752, 'яблоко', 2, 8, '2013-05-12', 4.95),
(3753, 'дорога', 2, 8, '2013-05-12', 7.50),
(3754, 'маевка', 2, 8, '2013-05-12', 23.00),
(3755, 'маевка', 2, 8, '2013-05-12', 47.00),
(3756, 'дорога', 2, 8, '2013-05-13', 5.00),
(3757, 'линзы', 2, 8, '2013-05-13', 140.00),
(3758, 'днюха', 2, 8, '2013-05-13', 55.00),
(3759, 'банан', 2, 8, '2013-05-13', 5.90),
(3760, 'пирожок', 2, 8, '2013-05-13', 3.50),
(3761, 'дорога', 2, 8, '2013-05-14', 50.00),
(3762, 'обед', 2, 8, '2013-05-14', 18.30),
(3763, 'ужин', 2, 8, '2013-05-14', 21.35),
(3764, 'дорога', 2, 8, '2013-05-15', 12.50),
(3765, 'линзы', 2, 8, '2013-05-15', 240.00),
(3766, 'круассан', 2, 8, '2013-05-15', 5.87),
(3767, 'ужин', 2, 8, '2013-05-15', 28.28),
(3768, 'сок', 2, 8, '2013-05-17', 8.75),
(3769, 'клубника', 2, 8, '2013-05-17', 10.00),
(3770, 'зубная паста', 2, 8, '2013-05-17', 25.00),
(3771, 'дорога', 2, 8, '2013-05-17', 10.00),
(3772, 'макдак', 2, 8, '2013-05-17', 16.50),
(3773, 'обед', 2, 8, '2013-05-17', 12.40),
(3774, 'дорога', 2, 8, '2013-05-18', 2.50),
(3775, 'банан', 2, 8, '2013-05-18', 7.70),
(3776, 'печенье', 2, 8, '2013-05-18', 3.75),
(3777, 'обед', 2, 8, '2013-05-18', 25.00),
(3778, 'дорога', 2, 8, '2013-05-18', 5.00),
(3779, 'дорога', 2, 8, '2013-05-19', 7.50),
(3780, 'обед', 2, 8, '2013-05-19', 16.00),
(3781, 'пополн.счета', 2, 8, '2013-05-19', 40.00),
(3782, 'дорога', 2, 8, '2013-05-20', 5.00),
(3783, 'ит.квартал', 2, 8, '2013-05-20', 30.00),
(3784, 'обед', 2, 8, '2013-05-20', 4.00),
(3785, 'антон', 2, 8, '2013-05-21', 10.00),
(3786, 'ужин', 2, 8, '2013-05-21', 8.00),
(3787, 'дорога', 2, 8, '2013-05-21', 2.50),
(3788, 'заварник', 2, 8, '2013-05-21', 25.00),
(3789, 'ужин', 2, 8, '2013-05-23', 33.20),
(3790, 'дорога', 2, 8, '2013-05-23', 2.50),
(3791, 'яблоко', 2, 8, '2013-05-23', 2.00),
(3792, 'клубника', 2, 8, '2013-05-23', 10.00),
(3793, 'шкаф', 2, 8, '2013-05-23', 50.00),
(3794, 'обед', 2, 8, '2013-05-23', 20.70),
(3795, 'макдак', 2, 8, '2013-05-26', 23.50),
(3796, 'масло', 2, 8, '2013-05-26', 13.40),
(3797, 'дорога', 2, 8, '2013-05-26', 17.50),
(3798, 'прокладки', 2, 8, '2013-05-26', 63.20),
(3799, 'клубника', 2, 8, '2013-05-26', 20.00),
(3800, 'трусы', 2, 8, '2013-05-26', 20.00),
(3801, 'лифчик', 2, 8, '2013-05-26', 25.00),
(3802, 'банан', 2, 8, '2013-05-26', 2.60),
(3803, 'ватные диски', 2, 8, '2013-05-26', 13.00),
(3804, 'дорога', 2, 8, '2013-05-26', 5.00),
(3805, 'цукаты', 2, 8, '2013-05-26', 7.00),
(3806, 'футболка', 2, 8, '2013-05-26', 119.00),
(3807, 'хлеб молоко', 2, 8, '2013-05-26', 6.35),
(3808, 'ужин', 2, 8, '2013-05-26', 20.25),
(3809, 'клубника', 2, 8, '2013-05-26', 8.00),
(3810, 'жвачка', 2, 8, '2013-05-26', 4.00),
(3811, 'интернет', 2, 8, '2013-05-28', 100.00),
(3812, 'ужин', 2, 8, '2013-05-28', 20.00),
(3813, 'обед', 2, 8, '2013-05-28', 9.00),
(3814, 'дорога', 2, 8, '2013-05-28', 2.50),
(3815, 'сырки', 2, 8, '2013-05-28', 5.00),
(3816, 'обед', 2, 8, '2013-05-28', 5.00),
(3817, 'дорога', 2, 8, '2013-05-30', 5.00),
(3818, 'мед', 2, 8, '2013-05-30', 70.00),
(3819, 'обед', 2, 8, '2013-05-30', 5.00),
(3820, 'сок', 2, 8, '2013-05-30', 11.75),
(3821, 'ужин', 2, 8, '2013-05-30', 20.00),
(3822, 'пирожки', 2, 8, '2013-05-30', 43.26),
(3823, 'черешня', 2, 8, '2013-05-30', 11.00),
(3824, 'клубника', 2, 8, '2013-05-30', 8.00),
(3825, 'жвачка', 2, 8, '2013-05-30', 4.00),
(3826, 'макдак', 2, 8, '2013-05-30', 4.00),
(3827, 'обед', 2, 8, '2013-05-31', 28.94),
(3828, 'клубника', 2, 8, '2013-05-31', 10.00),
(3829, 'дорога', 2, 8, '2013-06-01', 4.50),
(3830, 'семки', 2, 8, '2013-06-01', 2.00),
(3831, 'казинаки', 2, 8, '2013-06-01', 3.50),
(3832, 'футболка', 2, 8, '2013-06-01', 10.00),
(3833, 'шока', 2, 8, '2013-06-01', 7.75),
(3834, 'черешня', 2, 8, '2013-06-01', 7.50),
(3835, 'босоножки', 2, 8, '2013-06-02', 329.00),
(3836, 'клубника', 2, 8, '2013-06-02', 20.00),
(3837, 'обед', 2, 8, '2013-06-03', 19.00),
(3838, 'жвачка', 2, 8, '2013-06-03', 6.80),
(3839, 'дорога', 2, 8, '2013-06-03', 2.50),
(3840, 'для кухни', 2, 8, '2013-06-03', 15.82),
(3841, 'обед', 2, 8, '2013-06-04', 12.31),
(3842, 'клубника', 2, 8, '2013-06-04', 11.00),
(3843, 'помада', 2, 8, '2013-06-06', 22.60),
(3844, 'кино', 2, 8, '2013-06-06', 22.11),
(3845, 'дорога', 2, 8, '2013-06-06', 2.50),
(3846, 'конфеты', 2, 8, '2013-06-06', 22.00),
(3847, 'обед', 2, 8, '2013-06-06', 18.70),
(3848, 'дорога', 2, 8, '2013-06-06', 5.00),
(3849, 'жвачка', 2, 8, '2013-06-06', 3.95),
(3850, 'обед', 2, 8, '2013-06-07', 8.00),
(3851, 'дорога', 2, 8, '2013-06-07', 2.50),
(3852, 'суши', 2, 8, '2013-06-07', 54.00),
(3853, 'ДИПЛОМ', 2, 8, '2013-06-07', 2042.00),
(3854, 'платье', 2, 8, '2013-06-08', 329.00),
(3855, 'дорога', 2, 8, '2013-06-08', 7.50),
(3856, 'макдак', 2, 8, '2013-06-08', 15.50),
(3857, 'макдак', 2, 8, '2013-06-08', 8.00),
(3858, 'клубника', 2, 8, '2013-06-08', 16.00),
(3859, 'капуста', 2, 8, '2013-06-08', 7.00),
(3860, 'сметана', 2, 8, '2013-06-08', 8.84),
(3861, 'лук', 2, 8, '2013-06-08', 4.00),
(3862, 'фарш', 2, 8, '2013-06-08', 16.00),
(3863, 'морковка', 2, 8, '2013-06-08', 4.20),
(3864, 'батарейка', 2, 8, '2013-06-08', 2.50),
(3865, 'рис', 2, 8, '2013-06-08', 7.99),
(3866, 'шока', 2, 8, '2013-06-09', 8.98),
(3867, 'обед', 2, 8, '2013-06-09', 19.00),
(3868, 'петрушка', 2, 8, '2013-06-09', 0.90),
(3869, 'еда', 2, 8, '2013-06-11', 19.00),
(3870, 'дорога', 2, 8, '2013-06-11', 7.50),
(3871, 'шока', 2, 8, '2013-06-11', 8.98),
(3872, 'слойка', 2, 8, '2013-06-11', 8.90),
(3873, 'сок', 2, 8, '2013-06-11', 8.89),
(3874, 'ДИПЛОМ', 2, 8, '2013-06-12', 7.00),
(3875, 'колледж', 2, 8, '2013-06-12', 200.00),
(3876, 'дорога', 2, 8, '2013-06-12', 5.00),
(3877, 'салфетки', 2, 8, '2013-06-12', 1.25),
(3878, 'макдак', 2, 8, '2013-06-12', 23.50),
(3879, 'сырок', 2, 8, '2013-06-12', 2.49),
(3880, 'печенье', 2, 8, '2013-06-12', 19.89),
(3881, 'еда', 2, 8, '2013-06-12', 36.93),
(3882, 'дорога', 2, 8, '2013-06-14', 10.00),
(3883, 'колледж', 2, 8, '2013-06-14', 200.00),
(3884, 'пополн.счета', 2, 8, '2013-06-14', 40.00),
(3885, 'макдак', 2, 8, '2013-06-14', 15.50),
(3886, 'еда', 2, 8, '2013-06-14', 5.00),
(3887, 'клубника', 2, 8, '2013-06-15', 15.00),
(3888, 'еда', 2, 8, '2013-06-15', 11.00),
(3889, 'маникюр', 2, 8, '2013-06-15', 75.00),
(3890, 'трусы', 2, 8, '2013-06-15', 15.00),
(3891, 'дорога', 2, 8, '2013-06-16', 5.00),
(3892, 'бисквит', 2, 8, '2013-06-16', 15.60),
(3893, 'еда', 2, 8, '2013-06-17', 6.90),
(3894, 'зефир', 2, 8, '2013-06-17', 12.42),
(3895, 'зуб.паста', 2, 8, '2013-06-17', 8.00),
(3896, 'булка', 2, 8, '2013-06-17', 2.50),
(3897, 'распечатка', 2, 8, '2013-06-17', 31.80),
(3898, 'пилочка', 2, 8, '2013-06-17', 10.00),
(3899, 'бигуди', 2, 8, '2013-06-17', 8.00),
(3900, 'банан', 2, 8, '2013-06-17', 2.40),
(3901, 'еда', 2, 8, '2013-06-17', 49.00),
(3902, 'дорога', 2, 8, '2013-06-17', 10.00),
(3903, 'распечатка', 2, 8, '2013-06-17', 37.50),
(3904, 'прошивка', 2, 8, '2013-06-17', 20.00),
(3905, 'еда', 2, 8, '2013-06-17', 2.35),
(3906, 'еда', 2, 8, '2013-06-18', 22.50),
(3907, 'черешня', 2, 8, '2013-06-18', 13.50),
(3908, 'лак', 2, 8, '2013-06-18', 6.50),
(3909, 'дорога', 2, 8, '2013-06-18', 5.00),
(3910, 'обед', 2, 8, '2013-06-18', 12.42),
(3911, 'чертежи', 2, 8, '2013-06-18', 32.00),
(3912, 'еда', 2, 8, '2013-06-19', 5.35),
(3913, 'дорога', 2, 8, '2013-06-19', 7.50),
(3914, 'обед', 2, 8, '2013-06-19', 10.00),
(3915, 'майка', 2, 8, '2013-06-19', 28.00),
(3916, 'дорога', 2, 8, '2013-06-22', 7.50),
(3917, 'конфеты', 2, 8, '2013-06-22', 17.60),
(3918, 'шока', 2, 8, '2013-06-22', 9.00),
(3919, 'обед', 2, 8, '2013-06-22', 8.25),
(3920, 'дорога', 2, 8, '2013-06-22', 5.00),
(3921, 'жвачка', 2, 8, '2013-06-22', 15.55),
(3922, 'черешня', 2, 8, '2013-06-22', 10.00),
(3923, 'малина', 2, 8, '2013-06-22', 6.00),
(3924, 'дорога', 2, 8, '2013-06-22', 7.50),
(3925, 'макдак', 2, 8, '2013-06-22', 8.00),
(3926, 'малина', 2, 8, '2013-06-22', 10.00),
(3927, 'гематоген', 2, 8, '2013-06-22', 4.25),
(3928, 'вода', 2, 8, '2013-06-22', 111.40),
(3929, 'еда', 2, 8, '2013-06-22', 8.20),
(3930, 'формы для кексов', 2, 8, '2013-06-22', 14.00),
(3931, 'банан', 2, 8, '2013-06-22', 3.09),
(3932, 'салфетки', 2, 8, '2013-06-22', 1.00),
(3933, 'сок', 2, 8, '2013-06-22', 4.33),
(3934, 'чипсы', 2, 8, '2013-06-22', 2.65),
(3935, 'духи', 2, 8, '2013-06-22', 99.00),
(3936, 'дорога', 2, 8, '2013-06-22', 2.50),
(3937, 'сережки', 2, 8, '2013-06-22', 58.00),
(3938, 'сумка', 2, 8, '2013-06-22', 129.00),
(3939, 'дорога', 2, 8, '2013-06-23', 5.00),
(3940, 'еда', 2, 8, '2013-06-23', 33.00),
(3941, 'еда', 2, 8, '2013-06-24', 11.00),
(3942, 'дезик', 2, 8, '2013-06-24', 22.29),
(3943, 'милкивэй', 2, 8, '2013-06-24', 1.99),
(3944, 'дорога', 2, 8, '2013-06-24', 7.50),
(3945, 'ит.квартал', 2, 8, '2013-06-25', 38.00),
(3946, 'дорога', 2, 8, '2013-06-27', 10.00),
(3947, 'еда', 2, 8, '2013-06-27', 2.35),
(3948, 'йогурт', 2, 8, '2013-06-27', 6.20),
(3949, 'бублик', 2, 8, '2013-06-27', 1.90),
(3950, 'жвачка', 2, 8, '2013-06-27', 3.95),
(3951, 'дорога', 2, 8, '2013-06-27', 5.00),
(3952, 'малина', 2, 8, '2013-06-27', 10.00),
(3953, 'булка', 2, 8, '2013-06-27', 6.50),
(3954, 'миша', 2, 8, '2013-06-27', 20.00),
(3955, 'кот', 2, 8, '2013-06-28', 4.00),
(3956, 'дорога', 2, 8, '2013-06-28', 5.00),
(3957, 'еда', 2, 8, '2013-06-28', 2.50),
(3958, 'семки', 2, 8, '2013-06-28', 1.50),
(3959, 'трубочки', 2, 8, '2013-06-28', 10.00),
(3960, 'дыня', 2, 8, '2013-06-28', 5.00),
(3961, 'прокладки', 2, 8, '2013-06-28', 20.49),
(3962, 'карандаш', 2, 8, '2013-06-28', 9.00),
(3963, 'бритва', 2, 8, '2013-06-28', 68.90),
(3964, 'макдак', 2, 8, '2013-06-29', 15.50),
(3965, 'челка', 2, 8, '2013-06-29', 10.00),
(3966, 'еда', 2, 8, '2013-06-29', 7.50),
(3967, 'лифчик', 2, 8, '2013-06-29', 65.00),
(3968, 'лак', 2, 8, '2013-06-29', 25.00),
(3969, 'трусы', 2, 8, '2013-06-29', 15.00),
(3970, 'персики', 2, 8, '2013-06-29', 5.00),
(3971, 'еда', 2, 8, '2013-06-29', 1.50),
(3972, 'еда', 2, 8, '2013-06-29', 2.50),
(3973, 'еда', 2, 8, '2013-06-30', 2.70),
(3974, 'кактус', 2, 8, '2013-06-30', 10.00),
(3975, 'дорога', 2, 8, '2013-06-30', 2.50),
(3976, 'жвачка', 2, 8, '2013-06-30', 3.55),
(3977, 'шока', 2, 8, '2013-06-30', 9.00),
(3978, 'еда', 2, 8, '2013-06-30', 2.50),
(3979, 'еда', 2, 8, '2013-06-30', 17.50),
(3980, 'дорога', 2, 8, '2013-07-01', 10.00),
(3981, 'еда', 2, 8, '2013-07-01', 10.00),
(3982, 'шока', 2, 8, '2013-07-01', 8.13),
(3983, 'дорога', 2, 8, '2013-07-03', 5.00),
(3984, 'дорога', 2, 8, '2013-07-03', 5.00),
(3985, 'кефир', 2, 8, '2013-07-03', 4.18),
(3986, 'обед', 2, 8, '2013-07-03', 1.90),
(3987, 'еда', 2, 8, '2013-07-03', 8.40),
(3988, 'медпункт', 2, 8, '2013-07-03', 70.00),
(3989, 'еда', 2, 8, '2013-07-03', 5.80),
(3990, 'обед', 2, 8, '2013-07-04', 10.00),
(3991, 'еда', 2, 8, '2013-07-04', 1.20),
(3992, 'банан', 2, 8, '2013-07-04', 4.80),
(3993, 'обед', 2, 8, '2013-07-07', 5.00),
(3994, 'дорога', 2, 8, '2013-07-07', 2.50),
(3995, 'ит.квартал', 2, 8, '2013-07-07', 49.00),
(3996, 'еда', 2, 8, '2013-07-07', 2.00),
(3997, 'еда', 2, 8, '2013-07-07', 2.50),
(3998, 'еда', 2, 8, '2013-07-07', 3.00),
(3999, 'еда', 2, 8, '2013-07-07', 2.50),
(4000, 'еда', 2, 8, '2013-07-07', 21.00),
(4001, 'еда', 2, 8, '2013-07-07', 11.50),
(4002, 'море', 2, 8, '2013-07-07', 33.00),
(4003, 'дорога', 2, 8, '2013-07-07', 10.00),
(4004, 'еда', 2, 8, '2013-07-07', 1.15),
(4005, 'еда', 2, 8, '2013-07-07', 4.45),
(4006, 'еда', 2, 8, '2013-07-07', 9.00),
(4007, 'еда', 2, 8, '2013-07-07', 8.00),
(4008, 'кольцо', 2, 8, '2013-07-07', 50.00),
(4009, 'дорога', 2, 8, '2013-07-07', 5.00),
(4010, 'шока', 2, 8, '2013-07-07', 8.60),
(4011, 'макдак', 2, 8, '2013-07-07', 4.00),
(4012, 'еда', 2, 8, '2013-07-08', 4.00),
(4013, 'еда', 2, 8, '2013-07-08', 3.50),
(4014, 'еда', 2, 8, '2013-07-08', 1.15),
(4015, 'обед', 2, 8, '2013-07-08', 13.50),
(4016, 'маска', 2, 8, '2013-07-08', 14.77),
(4017, 'дорога', 2, 8, '2013-07-09', 5.00),
(4018, 'еда', 2, 8, '2013-07-09', 7.68),
(4019, 'обед', 2, 8, '2013-07-09', 7.00),
(4020, 'обед', 2, 8, '2013-07-09', 10.00),
(4021, 'обед', 2, 8, '2013-07-11', 12.80),
(4022, 'дорога', 2, 8, '2013-07-11', 2.50),
(4023, 'фотки', 2, 8, '2013-07-11', 25.00),
(4024, 'еда', 2, 8, '2013-07-11', 1.15),
(4025, 'шока', 2, 8, '2013-07-11', 8.98),
(4026, 'еда', 2, 8, '2013-07-11', 15.00),
(4027, 'еда', 2, 8, '2013-07-11', 8.00),
(4028, 'обед', 2, 8, '2013-07-12', 10.00),
(4029, 'дорога', 2, 8, '2013-07-12', 5.00),
(4030, 'макдак', 2, 8, '2013-07-12', 19.50),
(4031, 'кино', 2, 8, '2013-07-12', 20.00),
(4032, 'колледж', 2, 8, '2013-07-12', 5.00),
(4033, 'трусы', 2, 8, '2013-07-14', 25.00),
(4034, 'зеркало', 2, 8, '2013-07-14', 5.00),
(4035, 'шашлыки', 2, 8, '2013-07-14', 75.00),
(4036, 'жвачка', 2, 8, '2013-07-14', 3.55),
(4037, 'еда', 2, 8, '2013-07-14', 185.00),
(4038, 'еда', 2, 8, '2013-07-15', 11.00),
(4039, 'пополн.счета', 2, 8, '2013-07-15', 40.00),
(4040, 'пополн.счета', 2, 8, '2013-07-15', 3.00),
(4041, 'обед', 2, 8, '2013-07-18', 9.00),
(4042, 'подарок', 2, 8, '2013-07-18', 125.00),
(4043, 'обед', 2, 8, '2013-07-18', 14.00),
(4044, 'дорога', 2, 8, '2013-07-18', 2.50),
(4045, 'обед', 2, 8, '2013-07-18', 7.85),
(4046, 'еда', 2, 8, '2013-07-18', 10.00),
(4047, 'дорога', 2, 8, '2013-07-19', 5.00),
(4048, 'еда', 2, 8, '2013-07-19', 6.20),
(4049, 'еда', 2, 8, '2013-07-19', 50.00),
(4050, 'еда', 2, 8, '2013-07-21', 10.00),
(4051, 'футболка', 2, 8, '2013-07-21', 120.00),
(4052, 'обед', 2, 8, '2013-07-21', 15.55),
(4053, 'шашлыки', 2, 8, '2013-07-21', 100.00),
(4054, 'бензин', 2, 8, '2013-07-21', 20.00),
(4055, 'дорога', 2, 8, '2013-07-22', 5.00),
(4056, 'саша', 2, 8, '2013-07-22', 0.50),
(4057, 'обед', 2, 8, '2013-07-22', 10.00),
(4058, 'еда', 2, 8, '2013-07-22', 7.50),
(4059, 'еда', 2, 8, '2013-07-23', 1.77),
(4060, 'шока', 2, 8, '2013-07-23', 8.98),
(4061, 'еда', 2, 8, '2013-07-24', 3.00),
(4062, 'еда', 2, 8, '2013-07-24', 4.00),
(4063, 'еда', 2, 8, '2013-07-24', 2.10),
(4064, 'еда', 2, 8, '2013-07-24', 2.70),
(4065, 'еда', 2, 8, '2013-07-24', 1.20),
(4066, 'обед', 2, 8, '2013-07-25', 20.00),
(4067, 'балетки', 2, 8, '2013-07-26', 120.00),
(4068, 'лак', 2, 8, '2013-07-26', 18.00),
(4069, 'обед', 2, 8, '2013-07-26', 6.35),
(4070, 'смывка', 2, 8, '2013-07-26', 4.50),
(4071, 'еда', 2, 8, '2013-07-26', 10.00),
(4072, 'еда', 2, 8, '2013-07-26', 29.00),
(4073, 'обед', 2, 8, '2013-07-29', 20.42),
(4074, 'вода', 2, 8, '2013-07-29', 3.30),
(4075, 'обед', 2, 8, '2013-07-30', 10.30),
(4076, 'дорога', 2, 8, '2013-07-30', 2.50),
(4077, 'еда', 2, 8, '2013-07-30', 2.50),
(4078, 'виртус', 2, 8, '2013-07-30', 82.00),
(4079, 'саша', 2, 8, '2013-07-30', 30.00),
(4080, 'еда', 2, 8, '2013-07-31', 5.40),
(4081, 'дорога', 2, 8, '2013-08-01', 5.00),
(4082, 'макдак', 2, 8, '2013-08-01', 8.00),
(4083, 'еда', 2, 8, '2013-08-01', 3.50),
(4084, 'дорога', 2, 8, '2013-08-02', 10.00),
(4085, 'дорога вика', 2, 8, '2013-08-02', 5.50),
(4086, 'обед', 2, 8, '2013-08-02', 10.00),
(4087, 'жвачка', 2, 8, '2013-08-02', 4.00),
(4088, 'еда', 2, 8, '2013-08-02', 55.00),
(4089, 'пополн.счета', 2, 8, '2013-08-04', 50.00),
(4090, 'дорога', 2, 8, '2013-08-04', 2.50),
(4091, 'дорога', 2, 8, '2013-08-05', 5.00),
(4092, 'обед', 2, 8, '2013-08-05', 12.79),
(4093, 'обед', 2, 8, '2013-08-05', 7.20),
(4094, 'еда', 2, 8, '2013-08-05', 4.50),
(4095, 'дорога', 2, 8, '2013-08-08', 7.50),
(4096, 'еда', 2, 8, '2013-08-08', 1.20),
(4097, 'обед', 2, 8, '2013-08-08', 30.35),
(4098, 'обед', 2, 8, '2013-08-08', 22.44),
(4099, 'еда', 2, 8, '2013-08-10', 6.00),
(4100, 'дорога', 2, 8, '2013-08-10', 10.00),
(4101, 'еда', 2, 8, '2013-08-10', 1.00),
(4102, 'теннис', 2, 8, '2013-08-10', 20.00),
(4103, 'мороженое', 2, 8, '2013-08-10', 4.00),
(4104, 'еда', 2, 8, '2013-08-10', 31.00),
(4105, 'сгуща', 2, 8, '2013-08-10', 15.00),
(4106, 'семки', 2, 8, '2013-08-10', 1.35),
(4107, 'сырок', 2, 8, '2013-08-10', 4.00),
(4108, 'дорога', 2, 8, '2013-08-11', 5.00),
(4109, 'море', 2, 8, '2013-08-11', 13.80),
(4110, 'еда', 2, 8, '2013-08-11', 1.00),
(4111, 'суши', 2, 8, '2013-08-12', 50.00),
(4112, 'интернет', 2, 8, '2013-08-12', 50.00),
(4113, 'дорога', 2, 8, '2013-08-12', 2.50),
(4114, 'аптека', 2, 8, '2013-08-12', 11.60),
(4115, 'аптека', 2, 8, '2013-08-13', 9.00),
(4116, 'дорога', 2, 8, '2013-08-13', 5.00),
(4117, 'виноград', 2, 8, '2013-08-13', 16.00),
(4118, 'малина', 2, 8, '2013-08-13', 10.00),
(4119, 'еда', 2, 8, '2013-08-13', 1.20),
(4120, 'зуб.счетка', 2, 8, '2013-08-13', 4.00),
(4121, 'такси', 2, 8, '2013-08-15', 20.00),
(4122, 'кардан', 2, 8, '2013-08-15', 22.00),
(4123, 'сникерс', 2, 8, '2013-08-15', 7.80),
(4124, 'малина', 2, 8, '2013-08-15', 15.00),
(4125, 'банан', 2, 8, '2013-08-15', 4.00),
(4126, 'дорога', 2, 8, '2013-08-15', 5.00),
(4127, 'антон', 2, 8, '2013-08-15', 7.80),
(4128, 'кардан', 2, 8, '2013-08-15', 30.00),
(4129, 'корпус', 2, 8, '2013-08-15', 90.00),
(4130, 'обед', 2, 8, '2013-08-15', 25.00),
(4131, 'дорога', 2, 8, '2013-08-17', 10.00),
(4132, 'обед', 2, 8, '2013-08-17', 19.00),
(4133, 'дорога', 2, 8, '2013-08-17', 2.50),
(4134, 'шока', 2, 8, '2013-08-17', 9.15),
(4135, 'брови', 2, 8, '2013-08-17', 35.00),
(4136, 'челка', 2, 8, '2013-08-17', 10.00),
(4137, 'аптека', 2, 8, '2013-08-17', 12.00),
(4138, 'глина', 2, 8, '2013-08-17', 11.00),
(4139, 'еда', 2, 8, '2013-08-17', 2.50),
(4140, 'еда', 2, 8, '2013-08-17', 5.00),
(4141, 'еда', 2, 8, '2013-08-17', 16.00),
(4142, 'еда', 2, 8, '2013-08-17', 5.40),
(4143, 'еда', 2, 8, '2013-08-17', 1.00),
(4144, 'семки', 2, 8, '2013-08-18', 1.82),
(4145, 'еда', 2, 8, '2013-08-18', 5.40),
(4146, 'макдак', 2, 8, '2013-08-18', 5.00),
(4147, 'еда', 2, 8, '2013-08-18', 7.50),
(4148, 'дорога', 2, 8, '2013-08-19', 5.00),
(4149, 'обед', 2, 8, '2013-08-19', 16.30),
(4150, 'еда', 2, 8, '2013-08-20', 1.20),
(4151, 'еда', 2, 8, '2013-08-20', 5.70),
(4152, 'банан', 2, 8, '2013-08-20', 4.68),
(4153, 'дорога', 2, 8, '2013-08-20', 5.00),
(4154, 'миша', 2, 8, '2013-08-20', 18.94),
(4155, 'обед', 2, 8, '2013-08-20', 15.00),
(4156, 'дорога', 2, 8, '2013-08-21', 7.50),
(4157, 'миша др', 2, 8, '2013-08-21', 1293.00),
(4158, 'еда', 2, 8, '2013-08-21', 33.25),
(4159, 'дорога', 2, 8, '2013-08-21', 5.00),
(4160, 'контракт', 2, 8, '2013-08-21', 2875.00),
(4161, 'аптека', 2, 8, '2013-08-21', 31.00),
(4162, 'обед', 2, 8, '2013-08-21', 31.68),
(4163, 'дорога', 2, 8, '2013-08-22', 5.00),
(4164, 'еда', 2, 8, '2013-08-22', 20.00),
(4165, 'обед', 2, 8, '2013-08-22', 13.00),
(4166, 'прокладки', 2, 8, '2013-08-22', 20.92),
(4167, 'ватные диски', 2, 8, '2013-08-22', 11.15),
(4168, 'термальная вода', 2, 8, '2013-08-22', 105.00),
(4169, 'обед', 2, 8, '2013-08-22', 7.50),
(4170, 'дорога', 2, 8, '2013-08-23', 7.50),
(4171, 'обед', 2, 8, '2013-08-23', 10.20),
(4172, 'виталикк', 2, 8, '2013-08-23', 280.00),
(4173, 'еда', 2, 8, '2013-08-23', 21.50),
(4174, 'кофе с мишей', 2, 8, '2013-08-23', 35.00),
(4175, 'обед', 2, 8, '2013-08-27', 18.27),
(4176, 'Миша', 2, 8, '2013-08-27', 30.00),
(4177, 'еда', 2, 8, '2013-08-27', 13.00),
(4178, 'виталикк', 2, 8, '2013-08-27', 300.00),
(4179, 'миша', 2, 8, '2013-08-27', 12.00),
(4180, 'еда', 2, 8, '2013-08-27', 14.00),
(4181, 'еда', 2, 8, '2013-08-27', 10.00),
(4182, 'платье', 2, 8, '2013-08-27', 16.00),
(4183, 'дорога', 2, 8, '2013-08-27', 5.00),
(4184, 'маникюр', 2, 8, '2013-08-27', 55.00),
(4185, 'жвачка', 2, 8, '2013-08-27', 7.00),
(4186, 'дорога', 2, 8, '2013-08-27', 10.00),
(4187, 'еда', 2, 8, '2013-08-27', 20.00),
(4188, 'еда', 2, 8, '2013-08-27', 17.50),
(4189, 'дорога', 2, 8, '2013-08-28', 5.00),
(4190, 'ксерокс', 2, 8, '2013-08-28', 2.00),
(4191, 'миша', 2, 8, '2013-08-28', 17.50),
(4192, 'аптека', 2, 8, '2013-08-28', 3.00),
(4193, 'дорога', 2, 8, '2013-08-30', 7.50),
(4194, 'кефир', 2, 8, '2013-08-30', 7.00),
(4195, 'дорога', 2, 8, '2013-08-31', 5.00),
(4196, 'еда', 2, 8, '2013-08-31', 10.10),
(4197, 'андрей др', 2, 8, '2013-08-31', 17.10),
(4198, 'дорога', 2, 8, '2013-08-31', 5.00),
(4199, 'еда', 2, 8, '2013-08-31', 31.00),
(4200, 'формочки', 2, 8, '2013-08-31', 106.00),
(4201, 'дорога', 2, 8, '2013-08-31', 4.00),
(4202, 'еда', 2, 8, '2013-08-31', 7.50),
(4203, 'дорога', 2, 8, '2013-08-31', 5.00),
(4204, 'пополн.счета', 2, 8, '2013-08-31', 40.00),
(4205, 'макдак', 2, 8, '2013-08-31', 24.00),
(4206, 'дорога', 2, 8, '2013-08-31', 9.00),
(4207, 'еда', 2, 8, '2013-08-31', 128.50),
(4208, 'дорога', 2, 8, '2013-08-31', 2.50),
(4209, 'клей', 2, 8, '2013-08-31', 2.00),
(4210, 'джинсы', 2, 8, '2013-09-03', 300.00),
(4211, 'майка', 2, 8, '2013-09-03', 138.00),
(4212, 'банан', 2, 8, '2013-09-03', 5.00),
(4213, 'дорога', 2, 8, '2013-09-03', 4.00),
(4214, 'обед', 2, 8, '2013-09-04', 26.60),
(4215, 'дорога', 2, 8, '2013-09-04', 7.50),
(4216, 'еда', 2, 8, '2013-09-04', 11.40),
(4217, 'дыня', 2, 8, '2013-09-04', 5.00),
(4218, 'обед', 2, 8, '2013-09-04', 21.11),
(4219, 'дорога', 2, 8, '2013-09-05', 15.00),
(4220, 'жвачка', 2, 8, '2013-09-05', 3.68),
(4221, 'обед', 2, 8, '2013-09-05', 4.10),
(4222, 'обед', 2, 8, '2013-09-05', 11.45),
(4223, 'казинаки', 2, 8, '2013-09-06', 3.50),
(4224, 'дорога', 2, 8, '2013-09-06', 2.50),
(4225, 'обед', 2, 8, '2013-09-06', 9.15),
(4226, 'др', 2, 8, '2013-09-06', 60.00),
(4227, 'дорога', 2, 8, '2013-09-08', 5.50),
(4228, 'бритва', 2, 8, '2013-09-08', 69.00),
(4229, 'дорога', 2, 8, '2013-09-08', 9.00),
(4230, 'жувиленд', 2, 8, '2013-09-08', 6.50),
(4231, 'свитер', 2, 8, '2013-09-08', 149.00),
(4232, 'Миша свитер', 2, 8, '2013-09-08', 259.00),
(4233, 'дорога', 2, 8, '2013-09-08', 5.00),
(4234, 'сильпо', 2, 8, '2013-09-08', 6.15),
(4235, 'пончики', 2, 8, '2013-09-08', 7.30),
(4236, 'лифчик', 2, 8, '2013-09-08', 80.00),
(4237, 'салфетки', 2, 8, '2013-09-08', 3.00),
(4238, 'еда', 2, 8, '2013-09-08', 39.00),
(4239, 'еда', 2, 8, '2013-09-08', 3.50),
(4240, 'шока', 2, 8, '2013-09-08', 9.00),
(4241, 'макдак', 2, 8, '2013-09-08', 9.00),
(4242, 'дорога', 2, 8, '2013-09-08', 4.00),
(4243, 'еда', 2, 8, '2013-09-08', 5.00),
(4244, 'дорога', 2, 8, '2013-09-10', 10.00),
(4245, 'кефир', 2, 8, '2013-09-10', 5.00),
(4246, 'персики', 2, 8, '2013-09-10', 13.00),
(4247, 'дорога', 2, 8, '2013-09-11', 5.00),
(4248, 'обед', 2, 8, '2013-09-11', 7.45),
(4249, 'еда', 2, 8, '2013-09-11', 14.00),
(4250, 'киндер', 2, 8, '2013-09-11', 3.00),
(4251, 'обед', 2, 8, '2013-09-11', 13.55),
(4252, 'дорога', 2, 8, '2013-09-12', 2.50),
(4253, 'еда', 2, 8, '2013-09-12', 2.75),
(4254, 'обед', 2, 8, '2013-09-16', 7.00),
(4255, 'дорога', 2, 8, '2013-09-16', 5.00),
(4256, 'виталикк', 2, 8, '2013-09-16', 15.00),
(4257, 'что-то', 2, 8, '2013-09-16', 51.00),
(4258, 'таблетки', 2, 8, '2013-09-16', 12.00),
(4259, 'интернет', 2, 8, '2013-09-16', 100.00),
(4260, 'дорога', 2, 8, '2013-09-16', 5.00),
(4261, 'свитер', 2, 8, '2013-09-16', 229.00),
(4262, 'платье', 2, 8, '2013-09-16', 229.00),
(4263, 'еда', 2, 8, '2013-09-16', 14.00),
(4264, 'аптека', 2, 8, '2013-09-16', 48.00),
(4265, 'носки', 2, 8, '2013-09-16', 29.00),
(4266, 'дорога', 2, 8, '2013-09-16', 5.00),
(4267, 'обед', 2, 8, '2013-09-16', 37.00),
(4268, 'еда', 2, 8, '2013-09-17', 23.00),
(4269, 'дорога', 2, 8, '2013-09-18', 2.50),
(4270, 'обед', 2, 8, '2013-09-18', 7.40),
(4271, 'кеды', 2, 8, '2013-09-18', 116.00),
(4272, 'кеды', 2, 8, '2013-09-17', 512.00),
(4273, 'дорога', 2, 8, '2013-09-17', 2.50),
(4274, 'дорога', 2, 8, '2013-09-18', 2.50),
(4275, 'обед', 2, 8, '2013-09-18', 23.00),
(4276, 'обед', 2, 8, '2013-09-18', 6.75),
(4277, 'дорога', 2, 8, '2013-09-19', 5.00),
(4278, 'еда', 2, 8, '2013-09-19', 18.00),
(4279, 'кофта', 2, 8, '2013-09-19', 50.00),
(4280, 'дорога', 2, 8, '2013-09-20', 5.00),
(4281, 'обед', 2, 8, '2013-09-20', 9.65),
(4282, 'еда', 2, 8, '2013-09-20', 48.59),
(4283, 'дорога', 2, 8, '2013-09-20', 2.50),
(4284, 'еда', 2, 8, '2013-09-20', 6.85),
(4285, 'дорога', 2, 8, '2013-09-20', 5.00),
(4286, 'еда', 2, 8, '2013-09-20', 27.35),
(4287, 'сильпо', 2, 8, '2013-09-20', 15.00),
(4288, 'дорога', 2, 8, '2013-09-20', 7.50),
(4289, 'миша', 2, 8, '2013-09-20', 67.00),
(4290, 'обед', 2, 8, '2013-09-20', 22.65),
(4291, 'дорога', 2, 8, '2013-09-20', 5.00),
(4292, 'таврия', 2, 8, '2013-09-20', 55.00),
(4293, 'суши', 2, 8, '2013-09-20', 100.00),
(4294, 'пластырь', 2, 8, '2013-09-20', 1.75),
(4295, 'дорога', 2, 8, '2013-09-20', 1.50),
(4296, 'дорога', 2, 8, '2013-09-20', 2.50),
(4297, 'артем', 2, 8, '2013-09-20', 30.00),
(4298, 'латте', 2, 8, '2013-09-20', 17.00),
(4299, 'дорога', 2, 8, '2013-09-30', 5.00),
(4300, 'еда', 2, 8, '2013-09-30', 33.70),
(4301, 'умывалка', 2, 8, '2013-09-30', 125.00),
(4302, 'обед', 2, 8, '2013-09-30', 7.40),
(4303, 'вика', 2, 8, '2013-09-30', 5.00),
(4304, 'жвачка', 2, 8, '2013-09-30', 4.00),
(4305, 'дорога', 2, 8, '2013-09-30', 2.50),
(4306, 'шока', 2, 8, '2013-09-30', 9.55),
(4307, 'дорога', 2, 8, '2013-09-30', 2.50),
(4308, 'шкаф', 2, 8, '2013-09-30', 50.00),
(4309, 'корм', 2, 8, '2013-09-30', 4.50),
(4310, 'дорога', 2, 8, '2013-09-30', 5.00),
(4311, 'обед', 2, 8, '2013-09-30', 9.00),
(4312, 'еда', 2, 8, '2013-09-30', 70.00),
(4313, 'дорога', 2, 8, '2013-09-30', 9.00),
(4314, 'еда', 2, 8, '2013-09-30', 20.00),
(4315, 'цветы', 2, 8, '2013-09-30', 20.00),
(4316, 'еда', 2, 8, '2013-09-30', 60.00),
(4317, 'еда', 2, 8, '2013-09-30', 50.00),
(4318, 'дорога', 2, 8, '2013-09-30', 5.00),
(4319, 'жвачка', 2, 8, '2013-09-30', 3.70),
(4320, 'аптека', 2, 8, '2013-09-30', 20.00),
(4321, 'укол', 2, 8, '2013-09-30', 20.00),
(4322, 'клавиатура миша', 2, 8, '2013-09-30', 660.00),
(4323, 'обед', 2, 8, '2013-09-30', 9.55),
(4324, 'кардан', 2, 8, '2013-10-01', 60.00),
(4325, 'миша', 2, 8, '2013-10-01', 50.00),
(4326, 'зеркало', 2, 8, '2013-10-01', 4.50),
(4327, 'аптека', 2, 8, '2013-10-01', 9.60),
(4328, 'врач', 2, 8, '2013-10-01', 230.00),
(4329, 'дорога', 2, 8, '2013-10-01', 7.50),
(4330, 'гематоген', 2, 8, '2013-10-01', 4.05),
(4331, 'дорога', 2, 8, '2013-10-03', 2.50),
(4332, 'обувь', 2, 8, '2013-10-03', 25.00),
(4333, 'дорога', 2, 8, '2013-10-08', 10.00),
(4334, 'еда', 2, 8, '2013-10-08', 50.00),
(4335, 'еда', 2, 8, '2013-10-08', 14.00),
(4336, 'еда', 2, 8, '2013-10-08', 6.00),
(4337, 'яблоки', 2, 8, '2013-10-08', 7.00),
(4338, 'носки', 2, 8, '2013-10-08', 13.50),
(4339, 'дорога', 2, 8, '2013-10-08', 10.00),
(4340, 'обед', 2, 8, '2013-10-08', 7.00),
(4341, 'дорога', 2, 8, '2013-10-08', 5.00),
(4342, 'семки', 2, 8, '2013-10-08', 3.70),
(4343, 'горшки', 2, 8, '2013-10-08', 6.60),
(4344, 'духи', 2, 8, '2013-10-08', 25.00),
(4345, 'огурец', 2, 8, '2013-10-08', 10.00),
(4346, 'еда', 2, 8, '2013-10-08', 1.85),
(4347, 'узи', 2, 8, '2013-10-08', 100.00),
(4348, 'виноград', 2, 8, '2013-10-08', 11.25),
(4349, 'обед', 2, 8, '2013-10-08', 20.00),
(4350, 'дорога', 2, 8, '2013-10-08', 5.00),
(4351, 'обед', 2, 8, '2013-10-08', 22.00),
(4352, 'чулки', 2, 8, '2013-10-08', 50.00),
(4353, 'дорога', 2, 8, '2013-10-09', 2.50),
(4354, 'англ', 2, 8, '2013-10-09', 150.00),
(4355, 'еда', 2, 8, '2013-10-09', 38.00),
(4356, 'дорога', 2, 8, '2013-10-09', 10.00),
(4357, 'дорога', 2, 8, '2013-10-11', 5.00),
(4358, 'дорога', 2, 8, '2013-10-11', 20.00),
(4359, 'обед', 2, 8, '2013-10-11', 20.00),
(4360, 'обед', 2, 8, '2013-10-11', 11.60),
(4361, 'дорога', 2, 8, '2013-10-14', 2.50),
(4362, 'врач', 2, 8, '2013-10-14', 10.00),
(4363, 'тоналка', 2, 8, '2013-10-14', 120.00),
(4364, 'дорога', 2, 8, '2013-10-14', 2.50),
(4365, 'еда', 2, 8, '2013-10-14', 2.35),
(4366, 'шарф шапка', 2, 8, '2013-10-14', 188.00);
INSERT INTO `Entry` (`id`, `name`, `user_id`, `category_id`, `date`, `sum`) VALUES
(4367, 'пальто', 2, 8, '2013-10-14', 124.50),
(4368, 'нож, прокладки', 2, 8, '2013-10-14', 25.00),
(4369, 'еда', 2, 8, '2013-10-14', 5.00),
(4370, 'трусы', 2, 8, '2013-10-14', 20.00),
(4371, 'аптека', 2, 8, '2013-10-14', 745.00),
(4372, 'колледж', 2, 8, '2013-10-14', 2100.00),
(4373, 'дорога', 2, 8, '2013-10-14', 5.00),
(4374, 'обед', 2, 8, '2013-10-14', 12.80),
(4375, 'обед', 2, 8, '2013-10-14', 8.60),
(4376, 'аптека', 2, 8, '2013-10-16', 15.00),
(4377, 'врач', 2, 8, '2013-10-16', 12.50),
(4378, 'еда', 2, 8, '2013-10-16', 51.45),
(4379, 'обед', 2, 8, '2013-10-16', 15.00),
(4380, 'дорога', 2, 8, '2013-10-16', 10.00),
(4381, 'врач', 2, 8, '2013-10-16', 12.50),
(4382, 'еда', 2, 8, '2013-10-16', 51.45),
(4383, 'обед', 2, 8, '2013-10-16', 15.00),
(4384, 'дорога', 2, 8, '2013-10-16', 10.00),
(4385, 'обувь', 2, 8, '2013-10-22', 160.00),
(4386, 'еда', 2, 8, '2013-10-22', 79.30),
(4387, 'дорога', 2, 8, '2013-10-22', 10.00),
(4388, 'валик', 2, 8, '2013-10-22', 26.00),
(4389, 'носки', 2, 8, '2013-10-22', 18.00),
(4390, 'еда', 2, 8, '2013-10-22', 11.50),
(4391, 'дорога', 2, 8, '2013-10-22', 12.50),
(4392, 'ит. квартал', 2, 8, '2013-10-22', 25.00),
(4393, 'жвачка', 2, 8, '2013-10-22', 3.50),
(4394, 'англ', 2, 8, '2013-10-22', 150.00),
(4395, 'еда', 2, 8, '2013-10-22', 40.00),
(4396, 'еда', 2, 8, '2013-10-22', 25.00),
(4397, 'еда', 2, 8, '2013-10-22', 43.00),
(4398, 'аптека', 2, 8, '2013-10-22', 8.00),
(4399, 'обед', 2, 8, '2013-10-22', 14.00),
(4400, 'прокладки', 2, 8, '2013-10-22', 19.00),
(4401, 'еда', 2, 8, '2013-10-22', 16.00),
(4402, 'еда', 2, 8, '2013-10-22', 45.00),
(4403, 'врач', 2, 8, '2013-10-25', 120.00),
(4404, 'обед', 2, 8, '2013-10-25', 20.40),
(4405, 'формочки', 2, 8, '2013-10-25', 26.00),
(4406, 'обед', 2, 8, '2013-10-25', 13.50),
(4407, 'ит. квартал', 2, 8, '2013-10-25', 90.00),
(4408, 'англ', 2, 8, '2013-10-25', 50.00),
(4409, 'дорога', 2, 8, '2013-10-25', 15.00),
(4410, 'дорога', 2, 8, '2013-10-26', 7.50),
(4411, 'англ', 2, 8, '2013-10-28', 50.00),
(4412, 'макдак', 2, 8, '2013-10-28', 18.50),
(4413, 'термальная вода', 2, 8, '2013-10-28', 125.00),
(4414, 'еда', 2, 8, '2013-10-28', 15.00),
(4415, 'бальзам', 2, 8, '2013-10-28', 8.00),
(4416, 'еда', 2, 8, '2013-10-28', 60.70),
(4417, 'пополн.счета', 2, 8, '2013-10-28', 40.00),
(4418, 'дорога', 2, 8, '2013-10-28', 5.00),
(4419, 'зеркало', 2, 8, '2013-10-28', 10.00),
(4420, 'обед', 2, 8, '2013-10-28', 9.00),
(4421, 'корм', 2, 8, '2013-10-28', 14.00),
(4422, 'творог', 2, 8, '2013-10-28', 13.00),
(4423, 'еда', 2, 8, '2013-10-28', 11.00),
(4424, 'дорога', 2, 8, '2013-10-30', 6.75),
(4425, 'обед', 2, 8, '2013-10-30', 25.00),
(4426, 'англ', 2, 8, '2013-10-30', 150.00),
(4427, 'миша', 2, 8, '2013-10-30', 50.00),
(4428, 'дорога', 2, 8, '2013-10-30', 5.00),
(4429, 'обед', 2, 8, '2013-10-30', 25.00),
(4430, 'дорога', 2, 8, '2013-10-30', 2.50),
(4431, 'кактус', 2, 8, '2013-10-31', 48.20),
(4432, 'чай', 2, 8, '2013-10-31', 15.00),
(4433, 'обед', 2, 8, '2013-10-31', 22.00),
(4434, 'фото', 2, 8, '2013-10-31', 7.00),
(4435, 'обед', 2, 8, '2013-10-31', 5.00),
(4436, 'дорога', 2, 8, '2013-11-01', 5.00),
(4437, 'миша', 2, 8, '2013-11-01', 16.50),
(4438, 'еда', 2, 8, '2013-11-04', 27.00),
(4439, 'пицца', 2, 8, '2013-11-04', 60.00),
(4440, 'юбка', 2, 8, '2013-11-04', 43.00),
(4441, 'трусы', 2, 8, '2013-11-04', 15.00),
(4442, 'огурец', 2, 8, '2013-11-04', 6.30),
(4443, 'тапки', 2, 8, '2013-11-04', 25.00),
(4444, 'скатерть', 2, 8, '2013-11-04', 25.00),
(4445, 'аптека', 2, 8, '2013-11-04', 82.40),
(4446, 'еда', 2, 8, '2013-11-04', 212.00),
(4447, 'шока', 2, 8, '2013-11-04', 11.10),
(4448, 'сквородка', 2, 8, '2013-11-04', 78.44),
(4449, 'дорога', 2, 8, '2013-11-04', 5.00),
(4450, 'корм', 2, 8, '2013-11-04', 14.00),
(4451, 'обед', 2, 8, '2013-11-04', 27.00),
(4452, 'дорога', 2, 8, '2013-11-04', 5.00),
(4453, 'спринцевка', 2, 8, '2013-11-04', 6.35),
(4454, 'еда', 2, 8, '2013-11-04', 5.55),
(4455, 'обед', 2, 8, '2013-11-04', 14.90),
(4456, 'дорога', 2, 8, '2013-11-06', 12.50),
(4457, 'семки', 2, 8, '2013-11-06', 2.00),
(4458, 'англ', 2, 8, '2013-11-06', 150.00),
(4459, 'обед', 2, 8, '2013-11-06', 20.00),
(4460, 'обед', 2, 8, '2013-11-06', 8.00),
(4461, 'чай', 2, 8, '2013-11-06', 30.00),
(4462, 'обед', 2, 8, '2013-11-06', 29.00),
(4463, 'дорога', 2, 8, '2013-11-06', 10.00),
(4464, 'еда', 2, 8, '2013-11-06', 27.50),
(4465, 'цукаты', 2, 8, '2013-11-11', 20.00),
(4466, 'еда', 2, 8, '2013-11-11', 40.00),
(4467, 'англ', 2, 8, '2013-11-11', 155.00),
(4468, 'еда', 2, 8, '2013-11-11', 18.00),
(4469, 'аптека', 2, 8, '2013-11-11', 35.00),
(4470, 'еда', 2, 8, '2013-11-11', 18.00),
(4471, 'сникерс', 2, 8, '2013-11-11', 6.00),
(4472, 'еда', 2, 8, '2013-11-11', 66.00),
(4473, 'дорога', 2, 8, '2013-11-11', 5.00),
(4474, 'обед', 2, 8, '2013-11-11', 22.50),
(4475, 'дорога', 2, 8, '2013-11-12', 5.00),
(4476, 'латте', 2, 8, '2013-11-14', 13.00),
(4477, 'обед', 2, 8, '2013-11-14', 16.73),
(4478, 'аптека', 2, 8, '2013-11-14', 92.40),
(4479, 'аптека', 2, 8, '2013-11-14', 70.28),
(4480, 'обед', 2, 8, '2013-11-14', 24.76),
(4481, 'дорога', 2, 8, '2013-11-15', 10.00),
(4482, 'обед', 2, 8, '2013-11-15', 47.00),
(4483, 'еда', 2, 8, '2013-11-15', 14.20),
(4484, 'дорога', 2, 8, '2013-11-21', 7.50),
(4485, 'банан', 2, 8, '2013-11-21', 4.50),
(4486, 'еда', 2, 8, '2013-11-21', 24.00),
(4487, 'еда', 2, 8, '2013-11-21', 160.00),
(4488, 'еда', 2, 8, '2013-11-21', 50.00),
(4489, 'еда', 2, 8, '2013-11-21', 10.00),
(4490, 'аптека', 2, 8, '2013-11-21', 29.00),
(4491, 'дорога', 2, 8, '2013-11-21', 5.00),
(4492, 'еда', 2, 8, '2013-11-21', 65.00),
(4493, 'аптека', 2, 8, '2013-11-21', 10.00),
(4494, 'духи', 2, 8, '2013-11-21', 79.00),
(4495, 'обед', 2, 8, '2013-11-21', 7.00),
(4496, 'еда', 2, 8, '2013-11-21', 15.00),
(4497, 'колледж', 2, 8, '2013-11-21', 700.00),
(4498, 'дорога', 2, 8, '2013-11-21', 5.00),
(4499, 'колледж', 2, 8, '2013-11-21', 2875.00),
(4500, 'колледж', 2, 8, '2013-11-21', 700.00),
(4501, 'пополн.счета', 2, 8, '2013-11-21', 40.00),
(4502, 'лотерея', 2, 8, '2013-11-21', 5.00),
(4503, 'врач', 2, 8, '2013-11-21', 60.00),
(4504, 'еда', 2, 8, '2013-11-21', 15.00),
(4505, 'аптека', 2, 8, '2013-11-21', 76.00),
(4506, 'магаз', 2, 8, '2013-11-21', 7.00),
(4507, 'дорога', 2, 8, '2013-11-21', 5.00),
(4508, 'дорога', 2, 8, '2013-11-21', 5.00),
(4509, 'обед', 2, 8, '2013-11-21', 10.60),
(4510, 'аптека', 2, 8, '2013-11-21', 165.00),
(4511, 'творог', 2, 8, '2013-11-21', 10.00),
(4512, 'мандарины', 2, 8, '2013-11-24', 15.00),
(4513, 'обед', 2, 8, '2013-11-24', 18.80),
(4514, 'дорога', 2, 8, '2013-11-24', 12.50),
(4515, 'англ', 2, 8, '2013-11-24', 150.00),
(4516, 'еда', 2, 8, '2013-11-24', 76.00),
(4517, 'дорога', 2, 8, '2013-11-25', 5.00),
(4518, 'обед', 2, 8, '2013-11-25', 12.00),
(4519, 'тоналка', 2, 8, '2013-11-25', 186.00),
(4520, 'дорога', 2, 8, '2013-11-25', 5.00),
(4521, 'обед', 2, 8, '2013-11-25', 17.50),
(4522, 'обед', 2, 8, '2013-11-25', 17.50),
(4523, 'обед', 2, 8, '2013-11-25', 11.00),
(4524, 'дорога', 2, 8, '2013-11-26', 5.00),
(4525, 'дорога', 2, 8, '2013-11-27', 5.00),
(4526, 'еда', 2, 8, '2013-11-27', 76.00),
(4527, 'миша', 2, 8, '2013-11-27', 54.00),
(4528, 'дорога', 2, 8, '2013-11-28', 15.00),
(4529, 'мандарины', 2, 8, '2013-11-28', 28.00),
(4530, 'еда', 2, 8, '2013-11-28', 17.00),
(4531, 'гранат', 2, 8, '2013-11-28', 11.00),
(4532, 'одежда', 2, 8, '2013-11-28', 72.00),
(4533, 'еда', 2, 8, '2013-11-28', 75.00),
(4534, 'стрижка', 2, 8, '2013-11-28', 60.00),
(4535, 'мандарины', 2, 8, '2013-12-02', 10.00),
(4536, 'лифчик', 2, 8, '2013-12-02', 90.00),
(4537, 'дорога', 2, 8, '2013-12-03', 5.00),
(4538, 'сапоги', 2, 8, '2013-12-03', 750.00),
(4539, 'для сапог', 2, 8, '2013-12-03', 45.00),
(4540, 'трусы', 2, 8, '2013-12-03', 30.00),
(4541, 'обед', 2, 8, '2013-12-03', 10.05),
(4542, 'Еда', 2, 2, '2013-12-03', 15.00),
(4543, 'Англ', 2, 4, '2013-12-03', 150.00),
(4544, 'Дорога', 2, 3, '2013-12-03', 10.00),
(4545, 'Transit', 1, 3, '2013-12-04', 3.00),
(4546, 'Lunch', 1, 12, '2013-12-04', 32.00),
(4547, 'дорога', 2, 3, '2013-12-04', 4.00),
(4548, 'дорога', 2, 3, '2013-12-04', 1.00),
(4549, 'обед', 2, 2, '2013-12-04', 18.00),
(4550, '+', 2, 7, '2013-12-04', 10.00),
(4551, 'еда', 2, 2, '2013-12-04', 93.00),
(4552, 'Lunch', 1, 12, '2013-12-05', 25.00),
(4553, 'Transit', 1, 3, '2013-12-05', 4.00),
(4554, 'Transit', 1, 3, '2013-12-06', 3.00),
(4555, 'Lunch', 1, 12, '2013-12-06', 20.00),
(4556, 'дорога', 2, 3, '2013-12-06', 5.00),
(4557, 'обед', 2, 2, '2013-12-06', 17.00),
(4559, 'еда', 2, 2, '2013-12-06', 0.50),
(4560, 'Alcohol sale', 1, 7, '2013-12-06', 35.00),
(4561, 'зп', 2, 6, '2013-12-06', 926.00),
(4562, 'еда', 2, 2, '2013-12-06', 40.00),
(4563, 'Life', 1, 4, '2013-12-07', 40.00),
(4564, 'Tenet', 1, 4, '2013-12-07', 100.00),
(4565, 'Food', 1, 2, '2013-12-07', 100.00),
(4566, 'Food', 1, 2, '2013-12-08', 58.00),
(4567, 'Transit', 1, 3, '2013-12-09', 1.50),
(4568, 'Lunch', 1, 12, '2013-12-09', 24.00),
(4569, 'дорога', 2, 3, '2013-12-09', 15.00),
(4570, 'футболки &#040;мне, Мише&#041;', 2, 5, '2013-12-09', 286.00),
(4571, 'Миша', 2, 5, '2013-12-09', 279.00),
(4572, 'свитер', 2, 5, '2013-12-09', 229.00),
(4573, 'чай', 2, 1, '2013-12-09', 25.00),
(4574, 'еда', 2, 2, '2013-12-09', 26.00),
(4575, 'обед', 2, 2, '2013-12-09', 17.00),
(4576, 'Transit', 1, 3, '2013-12-10', 1.50),
(4577, 'Lunch', 1, 12, '2013-12-10', 23.00),
(4578, 'дорога', 2, 3, '2013-12-11', 15.00),
(4579, 'обед', 2, 2, '2013-12-11', 22.00),
(4580, 'англ', 2, 4, '2013-12-11', 100.00),
(4581, 'обед', 2, 2, '2013-12-11', 22.00),
(4582, 'аптека', 2, 4, '2013-12-11', 132.00),
(4583, 'Transit', 1, 3, '2013-12-11', 1.50),
(4584, 'Lunch', 1, 12, '2013-12-11', 25.00),
(4585, 'Food', 1, 1, '2013-12-11', 22.00),
(4586, 'Transit', 1, 3, '2013-12-12', 3.00),
(4587, 'Lunch', 1, 12, '2013-12-12', 21.00),
(4588, 'дорога', 2, 3, '2013-12-12', 5.00),
(4589, 'еда', 2, 2, '2013-12-12', 24.70),
(4590, 'Coffe', 1, 2, '2013-12-13', 2.50),
(4591, 'Lunch', 1, 12, '2013-12-13', 25.00),
(4592, 'обед', 2, 2, '2013-12-13', 15.00),
(4593, 'юля др', 2, 8, '2013-12-13', 30.00),
(4594, 'еда', 2, 2, '2013-12-13', 21.00),
(4595, 'Whiskey sell', 1, 7, '2013-12-13', 50.00),
(4596, 'Transit', 1, 3, '2013-12-13', 1.50),
(4597, 'Food', 1, 2, '2013-12-13', 28.00),
(4598, 'Shaurma', 1, 1, '2013-12-14', 30.00),
(4599, 'Hookah', 1, 1, '2013-12-14', 50.00),
(4600, 'Transit', 1, 3, '2013-12-16', 3.00),
(4601, 'Lunch', 1, 12, '2013-12-16', 24.00),
(4602, 'дорога', 2, 3, '2013-12-16', 10.00),
(4603, 'еда', 2, 2, '2013-12-16', 55.00),
(4604, 'еда', 2, 2, '2013-12-16', 360.00),
(4605, 'пополн.счета', 2, 4, '2013-12-16', 40.00),
(4606, 'зарплата', 2, 6, '2013-12-16', 4671.00),
(4607, 'аптека', 2, 8, '2013-12-16', 13.25),
(4608, 'врач', 2, 8, '2013-12-16', 30.00),
(4609, 'мандарины', 2, 2, '2013-12-16', 15.00),
(4610, 'Coffe', 1, 2, '2013-12-16', 5.00),
(4611, 'Food', 1, 2, '2013-12-15', 40.00),
(4612, 'Transit', 1, 3, '2013-12-17', 1.50),
(4613, 'дорога', 2, 3, '2013-12-17', 5.00),
(4614, 'Lunch', 1, 12, '2013-12-17', 22.00),
(4615, 'обед', 2, 2, '2013-12-17', 10.70),
(4616, 'зарплата', 2, 6, '2013-01-09', 1672.00),
(4617, 'зарплата', 2, 6, '2013-02-09', 1000.00),
(4618, 'зарплата', 2, 6, '2013-03-08', 1722.00),
(4619, 'зарплата', 2, 6, '2013-04-07', 1789.00),
(4620, 'зарплата', 2, 6, '2013-05-17', 1632.00),
(4621, 'зарплата', 2, 6, '2013-06-17', 1602.00),
(4622, 'зарплата', 2, 6, '2013-07-17', 1778.00),
(4623, 'зарплата', 2, 6, '2013-08-17', 3039.00),
(4624, 'зарплата', 2, 6, '2013-09-17', 4081.00),
(4625, 'зарплата', 2, 6, '2013-10-17', 2807.00),
(4626, 'зарплата', 2, 6, '2013-11-17', 6416.00),
(4627, 'зарплата', 2, 6, '2012-12-17', 1000.00),
(4628, 'зарплата', 2, 6, '2012-11-17', 800.00),
(4629, 'Block cylinder head', 1, 8, '2013-12-17', 415.00),
(4630, 'Car consumables', 1, 8, '2013-12-17', 100.00),
(4631, 'бонус', 2, 7, '2013-12-18', 95.00),
(4632, 'дорога', 2, 3, '2013-12-18', 7.50),
(4633, 'англ', 2, 4, '2013-12-18', 150.00),
(4634, 'дорога', 2, 3, '2013-12-18', 5.00),
(4635, 'обед', 2, 2, '2013-12-18', 8.00),
(4636, 'подарок раз', 2, 4, '2013-12-18', 75.37),
(4637, 'Transit', 1, 3, '2013-12-18', 1.50),
(4638, 'Lunch', 1, 12, '2013-12-18', 20.00),
(4639, 'St.Nikolay', 1, 10, '2013-12-18', 20.00),
(4640, 'дорога', 2, 3, '2013-12-19', 5.00),
(4641, 'печенье', 2, 2, '2013-12-19', 9.90),
(4642, 'Lunch', 1, 12, '2013-12-19', 31.00),
(4643, 'Transit', 1, 3, '2013-12-19', 3.00),
(4644, 'мандарины', 2, 2, '2013-12-19', 5.50),
(4645, 'еда', 2, 2, '2013-12-19', 38.00),
(4646, 'дорога', 2, 3, '2013-12-20', 5.00),
(4647, 'обед', 2, 2, '2013-12-20', 15.00),
(4648, 'Lunch', 1, 12, '2013-12-20', 30.00),
(4649, 'Transit', 1, 3, '2013-12-20', 3.00),
(4650, 'Beer and nuts', 1, 1, '2013-12-20', 25.00),
(4651, 'Hookah', 1, 1, '2013-12-20', 50.00),
(4652, 'Iron', 1, 10, '2013-12-21', 237.00),
(4653, 'Hookah and tea', 1, 1, '2013-12-21', 70.00),
(4654, 'обед', 2, 2, '2013-12-23', 15.00),
(4655, 'дорога', 2, 3, '2013-12-23', 17.50),
(4656, 'аптека', 2, 8, '2013-12-23', 75.20),
(4657, 'еда', 2, 2, '2013-12-23', 18.50),
(4658, 'чулки', 2, 5, '2013-12-23', 45.00),
(4659, 'творог', 2, 2, '2013-12-23', 21.00),
(4660, 'виталик', 2, 1, '2013-12-23', 249.00),
(4661, 'мандарины', 2, 2, '2013-12-23', 10.00),
(4662, 'антон', 2, 8, '2013-12-23', 50.00),
(4663, 'Haircut', 1, 8, '2013-12-23', 40.00),
(4664, 'Lunch', 1, 12, '2013-12-23', 4.00),
(4665, 'обед', 2, 2, '2013-12-23', 17.50),
(4666, 'конфеты', 2, 2, '2013-12-23', 5.00),
(4667, 'Engine repairing', 1, 8, '2013-12-23', 600.00),
(4668, 'NY skylogic', 1, 8, '2013-12-24', 50.00),
(4669, 'Transit', 1, 3, '2013-12-24', 1.50),
(4670, 'Lunch', 1, 12, '2013-12-24', 36.00),
(4671, 'прокладки', 2, 8, '2013-12-24', 42.15),
(4672, 'корм', 2, 8, '2013-12-24', 8.00),
(4673, 'еда', 2, 2, '2013-12-24', 45.75),
(4674, 'англ', 2, 4, '2013-12-24', 150.00),
(4675, 'дорога', 2, 3, '2013-12-24', 2.50),
(4676, 'дорога', 2, 3, '2013-12-25', 7.50),
(4677, 'Transit', 1, 3, '2013-12-26', 1.50),
(4678, 'Water', 1, 8, '2013-12-26', 4.50),
(4679, 'халва', 2, 2, '2013-12-26', 10.15),
(4680, 'дорога', 2, 3, '2013-12-26', 5.00),
(4681, 'Lunch', 1, 12, '2013-12-26', 16.00),
(4682, 'сникерс', 2, 2, '2013-12-26', 6.00),
(4683, 'Transit', 1, 3, '2013-12-27', 1.50),
(4684, 'Lunch', 1, 12, '2013-12-27', 20.00),
(4685, 'Beer, nuts', 1, 1, '2013-12-27', 17.00),
(4686, 'Sunflower seeds', 1, 1, '2013-12-28', 2.00),
(4687, 'Food', 1, 2, '2013-12-29', 80.00),
(4688, 'NY Vika', 1, 10, '2013-12-29', 130.00),
(4689, 'Transit', 1, 3, '2013-12-29', 3.00),
(4690, 'Batteries', 1, 8, '2013-12-29', 10.00),
(4691, 'Transit', 1, 3, '2013-12-30', 4.00),
(4692, 'Lunch', 1, 12, '2013-12-30', 20.00),
(4693, 'Life', 1, 8, '2013-12-30', 40.00),
(4694, 'Food', 1, 2, '2013-12-30', 40.00),
(4695, 'дорога', 2, 3, '2013-12-30', 25.00),
(4696, 'дорога', 2, 3, '2013-12-30', 5.00),
(4697, 'еда', 2, 2, '2013-12-30', 7.00),
(4698, 'дорога', 2, 3, '2013-12-30', 20.00),
(4699, 'клей', 2, 8, '2013-12-30', 5.00),
(4700, 'миша', 2, 4, '2013-12-30', 160.00),
(4701, 'еда', 2, 2, '2013-12-30', 26.60),
(4702, 'мандарина', 2, 2, '2013-12-30', 15.00),
(4703, 'обед', 2, 2, '2013-12-30', 22.00),
(4704, 'Arrival', 1, 6, '2014-01-01', 6400.00),
(4705, 'Alcohol sell', 1, 7, '2013-12-31', 234.00),
(4706, 'ЗП+процент', 2, 6, '2014-01-08', 5325.00),
(4707, 'еда', 2, 2, '2013-12-30', 16.00),
(4708, 'NY Vika', 1, 10, '2013-12-31', 147.00),
(4709, 'Transit', 1, 3, '2013-12-31', 2.50),
(4710, 'New year', 1, 1, '2013-12-31', 100.00),
(4711, 'Pizza', 1, 1, '2014-01-02', 50.00),
(4712, 'Beer, nuts, chips', 1, 1, '2014-01-02', 18.00),
(4713, 'Food', 1, 2, '2014-01-04', 400.00),
(4714, 'парихм', 2, 8, '2013-12-31', 85.00),
(4715, 'духи', 2, 8, '2013-12-31', 15.00),
(4716, 'еда, подарки', 2, 4, '2013-12-31', 501.00),
(4717, 'миша', 2, 4, '2013-12-31', 75.00),
(4718, 'еда', 2, 4, '2013-12-31', 45.00),
(4719, 'дорога', 2, 3, '2014-01-05', 25.00),
(4720, 'вика др', 2, 1, '2014-01-05', 50.00),
(4721, 'еда', 2, 2, '2014-01-05', 34.00),
(4722, 'рита нг кексы', 2, 1, '2014-01-05', 90.00),
(4723, 'еда', 2, 2, '2014-01-05', 38.00),
(4724, 'пирожные', 2, 1, '2014-01-05', 14.00),
(4725, 'мандарины', 2, 2, '2014-01-05', 15.00),
(4726, 'хлеб мясо', 2, 2, '2014-01-05', 20.00),
(4727, 'корм', 2, 2, '2014-01-05', 15.00),
(4728, 'Site work', 1, 7, '2014-01-06', 800.00),
(4729, 'Food', 1, 2, '2014-01-07', 60.00),
(4730, 'дорога', 2, 3, '2014-01-08', 10.00),
(4731, 'свитер', 2, 11, '2014-01-08', 149.00),
(4732, 'джинсы', 2, 11, '2014-01-08', 185.00),
(4733, 'белье', 2, 11, '2014-01-08', 102.00),
(4734, 'еда', 2, 2, '2014-01-08', 40.00),
(4735, 'разное', 2, 1, '2014-01-08', 30.00),
(4736, 'маска', 2, 9, '2014-01-08', 20.00),
(4737, 'носки', 2, 11, '2014-01-08', 20.00),
(4738, 'Lunch', 1, 12, '2014-01-08', 26.00),
(4739, 'обед', 2, 2, '2014-01-08', 8.00),
(4740, 'сгущенка', 2, 1, '2014-01-08', 24.00),
(4741, 'Transit', 1, 3, '2014-01-09', 1.50),
(4742, 'дорога', 2, 3, '2014-01-09', 10.00),
(4743, 'еда', 2, 2, '2014-01-09', 16.35),
(4744, 'Lunch', 1, 12, '2014-01-09', 21.00),
(4745, 'Sasha birthday', 1, 10, '2014-01-09', 53.00),
(4746, 'обед', 2, 2, '2014-01-09', 14.05),
(4747, 'Transit', 1, 3, '2014-01-10', 9.00),
(4748, 'еда', 2, 2, '2014-01-10', 44.20),
(4749, 'дорога', 2, 3, '2014-01-10', 5.00),
(4750, 'Lunch', 1, 12, '2014-01-10', 18.00),
(4751, 'Car engine parts', 1, 8, '2014-01-10', 975.00),
(4752, 'Transit', 1, 3, '2014-01-11', 4.00),
(4753, 'Lunch', 1, 12, '2014-01-11', 16.00),
(4754, 'Beer etc', 1, 1, '2014-01-11', 22.00),
(4755, 'Transit', 1, 3, '2014-01-12', 2.50),
(4756, 'Engine valves', 1, 8, '2014-01-12', 300.00),
(4757, 'In cafe', 1, 1, '2014-01-12', 50.00),
(4758, 'билет', 2, 1, '2014-01-13', 120.00),
(4759, 'львов', 2, 1, '2014-01-13', 400.00),
(4760, 'еда', 2, 2, '2014-01-13', 44.20),
(4761, 'развлечения', 2, 1, '2014-01-13', 40.00),
(4762, 'дорога', 2, 3, '2014-01-13', 12.50),
(4763, 'платья', 2, 11, '2014-01-13', 297.00),
(4764, 'пальто', 2, 11, '2014-01-13', 699.00),
(4765, 'прокладки, обруч', 2, 9, '2014-01-13', 43.00),
(4766, 'обед', 2, 2, '2014-01-13', 30.00),
(4767, 'Transit', 1, 3, '2014-01-13', 3.00),
(4768, 'Lunch', 1, 12, '2014-01-13', 20.00),
(4769, 'Food', 1, 2, '2014-01-13', 45.00),
(4770, 'Transit', 1, 3, '2014-01-14', 1.50),
(4771, 'Lunch', 1, 12, '2014-01-14', 26.00),
(4772, 'еда', 2, 2, '2014-01-15', 88.00),
(4773, 'дорога', 2, 3, '2014-01-15', 10.00),
(4774, 'Lunch', 1, 12, '2014-01-15', 23.00),
(4775, 'юра др', 2, 4, '2014-01-15', 30.00),
(4776, 'обед', 2, 2, '2014-01-15', 21.00),
(4777, 'Car works', 1, 8, '2014-01-15', 300.00),
(4778, 'Transit', 1, 3, '2014-01-16', 1.50),
(4779, 'Lunch', 1, 12, '2014-01-16', 47.00),
(4780, 'разное', 2, 8, '2014-01-16', 10.00),
(4781, 'хлопья', 2, 2, '2014-01-16', 10.00),
(4782, 'обед', 2, 2, '2014-01-16', 14.15),
(4783, 'дорога', 2, 3, '2014-01-16', 5.00),
(4784, 'Engine ears', 1, 8, '2014-01-16', 257.00),
(4785, 'Transit', 1, 3, '2014-01-17', 1.50),
(4786, 'Site fbu', 1, 7, '2014-01-17', 2400.00),
(4787, 'Lunch', 1, 12, '2014-01-17', 23.00),
(4788, 'мак', 2, 1, '2014-01-17', 49.00),
(4789, 'еда', 2, 2, '2014-01-17', 28.00),
(4790, 'обед', 2, 2, '2014-01-17', 16.15),
(4791, 'дорога', 2, 3, '2014-01-17', 7.50),
(4792, 'Oils', 1, 8, '2014-01-18', 740.00),
(4793, 'Transit', 1, 3, '2014-01-18', 2.50),
(4794, 'дорога', 2, 3, '2014-01-18', 5.00),
(4795, 'еда', 2, 2, '2014-01-18', 93.50),
(4796, 'маски трусы', 2, 9, '2014-01-18', 45.00),
(4797, 'дом', 2, 2, '2014-01-18', 33.00),
(4798, 'Pizza, etc.', 1, 1, '2014-01-18', 50.00),
(4799, 'Cafe', 1, 1, '2014-01-19', 50.00),
(4800, 'дорога', 2, 3, '2014-01-20', 5.00),
(4801, 'чай миша ', 2, 1, '2014-01-20', 40.00),
(4802, 'еда', 2, 2, '2014-01-20', 22.00),
(4803, 'Transit', 1, 3, '2014-01-20', 3.00),
(4804, 'Lunch', 1, 12, '2014-01-20', 21.00),
(4805, 'Drugs', 1, 8, '2014-01-20', 48.00),
(4806, 'Transit', 1, 3, '2014-01-22', 5.00),
(4807, 'Car goods', 1, 8, '2014-01-22', 132.00),
(4808, 'Lunch', 1, 12, '2014-01-23', 35.00),
(4809, 'Transit', 1, 3, '2014-01-23', 4.00),
(4810, 'мукалтин', 2, 8, '2014-01-23', 10.00),
(4811, 'дорога', 2, 3, '2014-01-23', 5.00),
(4812, 'еда', 2, 2, '2014-01-23', 20.00),
(4813, '5', 2, 3, '2014-01-23', 0.00),
(4814, 'шкаф', 2, 1, '2014-01-23', 50.00),
(4815, 'счетка', 2, 11, '2014-01-23', 15.00),
(4816, 'дорога', 2, 3, '2014-01-23', 6.00),
(4817, 'еда', 2, 2, '2014-01-23', 10.42),
(4818, 'аптека', 2, 9, '2014-01-23', 12.00),
(4819, 'еда и тд', 2, 2, '2014-01-23', 65.00),
(4820, 'квартира львов', 2, 1, '2014-01-23', 105.00),
(4821, 'еда', 2, 2, '2014-01-23', 42.00),
(4822, 'масло виноград', 2, 9, '2014-01-23', 20.00),
(4823, 'Food', 1, 2, '2014-01-23', 400.00),
(4824, 'Transit', 1, 3, '2014-01-24', 1.50),
(4825, 'Lunch', 1, 12, '2014-01-24', 20.00),
(4826, 'Lunch', 1, 12, '2014-01-25', 30.00),
(4827, 'Transit', 1, 3, '2014-01-25', 4.00),
(4828, 'Food', 1, 2, '2014-01-25', 22.00),
(4829, 'Beer pizza', 1, 2, '2014-01-26', 50.00),
(4830, 'From grandma', 1, 7, '2014-01-26', 100.00),
(4831, 'Transit', 1, 3, '2014-01-27', 3.00),
(4832, 'Lunch', 1, 12, '2014-01-27', 16.00),
(4833, 'Transit', 1, 3, '2014-01-28', 5.50),
(4834, 'Lunch', 1, 12, '2014-01-28', 20.00),
(4835, 'чай', 2, 1, '2014-01-28', 29.00),
(4836, 'миша ', 2, 1, '2014-01-28', 30.00),
(4837, 'магнит', 2, 1, '2014-01-28', 18.00),
(4838, 'сувениры', 2, 1, '2014-01-28', 172.00),
(4839, 'дорога', 2, 3, '2014-01-28', 10.00),
(4840, 'развлечения', 2, 1, '2014-01-28', 35.00),
(4841, 'миша', 2, 10, '2014-01-28', 28.00),
(4842, 'еда', 2, 2, '2014-01-28', 48.00),
(4843, 'миша', 2, 8, '2014-01-28', 15.00),
(4844, 'Transit', 1, 3, '2014-01-29', 3.00),
(4845, 'Food', 1, 2, '2014-01-29', 52.00),
(4846, 'дорога', 2, 3, '2014-01-29', 5.00),
(4847, 'печенье', 2, 2, '2014-01-29', 9.25),
(4848, 'стас др', 2, 8, '2014-01-29', 30.00),
(4849, 'обед', 2, 2, '2014-01-29', 8.00),
(4850, 'аптека', 2, 9, '2014-01-29', 20.00),
(4851, 'Life', 1, 4, '2014-01-29', 40.00),
(4852, 'Transit', 1, 3, '2014-01-30', 3.00),
(4853, 'Lunch', 1, 12, '2014-01-30', 30.00),
(4854, 'обед', 2, 2, '2014-01-30', 12.30),
(4855, 'дорога', 2, 3, '2014-01-30', 5.00),
(4856, 'ит квартал', 2, 1, '2014-01-30', 54.00),
(4857, 'Lunch', 1, 12, '2014-01-31', 15.00),
(4858, 'Transit', 1, 3, '2014-01-31', 3.00),
(4859, 'дорога', 2, 3, '2014-01-31', 5.00),
(4860, 'обед', 2, 2, '2014-01-31', 9.00),
(4861, 'еда', 2, 2, '2014-01-31', 34.70),
(4862, 'Mihalovna dr', 1, 8, '2014-01-31', 50.00),
(4863, 'дорога', 2, 3, '2014-02-01', 2.50),
(4864, 'к мише еда', 2, 1, '2014-02-01', 44.00),
(4865, 'еда', 2, 2, '2014-02-01', 108.00),
(4866, 'College meeting', 1, 1, '2014-02-01', 135.00),
(4867, 'Lunch', 1, 12, '2014-02-03', 20.00),
(4868, 'Transit', 1, 3, '2014-02-03', 3.00),
(4869, 'дорога', 2, 3, '2014-02-04', 15.00),
(4870, 'миша львов', 2, 1, '2014-02-04', 100.00),
(4871, 'еда', 2, 2, '2014-02-04', 64.64),
(4872, 'еда', 2, 2, '2014-02-04', 7.00),
(4873, 'обед', 2, 2, '2014-02-04', 22.00),
(4874, 'Transit', 1, 3, '2014-02-04', 3.00),
(4875, 'Lunch', 1, 12, '2014-02-04', 17.00),
(4876, 'обед', 2, 2, '2014-02-04', 13.00),
(4877, 'Food', 1, 2, '2014-02-04', 68.00),
(4878, 'Transit', 1, 3, '2014-02-05', 2.50),
(4879, 'пополн.счета', 2, 4, '2014-02-05', 40.00),
(4880, 'дорога', 2, 3, '2014-02-05', 5.00),
(4881, 'обед', 2, 2, '2014-02-05', 18.50),
(4882, 'челка', 2, 9, '2014-02-05', 30.00),
(4883, 'Lunch', 1, 12, '2014-02-05', 15.00),
(4884, 'Food', 1, 2, '2014-02-05', 82.00),
(4885, 'Arrival', 1, 6, '2014-02-05', 6900.00),
(4886, 'Transit', 1, 3, '2014-02-06', 1.50),
(4887, 'Lunch', 1, 12, '2014-02-06', 26.00),
(4888, 'дорога', 2, 3, '2014-02-06', 7.50),
(4889, 'еда', 2, 2, '2014-02-06', 16.30),
(4890, 'обед', 2, 2, '2014-02-06', 14.35),
(4891, 'дорога', 2, 3, '2014-02-07', 5.00),
(4892, 'еда', 2, 2, '2014-02-07', 14.60),
(4893, 'Lunch', 1, 12, '2014-02-07', 22.00),
(4894, 'Transit', 1, 3, '2014-02-07', 1.50),
(4895, 'обед', 2, 2, '2014-02-07', 20.70),
(4896, 'Transit', 1, 3, '2014-02-08', 5.00),
(4897, 'Lunch', 1, 12, '2014-02-08', 50.00),
(4898, 'еда кексы', 2, 2, '2014-02-08', 30.00),
(4899, 'миша львов', 2, 1, '2014-02-08', 100.00),
(4900, 'аванс январь', 2, 6, '2014-02-08', 500.00),
(4901, 'Transit', 1, 3, '2014-02-09', 2.50),
(4902, 'Pizza', 1, 1, '2014-02-09', 30.00),
(4903, 'Transit', 1, 3, '2014-02-10', 1.50),
(4904, 'дорога', 2, 3, '2014-02-10', 5.00),
(4905, 'вода терм', 2, 9, '2014-02-10', 95.00),
(4906, 'обед', 2, 2, '2014-02-10', 9.50),
(4907, 'обед', 2, 2, '2014-02-10', 7.65),
(4908, 'Sunflower seeds', 1, 1, '2014-02-10', 5.50),
(4909, 'Sites work', 1, 7, '2014-02-11', 723.00),
(4910, 'cтавка январь', 2, 6, '2014-02-11', 500.00),
(4911, 'дорога', 2, 3, '2014-02-11', 5.00),
(4912, 'Shoes', 1, 5, '2014-02-11', 350.00),
(4913, 'Cat food', 1, 2, '2014-02-11', 15.00),
(4914, 'Transit', 1, 3, '2014-02-12', 1.50),
(4915, 'обед', 2, 2, '2014-02-12', 20.00),
(4916, 'колготы трусы', 2, 11, '2014-02-12', 48.00),
(4917, 'еда', 2, 2, '2014-02-12', 10.00),
(4918, 'дорога', 2, 3, '2014-02-12', 5.00),
(4919, 'Lunch', 1, 12, '2014-02-12', 38.50),
(4920, 'обед', 2, 2, '2014-02-12', 14.75),
(4921, 'дорога', 2, 3, '2014-02-13', 5.00),
(4922, 'пельмени сок', 2, 2, '2014-02-13', 57.65),
(4923, 'Lunch', 1, 12, '2014-02-13', 24.00),
(4924, 'Transit', 1, 3, '2014-02-13', 1.50),
(4925, 'миша', 2, 10, '2014-02-13', 15.00),
(4926, 'миша', 2, 10, '2014-02-13', 50.00),
(4927, 'обед', 2, 2, '2014-02-13', 20.00),
(4928, 'Food', 1, 2, '2014-02-13', 3.50),
(4929, 'Transit', 1, 3, '2014-02-14', 1.50),
(4930, 'миша ', 2, 10, '2014-02-14', 10.00),
(4931, 'лак носки', 2, 9, '2014-02-14', 30.00),
(4932, 'молоко грибы', 2, 2, '2014-02-14', 15.00),
(4933, 'Lunch', 1, 12, '2014-02-14', 15.00),
(4934, 'Transit', 1, 3, '2014-02-15', 4.00),
(4935, 'Car audio', 1, 8, '2014-02-15', 370.00),
(4936, 'Shower hose', 1, 2, '2014-02-15', 15.00),
(4937, 'Transit', 1, 3, '2014-02-17', 1.50),
(4938, 'дорога', 2, 3, '2014-02-17', 14.50),
(4939, 'платье', 2, 11, '2014-02-17', 120.00),
(4940, 'платье', 2, 11, '2014-02-17', 350.00),
(4941, 'трусы лифчик', 2, 11, '2014-02-17', 77.00),
(4942, 'доллг', 2, 1, '2014-02-17', 36.00),
(4943, 'пицца вика', 2, 1, '2014-02-17', 37.50),
(4944, 'Lunch', 1, 12, '2014-02-17', 31.00),
(4945, 'Transit', 1, 3, '2014-02-18', 3.00),
(4946, 'Lunch', 1, 12, '2014-02-18', 20.00),
(4947, 'зарплата', 2, 6, '2014-02-18', 3031.00),
(4948, 'обед', 2, 2, '2014-02-18', 14.00),
(4949, 'дорога', 2, 3, '2014-02-18', 7.50),
(4950, 'еда сильпо', 2, 2, '2014-02-18', 63.00),
(4951, 'обед', 2, 2, '2014-02-18', 12.00),
(4952, 'Food', 1, 2, '2014-02-18', 14.00),
(4954, 'Lunch', 1, 12, '2014-02-19', 25.00),
(4955, 'дорога', 2, 3, '2014-02-20', 15.00),
(4956, 'обед', 2, 2, '2014-02-20', 8.20),
(4957, 'туфли', 2, 11, '2014-02-20', 350.00),
(4958, 'театр', 2, 1, '2014-02-20', 30.00),
(4959, 'вафли', 2, 2, '2014-02-20', 4.20),
(4960, 'Transit', 1, 3, '2014-02-20', 2.50),
(4961, 'Lunch', 1, 12, '2014-02-20', 20.00),
(4962, 'обед', 2, 2, '2014-02-20', 9.15),
(4963, 'cережки', 2, 11, '2014-02-20', 30.00),
(4964, 'Food', 1, 2, '2014-02-20', 52.00),
(4965, 'Car parts', 1, 8, '2014-02-20', 500.00),
(4966, 'Life', 1, 4, '2014-02-20', 40.00),
(4967, 'Transit', 1, 3, '2014-02-21', 1.50),
(4968, 'дорога', 2, 3, '2014-02-21', 5.00),
(4969, '23 февраля', 2, 10, '2014-02-21', 30.00),
(4970, 'Beer', 1, 1, '2014-02-21', 13.00),
(4971, 'Lunch', 1, 12, '2014-02-21', 13.00),
(4972, 'Sites work', 1, 7, '2014-02-21', 490.00),
(4973, 'Home goods', 1, 2, '2014-02-22', 65.00),
(4974, 'кино', 2, 1, '2014-02-22', 80.00),
(4975, 'платья ', 2, 11, '2014-02-22', 80.00),
(4976, 'дорога', 2, 3, '2014-02-22', 10.00),
(4977, 'молоко', 2, 2, '2014-02-22', 9.00),
(4978, 'колготы', 2, 11, '2014-02-23', 96.00),
(4979, 'миша сумка', 2, 10, '2014-02-23', 170.00),
(4980, 'миша трусы', 2, 10, '2014-02-23', 25.00),
(4981, 'яблоки', 2, 2, '2014-02-23', 9.00),
(4982, 'лайф', 2, 4, '2014-02-23', 40.00),
(4983, 'папа вит миша подарки', 2, 10, '2014-02-23', 173.00),
(4984, 'Transit', 1, 3, '2014-02-24', 1.50),
(4985, 'чай миша', 2, 1, '2014-02-24', 34.00),
(4986, 'дорога', 2, 3, '2014-02-24', 5.00),
(4987, 'блеск', 2, 11, '2014-02-24', 34.50),
(4988, 'Lunch', 1, 12, '2014-02-24', 17.00),
(4989, 'обед', 2, 2, '2014-02-24', 18.00),
(4990, 'аванс', 2, 6, '2014-02-24', 200.00),
(4991, 'Transit', 1, 3, '2014-02-25', 1.50),
(4992, 'Lunch', 1, 12, '2014-02-25', 21.00),
(4993, 'платье', 2, 11, '2014-02-25', 209.00),
(4994, 'дорога', 2, 3, '2014-02-25', 5.00),
(4995, 'обед', 2, 2, '2014-02-25', 25.00),
(4996, 'Transit', 1, 3, '2014-02-26', 1.50),
(4997, 'сыр масло', 2, 2, '2014-02-26', 45.00),
(4998, 'дорога', 2, 3, '2014-02-26', 5.00),
(4999, 'Lunch', 1, 12, '2014-02-26', 24.00),
(5000, 'Car part', 1, 8, '2014-02-26', 35.00),
(5001, 'Transit', 1, 3, '2014-02-27', 2.50),
(5002, 'печенье банан', 2, 2, '2014-02-27', 22.00),
(5003, 'дорога', 2, 3, '2014-02-27', 5.00),
(5004, 'свечи', 2, 8, '2014-02-27', 26.20),
(5005, 'обед', 2, 2, '2014-02-27', 13.00),
(5006, 'Lunch', 1, 12, '2014-02-27', 21.00),
(5007, 'Food', 1, 2, '2014-02-27', 20.00),
(5008, 'дорога', 2, 3, '2014-02-28', 7.50),
(5009, 'обед', 2, 2, '2014-02-28', 15.75),
(5010, 'открытка', 2, 8, '2014-02-28', 5.00),
(5011, 'Transit', 1, 3, '2014-02-28', 2.50),
(5012, 'Lunch', 1, 12, '2014-02-28', 24.00),
(5013, 'Beer, etc', 1, 1, '2014-02-28', 20.00),
(5014, 'Food', 1, 2, '2014-03-01', 54.00),
(5015, 'Haircut', 1, 8, '2014-03-01', 40.00),
(5016, 'Juice, fruits', 1, 2, '2014-03-02', 59.00),
(5017, 'Transit', 1, 3, '2014-03-03', 2.50),
(5018, 'Lunch', 1, 12, '2014-03-03', 18.00),
(5019, 'аптека', 2, 9, '2014-03-03', 7.00),
(5020, 'еда', 2, 2, '2014-03-03', 37.10),
(5021, 'аптека', 2, 9, '2014-03-03', 120.00),
(5022, 'еда', 2, 2, '2014-03-03', 36.00),
(5023, 'свадьба', 2, 10, '2014-03-03', 500.00),
(5024, 'стрижка', 2, 9, '2014-03-03', 50.00),
(5025, 'пластырь', 2, 9, '2014-03-03', 5.00),
(5026, 'макияж', 2, 9, '2014-03-03', 250.00),
(5027, 'такси', 2, 3, '2014-03-03', 60.00),
(5028, 'свадьба', 2, 10, '2014-03-03', 5.00),
(5029, 'аптека', 2, 9, '2014-03-03', 30.00),
(5030, 'Transit', 1, 3, '2014-03-04', 5.00),
(5031, 'Lunch', 1, 12, '2014-03-04', 18.00),
(5032, 'Arrival', 1, 6, '2014-03-04', 7040.00),
(5033, 'Steering joint', 1, 8, '2014-03-04', 130.00),
(5034, 'Transit', 1, 3, '2014-03-05', 1.50),
(5035, 'Lunch', 1, 12, '2014-03-05', 31.00),
(5036, 'Food', 1, 2, '2014-03-05', 24.00),
(5037, 'Transit', 1, 3, '2014-03-06', 2.50),
(5038, 'Lunch', 1, 12, '2014-03-06', 29.00),
(5039, 'врач', 2, 9, '2014-03-06', 15.00),
(5040, 'бритва прокладки', 2, 8, '2014-03-06', 40.00),
(5041, 'шока', 2, 2, '2014-03-06', 9.00),
(5042, 'еда и тд домой', 2, 2, '2014-03-06', 77.00),
(5043, 'вк', 2, 4, '2014-03-06', 3.00),
(5044, 'леша др', 2, 10, '2014-03-06', 50.00),
(5045, 'Transit', 1, 3, '2014-03-07', 1.50),
(5046, 'Lunch', 1, 12, '2014-03-07', 16.00),
(5047, 'еда', 2, 2, '2014-03-07', 6.25),
(5048, 'дорога', 2, 3, '2014-03-07', 5.00),
(5049, 'зарплата', 2, 6, '2014-03-07', 750.00),
(5050, '8th in skylogic', 1, 8, '2014-03-07', 70.00),
(5051, 'Shavers', 1, 8, '2014-03-08', 25.00),
(5052, 'Trash packs', 1, 2, '2014-03-08', 6.00),
(5053, '8th Vika', 1, 10, '2014-03-08', 33.00),
(5081, 'Beer, pizza', 1, 1, '2014-03-10', 100.00),
(5055, 'папа др', 2, 10, '2014-03-09', 90.00),
(5056, 'попкорн', 2, 1, '2014-03-09', 14.00),
(5057, 'аквариум', 2, 8, '2014-03-09', 130.00),
(5058, 'таблетки', 2, 9, '2014-03-09', 22.00),
(5059, 'еда', 2, 2, '2014-03-09', 30.70),
(5070, 'Fathers Birthday', 1, 10, '2014-03-08', 90.00),
(5078, 'снятие лака', 2, 8, '2014-03-10', 4.00),
(5079, 'шмотка', 2, 11, '2014-03-10', 29.00),
(5080, 'Transit', 1, 3, '2014-03-10', 2.50),
(5077, 'еда', 2, 2, '2014-03-10', 6.00),
(5082, 'Transit', 1, 3, '2014-03-11', 1.50),
(5083, 'дорога', 2, 3, '2014-03-11', 10.00),
(5084, 'др костя', 2, 10, '2014-03-11', 100.00),
(5085, 'др ваня', 2, 10, '2014-03-11', 30.00),
(5086, 'Lunch', 1, 12, '2014-03-11', 25.00),
(5087, 'обед', 2, 2, '2014-03-11', 12.00),
(5088, 'еда', 2, 2, '2014-03-11', 27.00),
(5089, 'Food', 1, 2, '2014-03-11', 46.00),
(5090, 'Transit', 1, 3, '2014-03-12', 1.50),
(5091, 'Water', 1, 8, '2014-03-12', 7.00),
(5092, 'Lunch', 1, 12, '2014-03-12', 16.00),
(5093, 'дорога', 2, 3, '2014-03-12', 5.00),
(5094, 'обед', 2, 2, '2014-03-12', 11.00),
(5095, 'румяна', 2, 9, '2014-03-12', 84.00),
(5096, 'дорога', 2, 3, '2014-03-13', 5.00),
(5097, 'пицца', 2, 1, '2014-03-13', 50.00),
(5098, 'дорога', 2, 3, '2014-03-13', 2.50),
(5099, 'Transit', 1, 3, '2014-03-13', 1.50),
(5100, 'Lunch', 1, 12, '2014-03-13', 20.00),
(5101, 'обед', 2, 2, '2014-03-13', 20.00),
(5102, 'трусы', 2, 11, '2014-03-13', 20.00),
(5103, 'носки', 2, 11, '2014-03-13', 15.00),
(5104, 'кексы', 2, 2, '2014-03-13', 7.00),
(5105, 'Alcohol sale', 1, 7, '2014-03-13', 30.00),
(5106, 'зарплата', 2, 6, '2014-03-13', 6884.00),
(5107, 'салат вика', 2, 1, '2014-03-13', 70.00),
(5108, 'таблетки', 2, 9, '2014-03-13', 8.00),
(5109, 'дорога', 2, 3, '2014-03-14', 5.00),
(5110, 'Transit', 1, 3, '2014-03-14', 4.00),
(5111, 'пополн счета', 2, 4, '2014-03-14', 40.00),
(5112, 'Lunch', 1, 12, '2014-03-14', 17.00),
(5113, 'тоналка', 2, 9, '2014-03-14', 200.00),
(5114, 'обед', 2, 2, '2014-03-14', 3.10),
(5115, 'Alcohol sale', 1, 7, '2014-03-14', 25.00),
(5116, 'еда', 2, 2, '2014-03-15', 10.00),
(5117, 'Meal', 1, 1, '2014-03-15', 50.00),
(5118, 'Transit', 1, 3, '2014-03-15', 2.50),
(5119, 'Drugs', 1, 8, '2014-03-16', 19.50),
(5120, 'Transit', 1, 3, '2014-03-16', 4.00),
(5429, 'Fuel', 1, 3, '2014-05-18', 200.00),
(5122, 'Food', 1, 2, '2014-03-16', 53.00),
(5123, 'дорога', 2, 3, '2014-03-16', 5.00),
(5124, 'сушия', 2, 1, '2014-03-16', 10.00),
(5125, 'цветы земля', 2, 2, '2014-03-16', 23.00),
(5126, 'картоха', 2, 2, '2014-03-16', 28.00),
(5127, 'дорога', 2, 3, '2014-03-17', 5.00),
(5128, 'Cars parts', 1, 8, '2014-03-17', 740.00),
(5129, 'Cars works', 1, 8, '2014-03-17', 2500.00),
(5130, 'Fuel', 1, 3, '2014-03-17', 200.00),
(5131, 'миша фото', 2, 10, '2014-03-17', 50.00),
(5132, 'обед', 2, 2, '2014-03-17', 33.75),
(5133, 'Lunch', 1, 12, '2014-03-17', 10.00),
(5134, 'Food', 1, 2, '2014-03-17', 18.00),
(5135, 'дорога', 2, 3, '2014-03-17', 7.50),
(5136, 'еда', 2, 2, '2014-03-17', 20.15),
(5137, 'Lunch', 1, 12, '2014-03-18', 19.00),
(5138, 'Videocard sell', 1, 7, '2014-03-18', 70.00),
(5139, 'обед', 2, 2, '2014-03-18', 10.35),
(5140, 'дезик', 2, 9, '2014-03-18', 25.35),
(5141, 'вафли', 2, 2, '2014-03-18', 2.10),
(5142, 'Artem, Natali birthdays', 1, 8, '2014-03-18', 100.00),
(5143, 'Glue', 1, 8, '2014-03-19', 3.00),
(5144, 'арт23', 2, 1, '2014-03-19', 20.00),
(5145, 'дорога', 2, 2, '2014-03-19', 5.00),
(5146, 'лак расческа', 2, 8, '2014-03-19', 20.00),
(5147, 'бритва', 2, 9, '2014-03-19', 38.00),
(5148, 'творог', 2, 2, '2014-03-19', 10.00),
(5149, 'шоки', 2, 2, '2014-03-19', 9.00),
(5150, 'Lunch', 1, 12, '2014-03-19', 15.00),
(5151, 'Life', 1, 4, '2014-03-19', 50.00),
(5152, 'шоколадница рита', 2, 1, '2014-03-19', 60.00),
(5153, 'дорога', 2, 3, '2014-03-20', 5.00),
(5154, 'булка', 2, 2, '2014-03-20', 3.30),
(5155, 'Lunch', 1, 12, '2014-03-20', 25.00),
(5156, 'блокнот миша', 2, 10, '2014-03-20', 15.00),
(5157, 'обед', 2, 2, '2014-03-20', 8.00),
(5158, 'Fuel', 1, 3, '2014-03-20', 200.00),
(5159, 'дорога', 2, 3, '2014-03-21', 5.00),
(5160, 'еда', 2, 2, '2014-03-21', 18.00),
(5161, 'таблетки', 2, 9, '2014-03-21', 21.30),
(5162, 'Lunch', 1, 12, '2014-03-21', 19.00),
(5163, 'Pizza', 1, 1, '2014-03-22', 50.00),
(5164, 'дорога', 2, 3, '2014-03-22', 7.50),
(5165, 'таблетки', 2, 9, '2014-03-22', 89.00),
(5166, 'еда', 2, 2, '2014-03-22', 33.20),
(5167, 'Pepsi, nuts', 1, 1, '2014-03-22', 20.00),
(5168, 'Beer', 1, 1, '2014-03-22', 16.00),
(5169, 'Tenet', 1, 4, '2014-03-23', 50.00),
(5170, 'таблетки', 2, 9, '2014-03-23', 33.00),
(5171, 'тенет', 2, 4, '2014-03-23', 50.00),
(5172, 'Food', 1, 2, '2014-03-23', 25.00),
(5173, 'Lunch', 1, 12, '2014-03-24', 14.00),
(5174, 'врач', 2, 9, '2014-03-24', 14.00),
(5175, 'лекарства', 2, 9, '2014-03-24', 30.50),
(5176, 'магаз', 2, 2, '2014-03-24', 40.00),
(5177, 'кровь', 2, 9, '2014-03-25', 10.00),
(5178, 'малина яблоки', 2, 2, '2014-03-25', 30.00),
(5179, 'клей', 2, 8, '2014-03-25', 6.00),
(5180, 'Fuel', 1, 3, '2014-03-25', 200.00),
(5181, 'Lunch', 1, 12, '2014-03-25', 15.00),
(5182, 'Lunch', 1, 12, '2014-03-26', 15.00),
(5183, 'терм вода', 2, 9, '2014-03-26', 114.00),
(5184, 'крем', 2, 9, '2014-03-26', 62.00),
(5185, 'сильпо еда', 2, 2, '2014-03-26', 94.00),
(5186, 'укроп', 2, 2, '2014-03-26', 2.50),
(5187, 'апельсина', 2, 2, '2014-03-26', 8.50),
(5188, 'Food', 1, 2, '2014-03-26', 25.00),
(5189, 'Lunch', 1, 12, '2014-03-27', 16.00),
(5190, 'на пиццу', 2, 2, '2014-03-27', 53.00),
(5191, 'пирожки', 2, 2, '2014-03-27', 11.00),
(5192, 'дорога', 2, 3, '2014-03-27', 5.00),
(5193, 'врач', 2, 9, '2014-03-27', 10.00),
(5194, 'трусы', 2, 11, '2014-03-27', 10.00),
(5195, 'Lunch', 1, 12, '2014-03-28', 24.00),
(5196, 'Car glass', 1, 8, '2014-03-29', 252.00),
(5197, 'Car parts', 1, 8, '2014-03-29', 180.00),
(5198, 'Coffee', 1, 1, '2014-03-29', 10.00),
(5199, 'Burger', 1, 12, '2014-03-29', 10.00),
(5200, 'еда', 2, 2, '2014-03-29', 23.80),
(5201, 'врач', 2, 9, '2014-03-29', 10.00),
(5202, 'таблетки', 2, 9, '2014-03-29', 30.55),
(5203, 'дорога', 2, 3, '2014-03-29', 7.50),
(5204, 'анализ', 2, 9, '2014-03-29', 100.00),
(5205, 'еда', 2, 2, '2014-03-29', 24.00),
(5206, 'Fuel', 1, 3, '2014-03-29', 200.00),
(5207, 'Hookah', 1, 1, '2014-03-29', 15.00),
(5208, 'Food', 1, 2, '2014-03-30', 141.00),
(5209, 'Lunch', 1, 12, '2014-03-31', 17.00),
(5210, 'дорога', 2, 3, '2014-03-31', 8.00),
(5211, 'таблетки', 2, 9, '2014-03-31', 24.60),
(5212, 'телефон', 2, 8, '2014-03-31', 2000.00),
(5213, 'чехол', 2, 8, '2014-03-31', 150.00),
(5214, 'Drugs', 1, 8, '2014-03-31', 13.00),
(5215, 'Arrival', 1, 6, '2014-04-01', 8000.00),
(5216, 'Home arrival', 1, 7, '2014-04-01', 2400.00),
(5217, 'миша год', 2, 1, '2014-04-01', 116.00),
(5218, 'дорога', 2, 3, '2014-04-01', 5.00),
(5219, 'еда скотч', 2, 2, '2014-04-01', 47.00),
(5220, 'Lunch', 1, 12, '2014-04-01', 24.00),
(5221, 'Lunch', 1, 12, '2014-04-02', 21.00),
(5222, 'Cake,juice', 1, 8, '2014-04-02', 45.00),
(5223, 'дорога', 2, 3, '2014-04-03', 5.00),
(5224, 'врач', 2, 9, '2014-04-03', 20.00),
(5225, 'дорога', 2, 3, '2014-04-03', 5.00),
(5226, 'кексы', 2, 2, '2014-04-03', 53.26),
(5227, 'корм', 2, 8, '2014-04-03', 5.80),
(5228, 'Lunch', 1, 12, '2014-04-03', 25.00),
(5229, 'Car crash compensation', 1, 7, '2014-04-03', 200.00),
(5230, 'Fuel', 1, 3, '2014-04-04', 200.00),
(5231, 'дорога', 2, 3, '2014-04-04', 17.50),
(5232, 'обед', 2, 2, '2014-04-04', 27.25),
(5233, 'Lunch', 1, 12, '2014-04-04', 26.00),
(5234, 'Wear', 1, 5, '2014-04-05', 385.00),
(5235, 'Food', 1, 2, '2014-04-05', 140.00),
(5236, 'Beer, chips', 1, 1, '2014-04-05', 16.00),
(5237, 'джинсы', 2, 11, '2014-04-05', 320.00),
(5238, 'дорога', 2, 3, '2014-04-05', 5.00),
(5239, 'powder, bread', 1, 2, '2014-04-07', 21.00),
(5240, 'Lunch', 1, 2, '2014-04-07', 25.00),
(5241, 'дорога', 2, 3, '2014-04-07', 10.00),
(5242, 'миша пицца', 2, 1, '2014-04-07', 60.00),
(5243, 'обед', 2, 2, '2014-04-07', 18.26),
(5244, 'йогурт', 2, 2, '2014-04-07', 8.00),
(5245, 'оля др', 2, 4, '2014-04-07', 30.00),
(5246, 'зп', 2, 6, '2014-04-07', 970.00),
(5247, 'Bike tyres, cameras', 1, 8, '2014-04-08', 200.00),
(5248, 'дорога', 2, 3, '2014-04-08', 15.00),
(5249, 'врач', 2, 9, '2014-04-08', 10.00),
(5250, 'яблоки смывалка', 2, 8, '2014-04-08', 23.00),
(5251, 'пополн.счета', 2, 4, '2014-04-08', 40.00),
(5252, 'обед', 2, 2, '2014-04-08', 15.00),
(5253, 'прокладки носки', 2, 8, '2014-04-08', 30.00),
(5254, 'гематоген', 2, 9, '2014-04-08', 4.00),
(5255, 'обед', 2, 2, '2014-04-09', 15.00),
(5256, 'дорога', 2, 3, '2014-04-09', 5.00),
(5257, 'Lunch', 1, 12, '2014-04-09', 23.00),
(5258, 'Food', 1, 2, '2014-04-09', 36.00),
(5259, 'Car repair', 1, 8, '2014-04-09', 100.00),
(5260, 'дорога', 2, 3, '2014-04-10', 7.50),
(5261, 'пицца', 2, 1, '2014-04-10', 10.00),
(5262, 'еда', 2, 2, '2014-04-10', 2.10),
(5263, 'Lunch', 1, 12, '2014-04-10', 29.00),
(5264, 'обед', 2, 2, '2014-04-10', 13.00),
(5265, 'еда', 2, 2, '2014-04-10', 35.00),
(5266, 'дорога', 2, 3, '2014-04-11', 3.00),
(5267, 'Lunch', 1, 12, '2014-04-11', 24.00),
(5268, 'обед', 2, 2, '2014-04-11', 19.00),
(5269, 'Beer, etc', 1, 1, '2014-04-11', 30.00),
(5270, 'Food', 1, 2, '2014-04-12', 36.00),
(5271, 'Accumulator', 1, 8, '2014-04-12', 690.00),
(5272, 'Fuel', 1, 3, '2014-04-13', 200.00),
(5273, 'Car ground, and so on', 1, 8, '2014-04-13', 80.00),
(5274, 'Beer, chips', 1, 1, '2014-04-13', 20.00),
(5275, 'Life', 1, 4, '2014-04-14', 40.00),
(5276, 'Foreign passport', 1, 4, '2014-04-14', 457.00),
(5277, 'обед', 2, 2, '2014-04-14', 15.00),
(5278, 'расческа', 2, 8, '2014-04-14', 20.00),
(5279, 'дорога', 2, 3, '2014-04-14', 9.00),
(5280, 'еда', 2, 2, '2014-04-14', 27.00),
(5281, 'Lunch', 1, 12, '2014-04-14', 32.00),
(5282, 'дорога', 2, 3, '2014-04-15', 6.00),
(5283, 'еда', 2, 2, '2014-04-15', 70.00),
(5284, 'Lunch', 1, 12, '2014-04-15', 22.00),
(5285, 'обед', 2, 2, '2014-04-15', 4.00),
(5286, 'аптека кожа', 2, 9, '2014-04-15', 628.00),
(5287, 'Markup fixes work', 1, 7, '2014-04-15', 110.00),
(5288, 'зп', 2, 6, '2014-04-16', 3510.00),
(5289, 'дорога', 2, 3, '2014-04-16', 6.00),
(5290, 'редиска', 2, 2, '2014-04-16', 6.00),
(5291, 'Lunch', 1, 12, '2014-04-16', 26.00),
(5292, 'обед', 2, 2, '2014-04-16', 16.00),
(5293, 'Fuel', 1, 3, '2014-04-16', 200.00),
(5294, 'Lunch', 1, 12, '2014-04-17', 24.00),
(5295, 'дорога', 2, 3, '2014-04-17', 6.00),
(5296, 'обед', 2, 2, '2014-04-17', 30.00),
(5297, 'Food', 1, 2, '2014-04-17', 54.00),
(5298, 'ebay goods', 1, 1, '2014-04-17', 115.00),
(5299, 'дорога', 2, 3, '2014-04-18', 9.00),
(5300, 'аптека', 2, 9, '2014-04-18', 8.00),
(5301, 'Lunch', 1, 12, '2014-04-18', 24.00),
(5302, 'обед', 2, 2, '2014-04-18', 17.00),
(5303, 'Beer, chips', 1, 1, '2014-04-18', 20.00),
(5335, 'корм шока', 2, 2, '2014-04-25', 25.00),
(5336, 'Lunch', 1, 12, '2014-04-25', 23.00),
(5337, 'еда', 2, 2, '2014-04-26', 170.00),
(5338, 'Fuel', 1, 3, '2014-04-26', 200.00),
(5339, 'Cemetary enter', 1, 8, '2014-04-26', 2.00),
(5309, 'Sites work', 1, 7, '2014-04-19', 600.00),
(5310, 'еда', 2, 2, '2014-04-19', 35.00),
(5311, 'дорога', 2, 3, '2014-04-19', 15.00),
(5340, 'венки', 2, 8, '2014-04-26', 120.00),
(5341, 'Beer etc', 1, 1, '2014-04-27', 19.00),
(5314, 'Transit', 1, 3, '2014-04-20', 5.00),
(5315, 'Beer, etc', 1, 1, '2014-04-20', 35.00),
(5342, 'Hookah', 1, 1, '2014-04-27', 50.00),
(5343, 'миша гулятки', 2, 1, '2014-04-27', 60.00),
(5318, 'Food stuff', 1, 1, '2014-04-21', 22.00),
(5319, 'цветы ира', 2, 10, '2014-04-21', 45.00),
(5320, 'хлеб', 2, 2, '2014-04-21', 3.00),
(5322, 'Lunch', 1, 12, '2014-04-22', 23.00),
(5323, 'дорога', 2, 3, '2014-04-22', 6.00),
(5324, 'обед', 2, 2, '2014-04-22', 18.10),
(5325, 'обед', 2, 2, '2014-04-23', 14.00),
(5326, 'дорога', 2, 3, '2014-04-23', 6.00),
(5327, 'еда дом', 2, 2, '2014-04-23', 25.00),
(5328, 'Lunch', 1, 12, '2014-04-23', 21.00),
(5329, 'Food', 1, 2, '2014-04-23', 61.00),
(5330, 'Lunch', 1, 12, '2014-04-24', 29.00),
(5331, 'обед', 2, 2, '2014-04-24', 15.00),
(5332, 'дорога', 2, 3, '2014-04-24', 11.00),
(5333, 'обед', 2, 2, '2014-04-25', 23.00),
(5334, 'дорога', 2, 3, '2014-04-25', 6.00),
(5344, 'Cola, chips', 1, 1, '2014-04-28', 20.00),
(5345, 'Mixer to Vika', 1, 10, '2014-04-28', 299.00),
(5346, 'настя др', 2, 4, '2014-04-28', 30.00),
(5347, 'дорога', 2, 3, '2014-04-28', 6.00),
(5348, 'Lunch', 1, 12, '2014-04-28', 22.00),
(5349, 'вика др', 2, 1, '2014-04-28', 82.50),
(5350, 'балетки', 2, 11, '2014-04-28', 250.00),
(5351, 'обед', 2, 2, '2014-04-29', 17.00),
(5352, 'др', 2, 6, '2014-04-29', 420.00),
(5353, 'дорога', 2, 3, '2014-04-29', 6.00),
(5354, 'Lunch', 1, 12, '2014-04-29', 23.00),
(5355, 'пополн счета', 2, 4, '2014-04-29', 50.00),
(5356, 'Lunch', 1, 12, '2014-04-30', 27.00),
(5357, 'Continuum', 1, 6, '2014-05-01', 8800.00),
(5358, 'Hotdog', 1, 12, '2014-04-30', 12.00),
(5359, 'Fuel', 1, 3, '2014-05-01', 200.00),
(5360, 'Icecream', 1, 1, '2014-05-01', 5.00),
(5361, 'Hookah', 1, 1, '2014-05-01', 80.00),
(5362, 'Food', 1, 2, '2014-05-02', 270.00),
(5363, 'Life', 1, 4, '2014-05-02', 40.00),
(5364, 'Haircut', 1, 8, '2014-05-02', 45.00),
(5365, 'Shaurma, cola', 1, 1, '2014-05-02', 41.00),
(5366, 'Food', 1, 2, '2014-05-02', 63.00),
(5367, 'майовка', 2, 1, '2014-05-04', 250.00),
(5368, 'еда', 2, 2, '2014-05-04', 302.00),
(5369, 'дорога', 2, 3, '2014-05-04', 33.00),
(5370, 'еда порошок', 2, 2, '2014-05-04', 70.00),
(5371, 'дорога', 2, 3, '2014-05-04', 6.00),
(5372, 'Sunflower seeds', 1, 2, '2014-05-04', 5.00),
(5373, 'Fuel', 1, 3, '2014-05-05', 200.00),
(5374, 'Lunch', 1, 12, '2014-05-05', 29.00),
(5375, 'Bread, mayonnaise', 1, 2, '2014-05-05', 10.00),
(5376, 'Skylogic work', 1, 7, '2014-05-06', 2664.00),
(5377, 'Lunch', 1, 12, '2014-05-06', 22.00),
(5378, 'Meal', 1, 1, '2014-05-06', 25.00),
(5379, 'Cola, chips', 1, 1, '2014-05-06', 20.00),
(5380, 'дорога', 2, 3, '2014-05-07', 18.00),
(5381, 'еда', 2, 2, '2014-05-07', 158.00),
(5382, 'рита', 2, 1, '2014-05-07', 30.00),
(5383, 'миша кроссов', 2, 4, '2014-05-07', 15.00),
(5384, 'таврия суп', 2, 2, '2014-05-07', 62.00),
(5385, 'Butter, seeds, beer', 1, 2, '2014-05-07', 29.00),
(5386, 'Lunch', 1, 12, '2014-05-08', 27.00),
(5387, 'Coffee', 1, 1, '2014-05-08', 3.00),
(5388, 'Engine oil', 1, 8, '2014-05-09', 406.00),
(5389, 'Food', 1, 2, '2014-05-09', 165.00),
(5391, 'Fuel', 1, 3, '2014-05-09', 200.00),
(5392, 'Food', 1, 2, '2014-05-09', 44.00),
(5393, 'tenet', 1, 4, '2014-05-09', 100.00),
(5394, 'квартира', 2, 4, '2014-05-10', 1000.00),
(5395, 'дорога', 2, 3, '2014-05-10', 9.00),
(5396, 'еда дом', 2, 2, '2014-05-10', 188.00),
(5397, 'Pants', 1, 5, '2014-05-10', 245.00),
(5398, 'Mcdonalds', 1, 1, '2014-05-10', 35.00),
(5399, 'Cinema', 1, 1, '2014-05-10', 45.00),
(5400, 'Sites work', 1, 7, '2014-05-10', 400.00),
(5401, 'Velour cleaner', 1, 8, '2014-05-11', 95.00),
(5402, 'Sponge', 1, 8, '2014-05-11', 7.00),
(5403, 'Car carpets', 1, 8, '2014-05-11', 330.00),
(5404, 'reddy birthday', 1, 10, '2014-05-12', 50.00),
(5405, 'Lunch', 1, 12, '2014-05-12', 20.00),
(5406, 'дорога', 2, 3, '2014-05-12', 6.00),
(5407, 'еда', 2, 2, '2014-05-12', 17.00),
(5408, 'Fuel', 1, 3, '2014-05-13', 200.00),
(5409, 'Lunch', 1, 12, '2014-05-13', 24.00),
(5410, 'English books', 1, 8, '2014-05-13', 362.00),
(5411, 'дорога', 2, 3, '2014-05-13', 12.00),
(5412, 'миша струны', 2, 8, '2014-05-13', 50.00),
(5413, 'Coffe', 1, 1, '2014-05-13', 4.00),
(5414, 'Sites work', 1, 7, '2014-05-14', 250.00),
(5416, 'дорога', 2, 3, '2014-05-14', 9.00),
(5417, 'еда обед', 2, 2, '2014-05-14', 14.00),
(5418, 'Lunch', 1, 12, '2014-05-14', 26.00),
(5419, 'Food', 1, 2, '2014-05-14', 13.00),
(5420, 'дорога', 2, 3, '2014-05-15', 16.00),
(5421, ' чай', 2, 2, '2014-05-15', 10.00),
(5422, 'Sushi lunch', 1, 12, '2014-05-15', 50.00),
(5423, 'сникерс', 2, 2, '2014-05-15', 9.00),
(5424, 'zp', 2, 6, '2014-05-15', 3368.00),
(5425, 'Food', 1, 2, '2014-05-15', 33.00),
(5426, 'зп ставка май', 2, 6, '2014-05-15', 1000.00),
(5427, 'Lunch', 1, 12, '2014-05-16', 32.00),
(5428, 'дорога', 2, 3, '2014-05-16', 6.00),
(5430, 'Cola', 1, 1, '2014-05-18', 9.00),
(5431, 'еда', 2, 2, '2014-05-18', 46.00),
(5432, 'дорога', 2, 3, '2014-05-18', 18.00),
(5433, 'ева всякое', 2, 8, '2014-05-18', 90.00),
(5434, 'мак', 2, 1, '2014-05-18', 16.00),
(5435, 'зеркало', 2, 11, '2014-05-18', 15.00),
(5436, 'Food', 1, 2, '2014-05-18', 16.00),
(5437, 'Lunch', 1, 12, '2014-05-19', 25.00),
(5438, 'еда', 2, 2, '2014-05-19', 90.00),
(5439, 'дорога', 2, 3, '2014-05-19', 12.00),
(5440, 'колледж', 2, 4, '2014-05-19', 3800.00),
(5441, 'пополн счета', 2, 4, '2014-05-20', 40.00),
(5442, 'дорога', 2, 3, '2014-05-20', 9.00),
(5443, 'Lunch', 1, 12, '2014-05-20', 34.00),
(5444, 'колледж', 2, 4, '2014-05-20', 30.00),
(5445, 'Hookah, beer', 1, 1, '2014-05-20', 50.00),
(5446, 'Lunch', 1, 12, '2014-05-21', 27.00),
(5447, 'еда', 2, 2, '2014-05-21', 126.00),
(5448, 'дорога', 2, 3, '2014-05-21', 24.00),
(5449, 'чехол', 2, 11, '2014-05-21', 35.00),
(5450, 'скатерть', 2, 2, '2014-05-21', 30.00),
(5451, 'клубника', 2, 2, '2014-05-21', 20.00),
(5452, 'пленка', 2, 11, '2014-05-21', 36.00),
(5453, 'Lunch', 1, 12, '2014-05-22', 19.00),
(5454, 'Drugs', 1, 8, '2014-05-22', 41.00),
(5455, 'Bread, milk', 1, 2, '2014-05-22', 16.00),
(5456, 'дорога', 2, 3, '2014-05-23', 12.00),
(5457, 'дорога', 2, 3, '2014-05-23', 12.00),
(5458, 'еда', 2, 2, '2014-05-23', 67.00);
INSERT INTO `Entry` (`id`, `name`, `user_id`, `category_id`, `date`, `sum`) VALUES
(5459, 'дорога', 2, 3, '2014-05-23', 12.00),
(5460, 'еда', 2, 2, '2014-05-23', 60.00),
(5461, 'лифчик', 2, 11, '2014-05-23', 100.00),
(5462, 'дорога', 2, 3, '2014-05-25', 6.00),
(5463, 'Food', 1, 2, '2014-05-25', 75.00),
(5465, 'клубника', 2, 2, '2014-05-26', 8.00),
(5466, 'дорога', 2, 3, '2014-05-26', 9.00),
(5467, 'Lunch', 1, 12, '2014-05-26', 11.00),
(5468, 'дорога', 2, 3, '2014-05-27', 9.00),
(5469, 'еда', 2, 2, '2014-05-27', 50.00),
(5470, 'Lunch', 1, 12, '2014-05-27', 21.00),
(5471, 'Strepsils', 1, 8, '2014-05-27', 37.00),
(5472, 'босоножки', 2, 11, '2014-05-27', 195.00),
(5473, 'клубника', 2, 2, '2014-05-27', 10.00),
(5474, 'Fuel', 1, 3, '2014-05-27', 200.00),
(5477, 'Food', 1, 2, '2014-05-27', 30.00),
(5476, 'Sites work', 1, 7, '2014-05-27', 300.00),
(5478, 'дорога', 2, 3, '2014-05-28', 6.00),
(5479, 'салфетки', 2, 8, '2014-05-28', 14.00),
(5480, 'аптек', 2, 9, '2014-05-28', 20.00),
(5481, 'крылья', 2, 2, '2014-05-28', 12.00),
(5482, 'Lunch', 1, 12, '2014-05-28', 19.00),
(5483, 'дорога', 2, 3, '2014-05-29', 6.00),
(5484, 'еда', 2, 2, '2014-05-29', 55.00),
(5485, 'клубника', 2, 2, '2014-05-29', 10.00),
(5486, 'творог', 2, 2, '2014-05-29', 25.00),
(5487, 'огурцы', 2, 2, '2014-05-29', 5.00),
(5488, 'белье', 2, 11, '2014-05-29', 100.00),
(5489, 'Life', 1, 4, '2014-05-29', 50.00),
(5490, 'Food', 1, 2, '2014-05-29', 62.00),
(5491, 'Lunch', 1, 12, '2014-05-30', 51.00),
(5492, 'дорога', 2, 3, '2014-05-30', 6.00),
(5493, 'стрижка', 2, 9, '2014-05-30', 60.00),
(5494, 'Billiard, beer', 1, 1, '2014-05-30', 50.00),
(5495, 'Continuum', 1, 6, '2014-06-01', 9200.00),
(5496, 'Beer, nuts', 1, 1, '2014-05-30', 11.00),
(5497, 'Fuel', 1, 3, '2014-06-01', 200.00),
(5498, 'Lunch', 1, 12, '2014-06-02', 20.00),
(5499, 'кроссы', 2, 11, '2014-06-02', 520.00),
(5500, 'дорога', 2, 3, '2014-06-02', 15.00),
(5501, 'еда', 2, 2, '2014-06-02', 91.00),
(5502, 'Food', 1, 2, '2014-06-02', 34.00),
(5503, 'Drugs', 1, 8, '2014-06-02', 55.00),
(5504, 'Sites work', 1, 7, '2014-06-03', 1170.00),
(5505, 'дорога', 2, 3, '2014-06-03', 9.00),
(5506, 'маникюр', 2, 9, '2014-06-03', 65.00),
(5507, 'кино', 2, 1, '2014-06-03', 135.00),
(5508, 'аптека', 2, 9, '2014-06-03', 20.00),
(5509, 'Lunch', 1, 12, '2014-06-03', 20.00),
(5510, 'сникерс', 2, 2, '2014-06-03', 5.00),
(5511, 'Transit', 1, 3, '2014-06-03', 3.00),
(5512, 'Water', 1, 8, '2014-06-03', 4.00),
(5513, 'дорога', 2, 3, '2014-06-04', 6.00),
(5514, 'Lunch', 1, 12, '2014-06-04', 24.00),
(5515, 'Lunch', 1, 12, '2014-06-05', 25.00),
(5516, 'Food', 1, 2, '2014-06-05', 50.00),
(5517, 'зп', 2, 6, '2014-06-06', 4697.00),
(5518, 'зп ставка', 2, 6, '2014-06-06', 700.00),
(5519, 'дорога', 2, 3, '2014-06-06', 18.00),
(5520, 'лаки', 2, 9, '2014-06-06', 25.00),
(5521, 'еда', 2, 2, '2014-06-06', 30.00),
(5522, 'еда', 2, 2, '2014-06-06', 22.00),
(5523, 'Lunch', 1, 12, '2014-06-06', 21.00),
(5524, 'Icecream', 1, 1, '2014-06-06', 6.00),
(5525, 'купальник', 2, 11, '2014-06-06', 320.00),
(5526, 'сумка', 2, 11, '2014-06-06', 120.00),
(5527, 'Fuel', 1, 3, '2014-06-07', 200.00),
(5528, 'Kvass', 1, 1, '2014-06-08', 6.00),
(5529, 'Whiskey, pizza', 1, 1, '2014-06-08', 125.00),
(5530, 'Transit', 1, 3, '2014-06-08', 3.00),
(5531, 'Food', 1, 2, '2014-06-09', 240.00),
(5532, 'Lunch', 1, 12, '2014-06-10', 35.00),
(5533, 'Fuel', 1, 3, '2014-06-11', 200.00),
(5534, 'дорога', 2, 3, '2014-06-11', 6.00),
(5535, 'еда', 2, 2, '2014-06-11', 117.00),
(5536, 'дорога', 2, 3, '2014-06-11', 12.00),
(5537, 'еда', 2, 2, '2014-06-11', 9.00),
(5538, 'покер и тд', 2, 1, '2014-06-11', 100.00),
(5539, 'белгород', 2, 1, '2014-06-11', 70.00),
(5540, 'квартира', 2, 4, '2014-06-11', 1000.00),
(5541, 'зп', 2, 6, '2014-06-11', 4000.00),
(5542, 'черешня', 2, 2, '2014-06-11', 20.00),
(5543, 'миша', 2, 10, '2014-06-11', 14.00),
(5544, 'еда', 2, 2, '2014-06-11', 45.00),
(5545, 'Lunch', 1, 12, '2014-06-11', 19.00),
(5546, 'Skylogic', 1, 7, '2014-06-11', 2850.00),
(5547, 'обед', 2, 2, '2014-06-12', 28.00),
(5548, 'дорога', 2, 3, '2014-06-12', 6.00),
(5549, 'пончик', 2, 2, '2014-06-12', 5.00),
(5550, 'Lunch', 1, 12, '2014-06-12', 30.00),
(5551, 'cок', 2, 1, '2014-06-13', 20.00),
(5552, 'дорога', 2, 3, '2014-06-13', 12.00),
(5553, 'пополн счет', 2, 4, '2014-06-13', 40.00),
(5554, 'Pizza', 1, 12, '2014-06-13', 50.00),
(5555, 'обед', 2, 2, '2014-06-13', 20.00),
(5556, 'духи', 2, 11, '2014-06-13', 119.00),
(5557, 'Food', 1, 2, '2014-06-14', 19.00),
(5558, 'Fuel', 1, 3, '2014-06-15', 200.00),
(5559, 'Beer, etc.', 1, 1, '2014-06-15', 30.00),
(5560, 'Lunch', 1, 12, '2014-06-16', 20.00),
(5561, 'еда', 2, 2, '2014-06-16', 136.00),
(5562, 'бальзам', 2, 9, '2014-06-16', 20.00),
(5563, 'амулет', 2, 11, '2014-06-16', 25.00),
(5564, 'еда', 2, 2, '2014-06-16', 18.00),
(5565, 'сумка', 2, 11, '2014-06-16', 50.00),
(5566, 'дорога', 2, 3, '2014-06-16', 18.00),
(5567, 'малина', 2, 2, '2014-06-16', 24.00),
(5568, 'прокладки', 2, 9, '2014-06-16', 20.00),
(5569, 'брительки', 2, 11, '2014-06-16', 10.00),
(5570, 'блокнот', 2, 11, '2014-06-16', 19.00),
(5571, 'черешня', 2, 2, '2014-06-16', 10.00),
(5572, 'Lunch', 1, 12, '2014-06-17', 30.00),
(5573, 'Food', 1, 2, '2014-06-17', 32.00),
(5574, '22', 2, 11, '2014-06-18', 0.00),
(5575, 'магаз', 2, 2, '2014-06-18', 68.00),
(5576, 'дорога', 2, 3, '2014-06-18', 6.00),
(5577, 'dasha dr', 2, 4, '2014-06-18', 30.00),
(5578, 'накидка', 2, 11, '2014-06-18', 200.00),
(5579, 'лезвия', 2, 11, '2014-06-18', 120.00),
(5580, 'черешня', 2, 2, '2014-06-18', 25.00),
(5581, 'маникюр', 2, 9, '2014-06-18', 40.00),
(5582, 'Lunch', 1, 12, '2014-06-18', 17.00),
(5583, 'Food', 1, 2, '2014-06-18', 35.00),
(5585, 'пельмени и тд', 2, 2, '2014-06-18', 40.00),
(5586, 'дорога', 2, 3, '2014-06-19', 9.00),
(5587, 'Lunch', 1, 12, '2014-06-19', 24.00),
(5588, 'еда', 2, 2, '2014-06-20', 50.00),
(5589, 'дорога', 2, 3, '2014-06-20', 6.00),
(5590, 'Lunch', 1, 12, '2014-06-20', 18.00),
(5591, 'обед', 2, 2, '2014-06-20', 12.00),
(5592, 'Food', 1, 2, '2014-06-20', 65.00),
(5593, 'Air filter for toyota', 1, 8, '2014-06-21', 60.00),
(5594, 'magazin', 2, 2, '2014-06-21', 115.00),
(5595, 'Okean Elzy ticket', 1, 1, '2014-06-21', 150.00),
(5596, 'MacBook', 1, 8, '2014-06-22', 9500.00),
(5597, 'Fuel', 1, 3, '2014-06-23', 200.00),
(5598, 'Lunch', 1, 12, '2014-06-23', 25.00),
(5599, 'платье', 2, 11, '2014-06-23', 200.00),
(5600, 'шока', 2, 2, '2014-06-23', 13.00),
(5601, 'компот', 2, 2, '2014-06-23', 5.00),
(5602, 'дорога', 2, 3, '2014-06-23', 18.00),
(5603, 'творог брынза и тд', 2, 2, '2014-06-23', 45.00),
(5604, 'пополн.счета', 2, 4, '2014-06-23', 42.00),
(5605, 'Notebook bag', 1, 8, '2014-06-23', 180.00),
(5606, 'Food', 1, 2, '2014-06-23', 50.00),
(5607, 'Tenet', 1, 4, '2014-06-24', 200.00),
(5608, 'др мася', 2, 4, '2014-06-24', 30.00),
(5609, 'духи', 2, 9, '2014-06-24', 65.00),
(5610, 'дорога', 2, 3, '2014-06-24', 6.00),
(5611, 'платье', 2, 11, '2014-06-24', 30.00),
(5612, 'Lunch', 1, 12, '2014-06-24', 18.00),
(5613, 'еда', 2, 2, '2014-06-25', 106.00),
(5614, 'стрекоза', 2, 9, '2014-06-25', 2100.00),
(5615, 'дорога', 2, 3, '2014-06-25', 9.00),
(5616, 'сахар', 2, 2, '2014-06-25', 7.00),
(5617, 'Lunch', 1, 12, '2014-06-25', 19.00),
(5618, 'Lunch', 1, 12, '2014-06-26', 50.00),
(5619, 'дорога', 2, 3, '2014-06-26', 6.00),
(5620, 'тапки', 2, 11, '2014-06-26', 45.00),
(5621, 'обед', 2, 2, '2014-06-26', 23.00),
(5622, 'Transit', 1, 3, '2014-06-27', 3.00),
(5623, 'дорога', 2, 3, '2014-06-27', 6.00),
(5624, 'вода', 2, 2, '2014-06-27', 10.00),
(5625, 'Lunch', 1, 12, '2014-06-27', 23.00),
(5626, 'Trueman', 1, 1, '2014-06-28', 200.00),
(5627, 'mDP to DVI cable', 1, 8, '2014-06-28', 150.00),
(5628, 'Transit', 1, 3, '2014-06-28', 6.00),
(5629, 'Food', 1, 2, '2014-06-28', 16.00),
(5630, 'AC adapter', 1, 8, '2014-06-28', 10.00),
(5631, 'Beer', 1, 1, '2014-06-28', 15.00),
(5633, 'еда', 2, 2, '2014-07-01', 11.00),
(5634, 'кроссы', 2, 11, '2014-07-01', 600.00),
(5635, 'творог', 2, 2, '2014-07-01', 20.00),
(5636, 'дорога', 2, 3, '2014-07-01', 6.00),
(5637, 'Life', 1, 4, '2014-07-01', 16.00),
(5638, 'Lunch', 1, 12, '2014-07-01', 25.00),
(5639, 'обед', 2, 2, '2014-07-01', 20.00),
(5640, 'Food', 1, 2, '2014-07-01', 65.00),
(5641, 'Continuum', 1, 6, '2014-07-01', 12180.00),
(5642, 'Wheels balancing', 1, 8, '2014-07-02', 50.00),
(5643, 'дорога', 2, 3, '2014-07-02', 9.00),
(5644, 'еда творог малина', 2, 2, '2014-07-02', 65.00),
(5645, 'Fuel', 1, 3, '2014-07-02', 400.00),
(5646, 'Sports hall', 1, 8, '2014-07-02', 1800.00),
(5647, 'Lunch', 1, 12, '2014-07-02', 13.00),
(5648, 'обед', 2, 2, '2014-07-02', 26.00),
(5649, 'Lunch', 1, 12, '2014-07-03', 55.00),
(5650, 'Food', 1, 2, '2014-07-03', 16.00),
(5651, 'обед', 2, 2, '2014-07-04', 28.00),
(5652, 'дорога', 2, 3, '2014-07-04', 12.00),
(5653, 'обед', 2, 2, '2014-07-04', 20.00),
(5654, 'Lunch', 1, 12, '2014-07-04', 30.00),
(5655, 'Wallet', 1, 8, '2014-07-05', 140.00),
(5656, 'Tomatos', 1, 2, '2014-07-05', 17.00),
(5657, 'Food', 1, 2, '2014-07-05', 44.00),
(5659, 'T-shirt', 1, 5, '2014-07-06', 59.00),
(5660, 'Lunch', 1, 12, '2014-07-07', 27.00),
(5661, 'глина', 2, 9, '2014-07-08', 13.00),
(5662, 'дорога', 2, 3, '2014-07-08', 66.00),
(5663, 'персики', 2, 2, '2014-07-08', 15.00),
(5664, 'пантенол', 2, 9, '2014-07-08', 40.00),
(5665, 'таврия', 2, 2, '2014-07-08', 48.00),
(5666, 'таврия', 2, 2, '2014-07-08', 120.00),
(5667, 'миша трусы', 2, 10, '2014-07-08', 55.00),
(5668, 'обед', 2, 2, '2014-07-08', 22.00),
(5669, 'пластырь', 2, 9, '2014-07-08', 10.00),
(5670, 'зп', 2, 6, '2014-07-08', 1000.00),
(5671, 'Lunch', 0, 2, '2014-07-08', 30.00),
(5672, 'Lunch', 1, 12, '2014-07-08', 30.00),
(5673, 'Meat', 1, 1, '2014-07-08', 50.00),
(5674, 'Lunch', 1, 12, '2014-07-09', 23.00),
(5675, 'дорога', 2, 3, '2014-07-10', 18.00),
(5676, 'магазин', 2, 2, '2014-07-10', 115.00),
(5677, 'блокнот папка', 2, 11, '2014-07-10', 2.00),
(5678, 'Lunch', 1, 12, '2014-07-10', 31.00),
(5679, 'лак ножницы', 2, 11, '2014-07-10', 43.00),
(5680, 'аквапарк', 2, 1, '2014-07-10', 320.00),
(5681, 'сухари', 2, 2, '2014-07-10', 7.00),
(5682, 'Skylogic', 1, 7, '2014-07-10', 3016.00),
(5683, 'Food', 1, 2, '2014-07-10', 30.00),
(5684, 'еда', 2, 2, '2014-07-11', 22.00),
(5685, '115', 2, 11, '2014-07-11', 0.00),
(5686, 'обед чай', 2, 2, '2014-07-11', 18.00),
(5687, 'дорога', 2, 3, '2014-07-11', 6.00),
(5688, 'Lunch', 1, 12, '2014-07-11', 30.00),
(5689, 'Paint for car', 1, 8, '2014-07-12', 30.00),
(5690, 'Fuel', 1, 3, '2014-07-13', 400.00),
(5691, 'суши', 2, 1, '2014-07-13', 130.00),
(5692, 'квартира', 2, 4, '2014-07-13', 1000.00),
(5693, 'дорога', 2, 3, '2014-07-13', 6.00),
(5694, 'еда', 2, 2, '2014-07-13', 21.00),
(5695, 'трубочка', 2, 2, '2014-07-13', 14.00),
(5696, 'смывка для лака', 2, 9, '2014-07-13', 6.00),
(5697, 'Boots and bag', 1, 5, '2014-07-10', 680.00),
(5698, 'терм вода', 2, 9, '2014-07-14', 134.00),
(5699, 'дорога', 2, 3, '2014-07-14', 6.00),
(5700, 'Lunch', 1, 12, '2014-07-14', 30.00),
(5701, 'пополн.счета', 2, 4, '2014-07-14', 27.00),
(5702, 'персик', 2, 2, '2014-07-14', 6.00),
(5703, 'Yulia HR BD', 1, 10, '2014-07-14', 106.00),
(5704, 'еда', 2, 2, '2014-07-15', 48.00),
(5705, 'дорога', 2, 3, '2014-07-15', 6.00),
(5706, 'Lunch', 1, 12, '2014-07-15', 25.00),
(5707, 'Life', 1, 4, '2014-07-15', 40.00),
(5708, 'резинка', 2, 11, '2014-07-15', 10.00),
(5709, 'кухня', 2, 2, '2014-07-15', 41.00),
(5710, 'персик', 2, 2, '2014-07-15', 5.00),
(5711, 'зп', 2, 6, '2014-07-15', 3841.00),
(5712, 'Food', 1, 2, '2014-07-15', 20.00),
(5713, 'еда', 2, 2, '2014-07-16', 22.00),
(5714, 'дорога', 2, 3, '2014-07-16', 6.00),
(5715, 'прокладки', 2, 9, '2014-07-16', 48.00),
(5716, 'обед', 2, 2, '2014-07-16', 4.00),
(5717, 'Lunch', 1, 12, '2014-07-16', 28.00),
(5718, 'юля день бухг', 2, 4, '2014-07-16', 24.00),
(5719, 'Food', 1, 2, '2014-07-16', 25.00),
(5720, 'обед', 2, 2, '2014-07-17', 13.00),
(5721, 'дорога', 2, 3, '2014-07-17', 6.00),
(5722, 'Lunch', 1, 12, '2014-07-17', 20.00),
(5723, 'еда', 2, 2, '2014-07-18', 50.00),
(5724, 'дорога', 2, 3, '2014-07-18', 6.00),
(5725, 'фотки', 2, 11, '2014-07-18', 6.00),
(5726, 'обед', 2, 2, '2014-07-18', 7.00),
(5727, 'Lunch', 1, 12, '2014-07-18', 26.00),
(5728, 'цветы', 2, 8, '2014-07-18', 15.00),
(5729, 'пицца', 2, 1, '2014-07-18', 30.00),
(5730, 'дорога', 2, 3, '2014-07-18', 6.00),
(5731, 'Beer', 1, 8, '2014-07-19', 10.00),
(5732, 'Cig', 1, 8, '2014-07-19', 15.00),
(5733, 'сумка', 2, 11, '2014-07-20', 300.00),
(5734, 'боссоножки', 2, 11, '2014-07-20', 209.00),
(5735, 'карсет', 2, 11, '2014-07-20', 100.00),
(5736, 'дорога', 2, 3, '2014-07-20', 6.00),
(5737, 'еда', 2, 2, '2014-07-20', 42.00),
(5738, 'лак', 2, 9, '2014-07-20', 30.00),
(5739, 'Haircut', 1, 8, '2014-07-20', 45.00),
(5740, 'Transit', 1, 3, '2014-07-20', 3.00),
(5741, 'Beer, pizza', 1, 1, '2014-07-20', 55.00),
(5742, 'Lunch', 1, 12, '2014-07-21', 27.00),
(5743, 'Cig', 1, 8, '2014-07-22', 15.00),
(5744, 'Lunch', 1, 12, '2014-07-22', 25.00),
(5745, 'маска', 2, 9, '2014-07-22', 30.00),
(5746, 'дорога', 2, 3, '2014-07-22', 6.00),
(5747, 'eda', 2, 2, '2014-07-22', 108.00),
(5748, 'чулки трусы', 2, 9, '2014-07-22', 85.00),
(5749, 'дорога', 2, 3, '2014-07-22', 24.00),
(5750, 'прокладки', 2, 8, '2014-07-22', 32.00),
(5751, 'еда', 2, 2, '2014-07-22', 35.00),
(5752, 'дорога', 2, 3, '2014-07-23', 6.00),
(5753, 'помидор', 2, 2, '2014-07-23', 13.00),
(5754, 'обед', 2, 2, '2014-07-23', 27.00),
(5755, 'Lunch', 1, 12, '2014-07-23', 40.00),
(5756, 'eda', 2, 2, '2014-07-24', 168.00),
(5757, 'мед', 2, 2, '2014-07-24', 60.00),
(5758, 'дорога', 2, 3, '2014-07-24', 6.00),
(5759, 'маникюр педикюр', 2, 9, '2014-07-24', 135.00),
(5760, 'магазин', 2, 2, '2014-07-24', 120.00),
(5761, 'Cig', 1, 8, '2014-07-24', 15.00),
(5762, 'Lunch', 1, 12, '2014-07-25', 26.00),
(5763, 'Transit', 1, 3, '2014-07-25', 23.00),
(5764, 'Conditionier hose', 1, 8, '2014-07-26', 150.00),
(5765, 'Shashlik', 1, 1, '2014-07-27', 90.00),
(5766, 'Lunch', 1, 12, '2014-07-28', 30.00),
(5767, 'дорога', 2, 3, '2014-07-29', 24.00),
(5768, 'обед', 2, 2, '2014-07-29', 30.00),
(5769, 'еда', 2, 2, '2014-07-29', 120.00),
(5770, 'еда', 2, 2, '2014-07-29', 40.00),
(5771, 'Lunch', 1, 12, '2014-07-29', 27.00),
(5772, 'Lunch', 1, 12, '2014-07-30', 24.00),
(5773, 'дом еда', 2, 2, '2014-07-30', 78.00),
(5774, 'дорога', 2, 3, '2014-07-30', 12.00),
(5775, 'обед', 2, 2, '2014-07-30', 26.00),
(5776, 'Food', 1, 2, '2014-07-30', 42.00),
(5777, 'Auto insurance', 1, 8, '2014-07-31', 500.00),
(5778, 'Fuel', 1, 3, '2014-07-31', 200.00),
(5779, 'дорога', 2, 3, '2014-07-31', 6.00),
(5780, 'Lunch', 1, 12, '2014-07-31', 50.00),
(5781, 'обед', 2, 2, '2014-07-31', 18.00),
(5782, 'пластырь', 2, 9, '2014-07-31', 4.00),
(5783, 'Continuum', 1, 6, '2014-08-01', 12390.00),
(5784, 'Cig', 1, 8, '2014-07-31', 15.00),
(5785, 'пополн.счета', 2, 4, '2014-08-01', 20.00),
(5786, 'вода', 2, 2, '2014-08-01', 7.00),
(5787, 'дорога', 2, 3, '2014-08-01', 6.00),
(5788, 'зп', 2, 6, '2014-08-01', 400.00),
(5789, 'Lunch', 1, 12, '2014-08-01', 26.00),
(5790, 'аптека тоналка', 2, 9, '2014-08-01', 217.00),
(5791, 'обед', 2, 2, '2014-08-01', 11.00),
(5792, 'Training', 1, 8, '2014-08-02', 100.00),
(5793, 'Conditioner repair', 1, 8, '2014-08-02', 400.00),
(5794, 'Food', 1, 2, '2014-08-02', 77.00),
(5795, 'Car engine belts', 1, 8, '2014-08-03', 220.00),
(5796, 'Car coolant', 1, 8, '2014-08-03', 45.00),
(5797, 'Radiator soldering', 1, 8, '2014-08-03', 60.00),
(5798, 'Water', 1, 2, '2014-08-03', 7.00),
(5799, 'Transit', 1, 3, '2014-08-03', 6.00),
(5800, 'Car works', 1, 8, '2014-08-03', 150.00),
(5801, 'Lunch', 1, 12, '2014-08-04', 25.00),
(5802, 'ремонт', 2, 4, '2014-08-04', 35.00),
(5803, 'кафе и тд', 2, 1, '2014-08-04', 160.00),
(5804, 'дорога', 2, 3, '2014-08-04', 18.00),
(5805, 'обед', 2, 2, '2014-08-04', 50.00),
(5806, 'Sergei lev present', 1, 10, '2014-08-04', 225.00),
(5807, 'Lunch', 1, 12, '2014-08-05', 25.00),
(5808, 'Slava bd present', 1, 10, '2014-08-05', 95.00),
(5809, 'Cig', 0, 8, '2014-08-05', 15.00),
(5810, 'Cig', 1, 8, '2014-08-05', 15.00),
(5811, 'Life', 1, 4, '2014-08-05', 50.00),
(5812, 'Food', 1, 2, '2014-08-05', 23.00),
(5813, 'дорога', 2, 3, '2014-08-06', 6.00),
(5814, 'термометр', 2, 9, '2014-08-06', 10.00),
(5815, 'творог фрукты и тд', 2, 2, '2014-08-06', 75.00),
(5816, 'Lunch', 1, 12, '2014-08-06', 28.00),
(5817, 'обед', 2, 2, '2014-08-06', 13.00),
(5818, 'Lunch', 1, 12, '2014-08-07', 17.00),
(5819, 'Cig', 1, 8, '2014-08-07', 15.00),
(5821, 'Continuum sport', 1, 7, '2014-08-07', 600.00),
(5822, 'Fuel', 1, 3, '2014-08-08', 600.00),
(5823, 'Lunch', 1, 12, '2014-08-08', 25.00),
(5824, 'еда', 2, 2, '2014-08-08', 55.00),
(5825, 'миша браслет', 2, 10, '2014-08-08', 55.00),
(5826, 'пополн счета', 2, 4, '2014-08-08', 30.00),
(5827, 'дорога', 2, 3, '2014-08-08', 6.00),
(5828, 'зп', 2, 6, '2014-08-08', 600.00),
(5829, 'Corolla Conditioner', 1, 8, '2014-08-08', 1580.00),
(5830, 'Food', 1, 2, '2014-08-11', 70.00),
(5831, 'Fuel', 1, 3, '2014-08-11', 100.00),
(5832, 'Beer', 1, 1, '2014-08-11', 31.00),
(5833, 'дорога', 2, 3, '2014-08-12', 12.00),
(5834, 'магазин', 2, 2, '2014-08-12', 115.00),
(5835, 'вит пицца', 2, 1, '2014-08-12', 100.00),
(5836, 'Lunch', 1, 12, '2014-08-12', 50.00),
(5837, 'Food', 1, 2, '2014-08-12', 74.00),
(5838, 'Lunch', 1, 12, '2014-08-13', 18.00),
(5839, 'Continuum bonus', 1, 7, '2014-08-13', 500.00),
(5840, 'Skylogic', 1, 7, '2014-08-14', 2816.00),
(5841, 'Lunch', 1, 12, '2014-08-14', 25.00),
(5842, 'Fuel', 1, 3, '2014-08-15', 400.00),
(5843, 'Lunch', 1, 12, '2014-08-15', 23.00),
(5844, 'Cig', 1, 8, '2014-08-15', 15.00),
(5845, 'Food', 1, 2, '2014-08-15', 43.00),
(5846, 'Beer, pizza', 1, 1, '2014-08-17', 80.00),
(5847, 'Hookah', 1, 1, '2014-08-17', 50.00),
(5848, 'Transit', 1, 3, '2014-08-17', 6.00),
(5849, 'Cig', 1, 8, '2014-08-18', 15.00),
(5850, 'Lunch', 1, 12, '2014-08-18', 33.00),
(5851, 'дорога', 2, 3, '2014-08-19', 24.00),
(5852, 'еда', 2, 2, '2014-08-19', 225.00),
(5853, 'маникюр', 2, 9, '2014-08-19', 65.00),
(5854, 'едп', 2, 2, '2014-08-19', 38.00),
(5855, 'таврия', 2, 2, '2014-08-19', 396.00),
(5856, 'зп', 2, 6, '2014-08-19', 2808.00),
(5857, 'булка виноград', 2, 2, '2014-08-19', 10.00),
(5858, 'Lunch', 1, 12, '2014-08-19', 25.00),
(5859, 'Lunch', 1, 12, '2014-08-20', 18.00),
(5860, 'Cig', 1, 8, '2014-08-20', 15.00),
(5861, 'еда', 2, 2, '2014-08-20', 55.00),
(5862, 'дорога', 2, 3, '2014-08-20', 21.00),
(5863, 'всякое', 2, 1, '2014-08-20', 15.00),
(5864, 'конфеты', 2, 1, '2014-08-20', 4.00),
(5865, 'миша др', 2, 10, '2014-08-20', 419.00),
(5866, 'Food', 1, 2, '2014-08-20', 17.00),
(5867, 'Lunch', 1, 12, '2014-08-21', 32.00),
(5868, 'Ice cream', 1, 1, '2014-08-21', 6.00),
(5869, 'Lunch', 1, 12, '2014-08-22', 23.00),
(5870, 'Beer etc', 1, 1, '2014-08-22', 45.00),
(5871, 'Toilet paper', 1, 2, '2014-08-22', 17.00),
(5872, 'Pizza', 1, 1, '2014-08-23', 100.00),
(5873, 'Attraction park', 1, 1, '2014-08-23', 72.00),
(5874, 'Birthday from Vika', 1, 7, '2014-08-23', 200.00),
(5875, 'Clever texts', 1, 7, '2014-08-25', 92.00),
(5876, 'Food, etc.', 1, 2, '2014-08-25', 103.00),
(5877, 'Shaurma', 1, 1, '2014-08-25', 40.00),
(5878, 'Food', 1, 2, '2014-08-25', 32.00),
(5879, 'Cig', 1, 8, '2014-08-26', 15.00),
(5880, 'Birthday cakes', 1, 8, '2014-08-26', 106.00),
(5881, 'миша подарок', 2, 10, '2014-08-26', 351.00),
(5882, 'вит подарок', 2, 10, '2014-08-26', 160.00),
(5883, 'дорога', 2, 3, '2014-08-26', 60.00),
(5884, 'упаковка подарков 1', 2, 10, '2014-08-26', 78.00),
(5885, 'миша подарок', 2, 10, '2014-08-26', 90.00),
(5886, 'творог', 2, 2, '2014-08-26', 27.00),
(5887, 'ит.квартал', 2, 1, '2014-08-26', 70.00),
(5888, 'еда', 2, 2, '2014-08-26', 110.00),
(5889, 'квартира август', 2, 4, '2014-08-26', 1000.00),
(5890, 'Lunch', 1, 12, '2014-08-26', 33.00),
(5891, 'трусы', 2, 11, '2014-08-27', 30.00),
(5892, 'обед', 2, 2, '2014-08-27', 15.00),
(5893, 'дорога', 2, 3, '2014-08-27', 12.00),
(5894, 'еда', 2, 2, '2014-08-27', 70.00),
(5895, 'Lunch', 1, 12, '2014-08-27', 24.00),
(5896, 'Cig', 1, 8, '2014-08-27', 15.00),
(5897, 'Lunch', 1, 12, '2014-08-28', 26.00),
(5898, 'Shaving cream, batteries', 1, 2, '2014-08-28', 50.00),
(5899, 'Lunch', 1, 12, '2014-08-29', 17.00),
(5900, 'Pizza for birthday', 1, 8, '2014-08-29', 200.00),
(5901, 'Continuum', 1, 6, '2014-09-01', 13650.00),
(5902, 'Cig', 1, 8, '2014-08-29', 15.00),
(5903, 'Beer, bread, cig', 1, 1, '2014-08-31', 40.00),
(5904, 'обед', 2, 2, '2014-09-01', 11.00),
(5905, 'Lunch', 1, 12, '2014-09-01', 24.00),
(5906, 'колледж', 2, 4, '2014-09-02', 1935.00),
(5907, 'дорога', 2, 3, '2014-09-02', 9.00),
(5908, 'Lunch', 1, 12, '2014-09-02', 24.00),
(5909, 'Lunch', 1, 12, '2014-09-03', 25.00),
(5910, 'Food', 1, 2, '2014-09-03', 63.00),
(5911, 'Lunch', 1, 12, '2014-09-04', 31.00),
(5912, 'Cig', 1, 8, '2014-09-04', 15.00),
(5913, 'Lunch', 1, 12, '2014-09-05', 28.00),
(5914, 'пополн.счета', 2, 4, '2014-09-05', 20.00),
(5915, 'обед', 2, 2, '2014-09-05', 17.00),
(5916, 'Fuel', 1, 3, '2014-09-06', 400.00),
(5917, 'Cig, cola', 1, 1, '2014-09-06', 19.00),
(5918, 'Life', 1, 4, '2014-09-07', 50.00),
(5919, 'Food', 1, 2, '2014-09-07', 45.00),
(5920, 'Lunch', 1, 12, '2014-09-08', 19.00),
(5921, 'обед чай', 2, 2, '2014-09-08', 37.00),
(5922, 'дорога', 2, 3, '2014-09-08', 6.00),
(5923, 'челка', 2, 9, '2014-09-08', 10.00),
(5924, 'духи', 2, 9, '2014-09-08', 75.00),
(5925, 'пояс', 2, 11, '2014-09-08', 70.00),
(5926, 'терм вода', 2, 9, '2014-09-08', 146.00),
(5927, 'стельки миша', 2, 10, '2014-09-08', 5.00),
(5928, 'дорога', 2, 3, '2014-09-08', 63.00),
(5929, 'косметика', 2, 9, '2014-09-08', 49.00),
(5930, 'творог', 2, 2, '2014-09-08', 15.00),
(5931, 'заколки', 2, 9, '2014-09-08', 16.00),
(5932, 'персик', 2, 2, '2014-09-08', 15.00),
(5933, 'трусы', 2, 11, '2014-09-08', 20.00),
(5934, 'обед', 2, 2, '2014-09-08', 15.00),
(5935, 'сказка востока', 2, 1, '2014-09-08', 20.00),
(5936, 'такси', 2, 3, '2014-09-08', 40.00),
(5937, 'хз', 2, 1, '2014-09-08', 200.00),
(5938, 'прическа', 2, 9, '2014-09-08', 160.00),
(5939, 'пластырь', 2, 9, '2014-09-08', 13.00),
(5940, 'колледж', 2, 4, '2014-09-08', 200.00),
(5941, 'еда', 2, 2, '2014-09-08', 197.00),
(5942, 'брови', 2, 9, '2014-09-08', 60.00),
(5943, 'еда обед', 2, 2, '2014-09-08', 38.00),
(5944, 'еда', 2, 2, '2014-09-08', 132.00),
(5945, 'квартира август', 2, 4, '2014-09-08', 1000.00),
(5946, 'Cig', 1, 8, '2014-09-09', 17.00),
(5947, 'Lunch', 1, 12, '2014-09-09', 29.00),
(5948, 'Vanya Birthday', 1, 10, '2014-09-10', 55.00),
(5949, 'Lunch', 1, 12, '2014-09-10', 27.00),
(5950, 'Cig, orbit', 1, 8, '2014-09-11', 20.00),
(5951, 'Lunch', 1, 12, '2014-09-11', 23.00),
(5952, 'Lunch', 1, 12, '2014-09-12', 27.00),
(5953, 'Food, beer', 1, 2, '2014-09-12', 48.00),
(5954, 'Food, fun', 1, 2, '2014-09-14', 80.00),
(5955, 'Pizza', 1, 1, '2014-09-14', 60.00),
(5956, 'Lunch', 1, 12, '2014-09-15', 23.00),
(5957, 'дорога', 2, 3, '2014-09-16', 36.00),
(5958, 'подушка', 2, 11, '2014-09-16', 200.00),
(5959, 'одежда', 2, 11, '2014-09-16', 125.00),
(5960, 'еда', 2, 2, '2014-09-16', 124.00),
(5961, 'одежда', 2, 11, '2014-09-16', 80.00),
(5962, 'еда', 2, 2, '2014-09-16', 218.00),
(5963, 'еда', 2, 2, '2014-09-16', 16.00),
(5964, 'пополн счета', 2, 4, '2014-09-16', 51.00),
(5965, 'гель', 2, 2, '2014-09-16', 29.00),
(5966, '80', 2, 11, '2014-09-16', 0.00),
(5967, 'дом', 2, 2, '2014-09-16', 251.00),
(5968, 'врач', 2, 9, '2014-09-16', 140.00),
(5969, 'Lunch', 1, 12, '2014-09-16', 28.00),
(5970, 'Lunch', 1, 12, '2014-09-17', 32.00),
(5971, 'Food', 0, 2, '2014-09-18', 48.00),
(5972, 'Food', 1, 2, '2014-09-18', 48.00),
(5973, 'Lunch', 1, 12, '2014-09-19', 27.00),
(5974, 'Mcdonalds', 1, 1, '2014-09-19', 60.00),
(5975, 'Valve probes', 1, 8, '2014-09-20', 25.00),
(5976, 'Haircut', 1, 8, '2014-09-20', 45.00),
(5977, 'Cig', 1, 8, '2014-09-20', 15.00),
(5978, 'Life', 1, 8, '2014-09-21', 50.00),
(5979, 'Cinema,etc', 1, 1, '2014-09-21', 100.00),
(5980, 'Fuel', 1, 3, '2014-09-21', 400.00),
(5981, 'Cig', 1, 8, '2014-09-22', 16.00),
(5982, 'врач', 2, 9, '2014-09-22', 100.00),
(5983, 'Lunch', 1, 12, '2014-09-22', 27.00),
(5984, 'Lunch', 1, 12, '2014-09-24', 22.00),
(5985, 'Continuum bonus', 1, 6, '2014-09-24', 600.00),
(5986, 'Cig', 1, 8, '2014-09-24', 16.00),
(5987, 'Sugar', 1, 2, '2014-09-24', 15.00),
(5988, 'трусы', 2, 11, '2014-09-25', 40.00),
(5989, 'еда', 2, 2, '2014-09-25', 65.00),
(5990, 'рентген', 2, 9, '2014-09-25', 155.00),
(5991, 'завтрак', 2, 2, '2014-09-25', 23.00),
(5992, 'сироп', 2, 9, '2014-09-25', 75.00),
(5993, 'еда', 2, 2, '2014-09-25', 82.00),
(5994, 'узи', 2, 9, '2014-09-25', 150.00),
(5995, 'обед', 2, 2, '2014-09-25', 24.00),
(5996, 'куртка', 2, 11, '2014-09-25', 200.00),
(5997, 'суши', 2, 1, '2014-09-25', 64.00),
(5998, 'еда', 2, 2, '2014-09-25', 96.00),
(5999, 'лаки', 2, 11, '2014-09-25', 48.00),
(6000, 'дорога', 2, 3, '2014-09-25', 64.00),
(6001, 'обед', 2, 2, '2014-09-25', 33.00),
(6002, 'такси', 2, 3, '2014-09-25', 29.00),
(6003, 'Lunch', 1, 12, '2014-09-25', 15.00),
(6004, 'bread, shampoo', 1, 2, '2014-09-25', 47.00),
(6005, 'Cig', 1, 8, '2014-09-26', 16.00),
(6006, 'Food', 1, 2, '2014-09-27', 51.00),
(6007, 'Tenet', 1, 4, '2014-09-27', 200.00),
(6008, 'Mcdonalds', 1, 1, '2014-09-27', 40.00),
(6009, 'Lunch', 1, 12, '2014-09-29', 33.00),
(6010, 'Lunch', 1, 12, '2014-09-30', 29.00),
(6011, 'Skylogic', 1, 7, '2014-09-30', 4386.00),
(6012, 'Continuum', 1, 6, '2014-10-01', 13545.00),
(6013, 'Lunch', 1, 12, '2014-10-01', 27.00),
(6014, 'Cig', 1, 8, '2014-10-01', 16.00),
(6015, 'Food', 1, 2, '2014-10-01', 66.00),
(6016, 'Lunch', 1, 12, '2014-10-02', 33.00),
(6017, 'Lunch', 1, 12, '2014-10-03', 25.00),
(6018, 'Cig', 1, 8, '2014-10-03', 12.00),
(6019, 'Food', 1, 2, '2014-10-03', 95.00),
(6020, 'Transit', 1, 3, '2014-10-04', 3.00),
(6021, 'Mcdonalds', 1, 1, '2014-10-04', 36.00),
(6022, 'Hookah', 1, 1, '2014-10-04', 100.00),
(6023, 'Cig', 1, 8, '2014-10-05', 16.00),
(6024, 'Transit', 1, 3, '2014-10-05', 3.00),
(6025, 'Lunch', 1, 12, '2014-10-06', 32.00),
(6026, 'Mitsubishi Galant', 1, 8, '2014-10-05', 38850.00),
(6027, 'Toyota Corolla', 1, 8, '2012-06-17', 16000.00),
(6028, 'Snickers, yoghurt', 1, 1, '2014-10-06', 19.00),
(6029, 'Lunch', 1, 12, '2014-10-07', 30.00),
(6030, 'VPS', 1, 8, '2014-10-07', 215.00),
(6031, 'дорога', 2, 3, '2014-10-08', 21.00),
(6032, 'творог', 2, 2, '2014-10-08', 15.00),
(6033, 'обед', 2, 2, '2014-10-08', 23.00),
(6034, 'еда', 2, 2, '2014-10-08', 100.00),
(6035, 'еда', 2, 2, '2014-10-08', 47.00),
(6036, 'шнурки', 2, 11, '2014-10-08', 12.00),
(6037, 'чай', 2, 2, '2014-10-08', 16.00),
(6038, 'еда', 2, 2, '2014-10-08', 55.00),
(6039, 'цветы', 2, 1, '2014-10-08', 20.00),
(6040, 'квартира', 2, 4, '2014-10-08', 1000.00),
(6041, 'блеск', 2, 9, '2014-10-08', 80.00),
(6042, 'кафе', 2, 1, '2014-10-08', 120.00),
(6043, 'аптека', 2, 9, '2014-10-08', 47.00),
(6044, 'обед', 2, 2, '2014-10-08', 41.00),
(6045, 'еда', 2, 2, '2014-10-08', 47.00),
(6046, 'носки', 2, 11, '2014-10-08', 45.00),
(6047, 'челка', 2, 9, '2014-10-08', 20.00),
(6048, 'подушки', 2, 11, '2014-10-08', 65.00),
(6049, 'обед', 2, 2, '2014-10-08', 7.00),
(6050, 'кино', 2, 1, '2014-10-08', 20.00),
(6051, 'чай', 2, 2, '2014-10-08', 10.00),
(6052, 'дорога', 2, 3, '2014-10-08', 44.00),
(6053, 'духи', 2, 9, '2014-10-08', 100.00),
(6054, 'кофе чай', 2, 2, '2014-10-08', 82.00),
(6055, 'еда', 2, 2, '2014-10-08', 141.00),
(6056, 'брови', 2, 9, '2014-10-08', 60.00),
(6057, 'зп октябрь', 2, 6, '2014-09-10', 1000.00),
(6058, '2980 процент август', 2, 6, '2014-09-18', 2980.00),
(6059, 'Lunch', 1, 12, '2014-10-08', 27.00),
(6060, 'Car parts', 1, 7, '2014-10-08', 50.00),
(6061, 'Hotdog', 1, 12, '2014-10-09', 29.00),
(6062, 'джинсы', 2, 11, '2014-10-09', 200.00),
(6063, 'обед', 2, 2, '2014-10-09', 29.00),
(6064, 'Cig', 1, 8, '2014-10-09', 16.00),
(6065, 'хз', 2, 2, '2014-10-09', 18.00),
(6066, 'что-то', 2, 11, '2014-10-09', 764.00),
(6067, 'зп сентябрь', 2, 6, '2014-10-09', 1000.00),
(6068, 'Clever-team', 1, 7, '2014-10-09', 5805.00),
(6069, 'Food', 1, 2, '2014-10-09', 25.00),
(6070, 'Gas', 1, 3, '2014-10-10', 300.00),
(6071, 'Lunch', 1, 12, '2014-10-10', 24.00),
(6072, 'Bar', 1, 1, '2014-10-11', 50.00),
(6073, 'Cig, semki', 1, 8, '2014-10-11', 19.00),
(6074, 'Window cleaners', 1, 8, '2014-10-11', 130.00),
(6075, 'Memory card', 1, 8, '2014-10-12', 200.00),
(6076, 'Cig, beer', 1, 1, '2014-10-13', 22.00),
(6077, 'Lunch', 1, 12, '2014-10-13', 24.00),
(6078, 'казинаки', 2, 2, '2014-10-13', 10.00),
(6079, 'Lunch', 1, 12, '2014-10-14', 17.00),
(6080, 'зп', 2, 6, '2014-10-14', 2344.00),
(6081, ' Sweater', 1, 5, '2014-10-14', 389.00),
(6082, 'Food', 1, 2, '2014-10-14', 90.00),
(6083, 'ева', 2, 9, '2014-10-15', 87.00),
(6084, 'пополн счта', 2, 4, '2014-10-15', 42.00),
(6085, 'обед печенье', 2, 2, '2014-10-15', 41.00),
(6086, 'магазин', 2, 2, '2014-10-15', 68.00),
(6087, 'колледж артем', 2, 4, '2014-10-15', 100.00),
(6088, 'дорога', 2, 3, '2014-10-15', 39.00),
(6089, 'таблетки', 2, 9, '2014-10-15', 30.00),
(6090, 'пальто', 2, 11, '2014-10-15', 1499.00),
(6091, 'обед еда', 2, 2, '2014-10-15', 83.00),
(6092, 'Food', 1, 2, '2014-10-15', 11.00),
(6093, 'Lunch', 1, 12, '2014-10-16', 23.00),
(6094, 'Aquafin.od.ua', 1, 7, '2014-10-16', 4680.00),
(6095, 'eda', 2, 2, '2014-10-17', 55.00),
(6096, 'eva', 2, 9, '2014-10-17', 36.00),
(6097, 'печенье', 2, 2, '2014-10-17', 29.00),
(6098, 'обед', 2, 2, '2014-10-17', 13.00),
(6099, 'на блины', 2, 2, '2014-10-17', 20.00),
(6100, 'Cig', 1, 8, '2014-10-17', 21.00),
(6101, 'Cig', 1, 8, '2014-10-18', 16.00),
(6102, 'dr valik', 2, 4, '2014-10-20', 30.00),
(6103, 'дорога', 2, 3, '2014-10-20', 30.00),
(6104, 'умань', 2, 1, '2014-10-20', 200.00),
(6105, 'яблоки еда', 2, 2, '2014-10-20', 78.00),
(6106, 'дорога', 2, 3, '2014-10-20', 12.00),
(6107, 'сапогт', 2, 11, '2014-10-20', 668.00),
(6108, 'обед', 2, 2, '2014-10-20', 19.00),
(6109, 'Lunch', 1, 12, '2014-10-20', 30.00),
(6110, 'Cig', 1, 8, '2014-10-20', 16.00),
(6111, 'Food', 1, 2, '2014-10-20', 8.00),
(6112, 'Lunch', 1, 12, '2014-10-21', 33.00),
(6113, 'Gas', 1, 3, '2014-10-21', 300.00),
(6114, 'Lunch', 1, 12, '2014-10-22', 26.00),
(6115, 'Cig', 1, 8, '2014-10-22', 16.00),
(6116, 'Lunch', 1, 12, '2014-10-23', 17.00),
(6117, 'обед', 2, 2, '2014-10-24', 30.00),
(6118, 'прокладки', 2, 9, '2014-10-24', 60.00),
(6119, 'Cig', 1, 8, '2014-10-24', 13.00),
(6120, 'Lunch', 1, 12, '2014-10-24', 28.00),
(6121, 'Transit', 1, 3, '2014-10-25', 3.00),
(6122, 'DVI-VGA', 1, 8, '2014-10-25', 25.00),
(6123, 'Butter', 1, 2, '2014-10-25', 40.00),
(6124, 'Meat', 1, 2, '2014-10-25', 88.00),
(6125, 'Socks', 1, 5, '2014-10-25', 30.00);

-- --------------------------------------------------------

--
-- Table structure for table `modules`
--

CREATE TABLE IF NOT EXISTS `modules` (
  `id` int(11) NOT NULL AUTO_INCREMENT,
  `controller` varchar(128) NOT NULL,
  PRIMARY KEY (`id`)
) ENGINE=MyISAM DEFAULT CHARSET=utf8 AUTO_INCREMENT=1 ;

-- --------------------------------------------------------

--
-- Table structure for table `users`
--

CREATE TABLE IF NOT EXISTS `users` (
  `id` int(11) NOT NULL AUTO_INCREMENT,
  `login` varchar(64) NOT NULL,
  `password` varchar(256) NOT NULL,
  `name` varchar(128) NOT NULL,
  PRIMARY KEY (`id`)
) ENGINE=MyISAM  DEFAULT CHARSET=utf8 AUTO_INCREMENT=4 ;

--
-- Dumping data for table `users`
--

INSERT INTO `users` (`id`, `login`, `password`, `name`) VALUES
(1, 'follower', '8da90b1bdc70e59bd493e579aaa2316d', 'Vitaliy Malyshev'),
(2, 'vika000', '81dc9bdb52d04dc20036dbd8313ed055', 'Vika'),
(3, 'roma', '81dc9bdb52d04dc20036dbd8313ed055', 'Roma');

-- --------------------------------------------------------

--
-- Table structure for table `user_categories`
--

CREATE TABLE IF NOT EXISTS `user_categories` (
  `user_id` int(11) NOT NULL,
  `category_id` int(11) NOT NULL
) ENGINE=MyISAM DEFAULT CHARSET=latin1 COLLATE=latin1_general_ci;

--
-- Dumping data for table `user_categories`
--

INSERT INTO `user_categories` (`user_id`, `category_id`) VALUES
(1, 10),
(1, 8),
(1, 7),
(1, 6),
(1, 5),
(1, 4),
(1, 3),
(1, 2),
(2, 11),
(2, 10),
(2, 9),
(2, 8),
(2, 6),
(2, 4),
(2, 3),
(2, 2),
(2, 1),
(1, 1),
(1, 12),
(3, 4),
(3, 3),
(3, 2),
(3, 1),
(3, 5),
(3, 6),
(3, 7),
(3, 8),
(3, 9),
(3, 10),
(3, 11),
(3, 12);

/*!40101 SET CHARACTER_SET_CLIENT=@OLD_CHARACTER_SET_CLIENT */;
/*!40101 SET CHARACTER_SET_RESULTS=@OLD_CHARACTER_SET_RESULTS */;
/*!40101 SET COLLATION_CONNECTION=@OLD_COLLATION_CONNECTION */;
